Date,High,Low,Open,Close,Volume,Adj Close
2000-01-03,2.5,2.5,2.5,2.5,0.0,1.1458805799484253
2000-01-04,2.9000000953674316,2.9000000953674316,2.9000000953674316,2.9000000953674316,1.0,1.329221487045288
2000-01-05,3.0999999046325684,3.0999999046325684,3.0999999046325684,3.0999999046325684,1.0,1.4208920001983643
2000-01-06,2.549999952316284,2.549999952316284,2.549999952316284,2.549999952316284,0.0,1.1687982082366943
2000-01-07,2.549999952316284,2.549999952316284,2.549999952316284,2.549999952316284,0.0,1.1687982082366943
2000-01-10,2.5999999046325684,2.5999999046325684,2.5999999046325684,2.5999999046325684,0.0,1.1917158365249634
2000-01-11,2.549999952316284,2.549999952316284,2.549999952316284,2.549999952316284,0.0,1.1687982082366943
2000-01-12,2.5999999046325684,2.5999999046325684,2.5999999046325684,2.5999999046325684,0.0,1.1917158365249634
2000-01-13,3.0999999046325684,3.0999999046325684,3.0999999046325684,3.0999999046325684,2.0,1.4208920001983643
2000-01-14,3.0999999046325684,3.0999999046325684,3.0999999046325684,3.0999999046325684,2.0,1.4208920001983643
2000-01-17,2.549999952316284,2.549999952316284,2.549999952316284,2.549999952316284,0.0,1.1687982082366943
2000-01-18,2.549999952316284,2.549999952316284,2.549999952316284,2.549999952316284,0.0,1.1687982082366943
2000-01-19,2.549999952316284,2.549999952316284,2.549999952316284,2.549999952316284,0.0,1.1687982082366943
2000-01-20,2.549999952316284,2.549999952316284,2.549999952316284,2.549999952316284,0.0,1.1687982082366943
2000-01-21,2.549999952316284,2.549999952316284,2.549999952316284,2.549999952316284,0.0,1.1687982082366943
2000-01-24,2.5999999046325684,2.5999999046325684,2.5999999046325684,2.5999999046325684,0.0,1.1917158365249634
2000-01-25,2.5999999046325684,2.5999999046325684,2.5999999046325684,2.5999999046325684,0.0,1.1917158365249634
2000-01-26,2.5999999046325684,2.5999999046325684,2.5999999046325684,2.5999999046325684,0.0,1.1917158365249634
2000-01-27,2.5999999046325684,2.5999999046325684,2.5999999046325684,2.5999999046325684,0.0,1.1917158365249634
2000-01-28,2.5999999046325684,2.5999999046325684,2.5999999046325684,2.5999999046325684,0.0,1.1917158365249634
2000-01-31,2.549999952316284,2.549999952316284,2.549999952316284,2.549999952316284,0.0,1.1687982082366943
2000-02-01,3.819999933242798,3.819999933242798,3.819999933242798,3.819999933242798,0.0,1.7509055137634277
2000-02-02,2.549999952316284,2.549999952316284,2.549999952316284,2.549999952316284,0.0,1.1687982082366943
2000-02-03,2.549999952316284,2.549999952316284,2.549999952316284,2.549999952316284,0.0,1.1687982082366943
2000-02-04,2.549999952316284,2.549999952316284,2.549999952316284,2.549999952316284,0.0,1.1687982082366943
2000-02-07,2.549999952316284,2.549999952316284,2.549999952316284,2.549999952316284,0.0,1.1687982082366943
2000-02-08,2.549999952316284,2.549999952316284,2.549999952316284,2.549999952316284,0.0,1.1687982082366943
2000-02-09,2.549999952316284,2.549999952316284,2.549999952316284,2.549999952316284,0.0,1.1687982082366943
2000-02-10,2.549999952316284,2.549999952316284,2.549999952316284,2.549999952316284,0.0,1.1687982082366943
2000-02-11,2.549999952316284,2.549999952316284,2.549999952316284,2.549999952316284,0.0,1.1687982082366943
2000-02-14,2.549999952316284,2.549999952316284,2.549999952316284,2.549999952316284,0.0,1.1687982082366943
2000-02-15,2.549999952316284,2.549999952316284,2.549999952316284,2.549999952316284,0.0,1.1687982082366943
2000-02-16,2.549999952316284,2.549999952316284,2.549999952316284,2.549999952316284,0.0,1.1687982082366943
2000-02-17,2.549999952316284,2.549999952316284,2.549999952316284,2.549999952316284,0.0,1.1687982082366943
2000-02-18,2.549999952316284,2.549999952316284,2.549999952316284,2.549999952316284,0.0,1.1687982082366943
2000-02-21,2.549999952316284,2.549999952316284,2.549999952316284,2.549999952316284,0.0,1.1687982082366943
2000-02-22,2.549999952316284,2.549999952316284,2.549999952316284,2.549999952316284,0.0,1.1687982082366943
2000-02-23,2.549999952316284,2.549999952316284,2.549999952316284,2.549999952316284,0.0,1.1687982082366943
2000-02-24,2.549999952316284,2.549999952316284,2.549999952316284,2.549999952316284,0.0,1.1687982082366943
2000-02-25,2.549999952316284,2.549999952316284,2.549999952316284,2.549999952316284,0.0,1.1687982082366943
2000-02-28,2.549999952316284,2.549999952316284,2.549999952316284,2.549999952316284,0.0,1.1687982082366943
2000-02-29,2.549999952316284,2.549999952316284,2.549999952316284,2.549999952316284,0.0,1.1687982082366943
2000-03-01,2.549999952316284,2.549999952316284,2.549999952316284,2.549999952316284,0.0,1.1687982082366943
2000-03-02,2.549999952316284,2.549999952316284,2.549999952316284,2.549999952316284,0.0,1.1687982082366943
2000-03-03,2.549999952316284,2.549999952316284,2.549999952316284,2.549999952316284,0.0,1.1687982082366943
2000-03-06,2.549999952316284,2.549999952316284,2.549999952316284,2.549999952316284,0.0,1.1687982082366943
2000-03-07,2.549999952316284,2.549999952316284,2.549999952316284,2.549999952316284,0.0,1.1687982082366943
2000-03-08,2.549999952316284,2.549999952316284,2.549999952316284,2.549999952316284,0.0,1.1687982082366943
2000-03-09,2.549999952316284,2.549999952316284,2.549999952316284,2.549999952316284,0.0,1.1687982082366943
2000-03-10,2.549999952316284,2.549999952316284,2.549999952316284,2.549999952316284,0.0,1.1687982082366943
2000-03-13,2.549999952316284,2.549999952316284,2.549999952316284,2.549999952316284,0.0,1.1687982082366943
2000-03-14,2.0199999809265137,2.0199999809265137,2.0199999809265137,2.0199999809265137,0.0,0.9258714914321899
2000-03-15,2.0399999618530273,2.0399999618530273,2.0399999618530273,2.0399999618530273,0.0,0.9350385069847107
2000-03-16,2.0,2.0,2.0,2.0,0.0,0.9167044162750244
2000-03-17,1.899999976158142,1.899999976158142,1.899999976158142,1.899999976158142,0.0,0.8708692789077759
2000-03-20,1.899999976158142,1.899999976158142,1.899999976158142,1.899999976158142,0.0,0.8708692789077759
2000-03-21,1.899999976158142,1.899999976158142,1.899999976158142,1.899999976158142,0.0,0.8708692789077759
2000-03-22,2.0,2.0,2.0,2.0,0.0,0.9167044162750244
2000-03-23,2.0,2.0,2.0,2.0,0.0,0.9167044162750244
2000-03-24,2.0,2.0,2.0,2.0,0.0,0.9167044162750244
2000-03-27,2.0,2.0,2.0,2.0,0.0,0.9167044162750244
2000-03-28,2.0,2.0,2.0,2.0,0.0,0.9167044162750244
2000-03-29,2.0,2.0,2.0,2.0,0.0,0.9167044162750244
2000-03-30,2.0,2.0,2.0,2.0,0.0,0.9167044162750244
2000-03-31,2.5299999713897705,2.5299999713897705,2.5299999713897705,2.5299999713897705,0.0,1.1596310138702393
2000-04-03,3.5999999046325684,3.5999999046325684,3.5999999046325684,3.5999999046325684,0.0,1.6500681638717651
2000-04-04,3.25,3.25,3.25,3.25,0.0,1.4896445274353027
2000-04-05,3.5299999713897705,3.5299999713897705,3.5299999713897705,3.5299999713897705,1.0,1.617983341217041
2000-04-06,3.5299999713897705,3.5299999713897705,3.5299999713897705,3.5299999713897705,0.0,1.617983341217041
2000-04-07,3.7100000381469727,3.7100000381469727,3.7100000381469727,3.7100000381469727,0.0,1.7004868984222412
2000-04-10,3.799999952316284,3.799999952316284,3.799999952316284,3.799999952316284,0.0,1.7417385578155518
2000-04-11,3.7100000381469727,3.7100000381469727,3.7100000381469727,3.7100000381469727,0.0,1.7004868984222412
2000-04-12,4.099999904632568,4.099999904632568,4.099999904632568,4.099999904632568,0.0,1.879244327545166
2000-04-13,3.799999952316284,3.799999952316284,3.799999952316284,3.799999952316284,0.0,1.7417385578155518
2000-04-14,3.799999952316284,3.799999952316284,3.799999952316284,3.799999952316284,0.0,1.7417385578155518
2000-04-17,1.0,1.0,1.0,1.0,0.0,0.4583522081375122
2000-04-18,1.0,1.0,1.0,1.0,0.0,0.4583522081375122
2000-04-19,1.0,1.0,1.0,1.0,0.0,0.4583522081375122
2000-04-20,3.200000047683716,3.200000047683716,3.200000047683716,3.200000047683716,0.0,1.4667271375656128
2000-04-21,3.200000047683716,3.200000047683716,3.200000047683716,3.200000047683716,0.0,1.4667271375656128
2000-04-24,3.200000047683716,3.200000047683716,3.200000047683716,3.200000047683716,0.0,1.4667271375656128
2000-04-25,4.199999809265137,4.199999809265137,4.199999809265137,4.199999809265137,0.0,1.9250792264938354
2000-04-26,4.5,4.5,4.5,4.5,0.0,2.0625851154327393
2000-04-27,4.5,4.5,4.5,4.5,0.0,2.0625851154327393
2000-04-28,4.5,4.5,4.5,4.5,0.0,2.0625851154327393
2000-05-01,4.5,4.5,4.5,4.5,0.0,2.0625851154327393
2000-05-02,4.5,4.5,4.5,4.5,0.0,2.0625851154327393
2000-05-03,4.5,4.5,4.5,4.5,0.0,2.0625851154327393
2000-05-04,4.699999809265137,4.699999809265137,4.699999809265137,4.699999809265137,0.0,2.1542553901672363
2000-05-05,4.699999809265137,4.699999809265137,4.699999809265137,4.699999809265137,0.0,2.1542553901672363
2000-05-08,4.699999809265137,4.699999809265137,4.699999809265137,4.699999809265137,0.0,2.1542553901672363
2000-05-09,4.699999809265137,4.699999809265137,4.699999809265137,4.699999809265137,0.0,2.1542553901672363
2000-05-10,4.699999809265137,4.699999809265137,4.699999809265137,4.699999809265137,0.0,2.1542553901672363
2000-05-11,4.699999809265137,4.699999809265137,4.699999809265137,4.699999809265137,0.0,2.1542553901672363
2000-05-12,4.699999809265137,4.699999809265137,4.699999809265137,4.699999809265137,0.0,2.1542553901672363
2000-05-15,4.699999809265137,4.699999809265137,4.699999809265137,4.699999809265137,0.0,2.1542553901672363
2000-05-16,4.699999809265137,4.699999809265137,4.699999809265137,4.699999809265137,0.0,2.1542553901672363
2000-05-17,4.699999809265137,4.699999809265137,4.699999809265137,4.699999809265137,0.0,2.1542553901672363
2000-05-18,4.699999809265137,4.699999809265137,4.699999809265137,4.699999809265137,0.0,2.1542553901672363
2000-05-19,4.699999809265137,4.699999809265137,4.699999809265137,4.699999809265137,0.0,2.1542553901672363
2000-05-22,4.699999809265137,4.699999809265137,4.699999809265137,4.699999809265137,0.0,2.1542553901672363
2000-05-23,4.699999809265137,4.699999809265137,4.699999809265137,4.699999809265137,0.0,2.1542553901672363
2000-05-24,4.699999809265137,4.699999809265137,4.699999809265137,4.699999809265137,0.0,2.1542553901672363
2000-05-25,4.699999809265137,4.699999809265137,4.699999809265137,4.699999809265137,0.0,2.1542553901672363
2000-05-26,4.699999809265137,4.699999809265137,4.699999809265137,4.699999809265137,0.0,2.1542553901672363
2000-05-29,4.699999809265137,4.699999809265137,4.699999809265137,4.699999809265137,0.0,2.1542553901672363
2000-05-30,4.699999809265137,4.699999809265137,4.699999809265137,4.699999809265137,0.0,2.1542553901672363
2000-05-31,4.699999809265137,4.699999809265137,4.699999809265137,4.699999809265137,0.0,2.1542553901672363
2000-06-01,4.699999809265137,4.699999809265137,4.699999809265137,4.699999809265137,0.0,2.1542553901672363
2000-06-02,4.699999809265137,4.699999809265137,4.699999809265137,4.699999809265137,0.0,2.1542553901672363
2000-06-05,4.699999809265137,4.699999809265137,4.699999809265137,4.699999809265137,0.0,2.1542553901672363
2000-06-06,4.699999809265137,4.699999809265137,4.699999809265137,4.699999809265137,0.0,2.1542553901672363
2000-06-07,4.699999809265137,4.699999809265137,4.699999809265137,4.699999809265137,0.0,2.1542553901672363
2000-06-08,4.699999809265137,4.699999809265137,4.699999809265137,4.699999809265137,0.0,2.1542553901672363
2000-06-09,4.699999809265137,4.699999809265137,4.699999809265137,4.699999809265137,0.0,2.1542553901672363
2000-06-12,4.699999809265137,4.699999809265137,4.699999809265137,4.699999809265137,0.0,2.1542553901672363
2000-06-13,4.699999809265137,4.699999809265137,4.699999809265137,4.699999809265137,0.0,2.1542553901672363
2000-06-14,4.699999809265137,4.699999809265137,4.699999809265137,4.699999809265137,0.0,2.1542553901672363
2000-06-15,4.699999809265137,4.699999809265137,4.699999809265137,4.699999809265137,0.0,2.1542553901672363
2000-06-16,4.699999809265137,4.699999809265137,4.699999809265137,4.699999809265137,0.0,2.1542553901672363
2000-06-19,4.699999809265137,4.699999809265137,4.699999809265137,4.699999809265137,0.0,2.1542553901672363
2000-06-20,4.699999809265137,4.699999809265137,4.699999809265137,4.699999809265137,0.0,2.1542553901672363
2000-06-21,4.699999809265137,4.699999809265137,4.699999809265137,4.699999809265137,0.0,2.1542553901672363
2000-06-22,4.699999809265137,4.699999809265137,4.699999809265137,4.699999809265137,0.0,2.1542553901672363
2000-06-23,4.699999809265137,4.699999809265137,4.699999809265137,4.699999809265137,0.0,2.1542553901672363
2000-06-26,3.0,3.0,3.0,3.0,0.0,1.3750566244125366
2000-06-27,3.0,3.0,3.0,3.0,0.0,1.3750566244125366
2000-06-28,3.200000047683716,3.200000047683716,3.200000047683716,3.200000047683716,0.0,1.4667271375656128
2000-06-29,3.0,3.0,3.0,3.0,0.0,1.3750566244125366
2000-06-30,3.0,3.0,3.0,3.0,0.0,1.3750566244125366
2000-07-03,3.0,3.0,3.0,3.0,0.0,1.3750566244125366
2000-07-04,3.0,3.0,3.0,3.0,0.0,1.3750566244125366
2000-07-05,3.0,3.0,3.0,3.0,0.0,1.3750566244125366
2000-07-06,3.200000047683716,3.200000047683716,3.200000047683716,3.200000047683716,0.0,1.4667271375656128
2000-07-07,3.0,3.0,3.0,3.0,0.0,1.3750566244125366
2000-07-10,3.0,3.0,3.0,3.0,0.0,1.3750566244125366
2000-07-11,3.0,3.0,3.0,3.0,0.0,1.3750566244125366
2000-07-12,3.0,3.0,3.0,3.0,0.0,1.3750566244125366
2000-07-13,3.0,3.0,3.0,3.0,0.0,1.3750566244125366
2000-07-14,3.0,3.0,3.0,3.0,0.0,1.3750566244125366
2000-07-17,3.0,3.0,3.0,3.0,0.0,1.3750566244125366
2000-07-18,3.0,3.0,3.0,3.0,0.0,1.3750566244125366
2000-07-19,3.0,3.0,3.0,3.0,0.0,1.3750566244125366
2000-07-20,3.0,3.0,3.0,3.0,0.0,1.3750566244125366
2000-07-21,3.0,3.0,3.0,3.0,0.0,1.3750566244125366
2000-07-24,3.0,3.0,3.0,3.0,0.0,1.3750566244125366
2000-07-25,3.0,3.0,3.0,3.0,0.0,1.3750566244125366
2000-07-26,3.0,3.0,3.0,3.0,0.0,1.3750566244125366
2000-07-27,3.0,3.0,3.0,3.0,0.0,1.3750566244125366
2000-07-28,3.0,3.0,3.0,3.0,0.0,1.3750566244125366
2000-07-31,3.0,3.0,3.0,3.0,0.0,1.3750566244125366
2000-08-01,3.0,3.0,3.0,3.0,0.0,1.3750566244125366
2000-08-02,4.059999942779541,4.059999942779541,4.059999942779541,4.059999942779541,0.0,1.8609099388122559
2000-08-03,4.059999942779541,4.059999942779541,4.059999942779541,4.059999942779541,0.0,1.8609099388122559
2000-08-04,4.800000190734863,4.800000190734863,4.800000190734863,4.800000190734863,0.0,2.2000906467437744
2000-08-07,3.5,3.5,3.5,3.5,0.0,1.6042325496673584
2000-08-08,4.900000095367432,4.900000095367432,4.900000095367432,4.900000095367432,3.0,2.2459259033203125
2000-08-09,4.900000095367432,4.900000095367432,4.900000095367432,4.900000095367432,0.0,2.2459259033203125
2000-08-10,4.900000095367432,4.900000095367432,4.900000095367432,4.900000095367432,0.0,2.2459259033203125
2000-08-11,4.900000095367432,4.900000095367432,4.900000095367432,4.900000095367432,0.0,2.2459259033203125
2000-08-14,4.900000095367432,4.900000095367432,4.900000095367432,4.900000095367432,0.0,2.2459259033203125
2000-08-15,4.900000095367432,4.900000095367432,4.900000095367432,4.900000095367432,0.0,2.2459259033203125
2000-08-16,4.900000095367432,4.900000095367432,4.900000095367432,4.900000095367432,0.0,2.2459259033203125
2000-08-17,4.900000095367432,4.900000095367432,4.900000095367432,4.900000095367432,0.0,2.2459259033203125
2000-08-18,4.900000095367432,4.900000095367432,4.900000095367432,4.900000095367432,0.0,2.2459259033203125
2000-08-21,4.900000095367432,4.900000095367432,4.900000095367432,4.900000095367432,0.0,2.2459259033203125
2000-08-22,4.900000095367432,4.900000095367432,4.900000095367432,4.900000095367432,0.0,2.2459259033203125
2000-08-23,4.900000095367432,4.900000095367432,4.900000095367432,4.900000095367432,0.0,2.2459259033203125
2000-08-24,4.900000095367432,4.900000095367432,4.900000095367432,4.900000095367432,0.0,2.2459259033203125
2000-08-25,4.900000095367432,4.900000095367432,4.900000095367432,4.900000095367432,0.0,2.2459259033203125
2000-08-28,4.900000095367432,4.900000095367432,4.900000095367432,4.900000095367432,0.0,2.2459259033203125
2000-08-29,4.590000152587891,4.590000152587891,4.590000152587891,4.590000152587891,1.0,2.103837013244629
2000-08-30,4.590000152587891,4.590000152587891,4.590000152587891,4.590000152587891,0.0,2.103837013244629
2000-08-31,4.590000152587891,4.590000152587891,4.590000152587891,4.590000152587891,0.0,2.103837013244629
2000-09-01,4.590000152587891,4.590000152587891,4.590000152587891,4.590000152587891,0.0,2.103837013244629
2000-09-04,4.590000152587891,4.590000152587891,4.590000152587891,4.590000152587891,0.0,2.103837013244629
2000-09-05,4.590000152587891,4.590000152587891,4.590000152587891,4.590000152587891,0.0,2.103837013244629
2000-09-06,4.590000152587891,4.590000152587891,4.590000152587891,4.590000152587891,0.0,2.103837013244629
2000-09-07,4.590000152587891,4.590000152587891,4.590000152587891,4.590000152587891,0.0,2.103837013244629
2000-09-08,4.400000095367432,4.400000095367432,4.400000095367432,4.400000095367432,2.0,2.016749858856201
2000-09-11,4.800000190734863,4.800000190734863,4.800000190734863,4.800000190734863,0.0,2.2000906467437744
2000-09-12,4.800000190734863,4.800000190734863,4.800000190734863,4.800000190734863,0.0,2.2000906467437744
2000-09-13,4.800000190734863,4.800000190734863,4.800000190734863,4.800000190734863,0.0,2.2000906467437744
2000-09-14,4.800000190734863,4.800000190734863,4.800000190734863,4.800000190734863,0.0,2.2000906467437744
2000-09-15,4.800000190734863,4.800000190734863,4.800000190734863,4.800000190734863,0.0,2.2000906467437744
2000-09-18,4.800000190734863,4.800000190734863,4.800000190734863,4.800000190734863,0.0,2.2000906467437744
2000-09-19,4.800000190734863,4.800000190734863,4.800000190734863,4.800000190734863,0.0,2.2000906467437744
2000-09-20,4.800000190734863,4.800000190734863,4.800000190734863,4.800000190734863,0.0,2.2000906467437744
2000-09-21,4.800000190734863,4.800000190734863,4.800000190734863,4.800000190734863,0.0,2.2000906467437744
2000-09-22,4.800000190734863,4.800000190734863,4.800000190734863,4.800000190734863,0.0,2.2000906467437744
2000-09-25,4.800000190734863,4.800000190734863,4.800000190734863,4.800000190734863,0.0,2.2000906467437744
2000-09-26,4.800000190734863,4.800000190734863,4.800000190734863,4.800000190734863,0.0,2.2000906467437744
2000-09-27,4.800000190734863,4.800000190734863,4.800000190734863,4.800000190734863,0.0,2.2000906467437744
2000-09-28,4.800000190734863,4.800000190734863,4.800000190734863,4.800000190734863,0.0,2.2000906467437744
2000-09-29,4.800000190734863,4.800000190734863,4.800000190734863,4.800000190734863,0.0,2.2000906467437744
2000-10-02,4.800000190734863,4.800000190734863,4.800000190734863,4.800000190734863,0.0,2.2000906467437744
2000-10-03,4.800000190734863,4.800000190734863,4.800000190734863,4.800000190734863,0.0,2.2000906467437744
2000-10-04,4.800000190734863,4.800000190734863,4.800000190734863,4.800000190734863,0.0,2.2000906467437744
2000-10-05,4.800000190734863,4.800000190734863,4.800000190734863,4.800000190734863,0.0,2.2000906467437744
2000-10-06,4.800000190734863,4.800000190734863,4.800000190734863,4.800000190734863,0.0,2.2000906467437744
2000-10-09,4.800000190734863,4.800000190734863,4.800000190734863,4.800000190734863,0.0,2.2000906467437744
2000-10-10,4.800000190734863,4.800000190734863,4.800000190734863,4.800000190734863,0.0,2.2000906467437744
2000-10-11,4.800000190734863,4.800000190734863,4.800000190734863,4.800000190734863,0.0,2.2000906467437744
2000-10-12,4.800000190734863,4.800000190734863,4.800000190734863,4.800000190734863,0.0,2.2000906467437744
2000-10-13,4.800000190734863,4.800000190734863,4.800000190734863,4.800000190734863,0.0,2.2000906467437744
2000-10-16,4.800000190734863,4.800000190734863,4.800000190734863,4.800000190734863,0.0,2.2000906467437744
2000-10-17,4.800000190734863,4.800000190734863,4.800000190734863,4.800000190734863,0.0,2.2000906467437744
2000-10-18,4.800000190734863,4.800000190734863,4.800000190734863,4.800000190734863,0.0,2.2000906467437744
2000-10-19,4.800000190734863,4.800000190734863,4.800000190734863,4.800000190734863,0.0,2.2000906467437744
2000-10-20,4.800000190734863,4.800000190734863,4.800000190734863,4.800000190734863,0.0,2.2000906467437744
2000-10-23,4.800000190734863,4.800000190734863,4.800000190734863,4.800000190734863,0.0,2.2000906467437744
2000-10-24,4.800000190734863,4.800000190734863,4.800000190734863,4.800000190734863,0.0,2.2000906467437744
2000-10-25,4.800000190734863,4.800000190734863,4.800000190734863,4.800000190734863,0.0,2.2000906467437744
2000-10-26,4.800000190734863,4.800000190734863,4.800000190734863,4.800000190734863,0.0,2.2000906467437744
2000-10-27,4.800000190734863,4.800000190734863,4.800000190734863,4.800000190734863,0.0,2.2000906467437744
2000-10-30,4.800000190734863,4.800000190734863,4.800000190734863,4.800000190734863,0.0,2.2000906467437744
2000-10-31,4.800000190734863,4.800000190734863,4.800000190734863,4.800000190734863,0.0,2.2000906467437744
2000-11-01,4.800000190734863,4.800000190734863,4.800000190734863,4.800000190734863,0.0,2.2000906467437744
2000-11-02,4.800000190734863,4.800000190734863,4.800000190734863,4.800000190734863,0.0,2.2000906467437744
2000-11-03,4.800000190734863,4.800000190734863,4.800000190734863,4.800000190734863,0.0,2.2000906467437744
2000-11-06,4.800000190734863,4.800000190734863,4.800000190734863,4.800000190734863,1.0,2.2000906467437744
2000-11-07,4.800000190734863,4.800000190734863,4.800000190734863,4.800000190734863,0.0,2.2000906467437744
2000-11-08,4.800000190734863,4.800000190734863,4.800000190734863,4.800000190734863,0.0,2.2000906467437744
2000-11-09,4.800000190734863,4.800000190734863,4.800000190734863,4.800000190734863,0.0,2.2000906467437744
2000-11-10,5.699999809265137,5.699999809265137,5.699999809265137,5.699999809265137,0.0,2.61260724067688
2000-11-13,5.699999809265137,5.699999809265137,5.699999809265137,5.699999809265137,0.0,2.61260724067688
2000-11-14,5.699999809265137,5.699999809265137,5.699999809265137,5.699999809265137,0.0,2.61260724067688
2000-11-15,5.699999809265137,5.699999809265137,5.699999809265137,5.699999809265137,0.0,2.61260724067688
2000-11-16,5.75,5.75,5.75,5.75,0.0,2.6355254650115967
2000-11-17,3.0,3.0,3.0,3.0,0.0,1.3750566244125366
2000-11-20,3.0,3.0,3.0,3.0,0.0,1.3750566244125366
2000-11-21,3.0,3.0,3.0,3.0,0.0,1.3750566244125366
2000-11-22,3.0,3.0,3.0,3.0,0.0,1.3750566244125366
2000-11-23,3.0,3.0,3.0,3.0,0.0,1.3750566244125366
2000-11-24,3.0,3.0,3.0,3.0,0.0,1.3750566244125366
2000-11-27,3.0,3.0,3.0,3.0,0.0,1.3750566244125366
2000-11-28,3.0,3.0,3.0,3.0,0.0,1.3750566244125366
2000-11-29,3.0,3.0,3.0,3.0,0.0,1.3750566244125366
2000-11-30,3.0,3.0,3.0,3.0,0.0,1.3750566244125366
2000-12-01,3.0,3.0,3.0,3.0,0.0,1.3750566244125366
2000-12-04,3.0,3.0,3.0,3.0,0.0,1.3750566244125366
2000-12-05,3.0,3.0,3.0,3.0,0.0,1.3750566244125366
2000-12-06,3.0,3.0,3.0,3.0,0.0,1.3750566244125366
2000-12-07,5.730000019073486,5.730000019073486,5.730000019073486,5.730000019073486,0.0,2.6263585090637207
2000-12-08,5.730000019073486,5.730000019073486,5.730000019073486,5.730000019073486,0.0,2.6263585090637207
2000-12-11,6.199999809265137,6.199999809265137,6.199999809265137,6.199999809265137,0.0,2.8417840003967285
2000-12-12,6.199999809265137,6.199999809265137,6.199999809265137,6.199999809265137,0.0,2.8417840003967285
2000-12-13,6.199999809265137,6.199999809265137,6.199999809265137,6.199999809265137,0.0,2.8417840003967285
2000-12-14,5.989999771118164,5.989999771118164,5.989999771118164,5.989999771118164,0.0,2.745529890060425
2000-12-15,5.0,5.0,5.0,5.0,2.0,2.2917611598968506
2000-12-18,4.0,4.0,4.0,4.0,0.0,1.8334088325500488
2000-12-19,4.0,4.0,4.0,4.0,0.0,1.8334088325500488
2000-12-20,4.0,4.0,4.0,4.0,0.0,1.8334088325500488
2000-12-21,4.0,4.0,4.0,4.0,0.0,1.8334088325500488
2000-12-22,4.25,4.25,4.25,4.25,1.0,1.9479968547821045
2000-12-25,4.25,4.25,4.25,4.25,0.0,1.9479968547821045
2000-12-26,4.25,4.25,4.25,4.25,0.0,1.9479968547821045
2000-12-27,4.25,4.25,4.25,4.25,0.0,1.9479968547821045
2000-12-28,4.25,4.25,4.25,4.25,0.0,1.9479968547821045
2000-12-29,4.25,4.25,4.25,4.25,0.0,1.9479968547821045
2001-01-01,4.25,4.25,4.25,4.25,0.0,1.9479968547821045
2001-01-02,4.25,4.25,4.25,4.25,0.0,1.9479968547821045
2001-01-03,4.25,4.25,4.25,4.25,0.0,1.9479968547821045
2001-01-04,4.25,4.25,4.25,4.25,0.0,1.9479968547821045
2001-01-05,4.25,4.25,4.25,4.25,0.0,1.9479968547821045
2001-01-08,4.25,4.25,4.25,4.25,0.0,1.9479968547821045
2001-01-09,4.25,4.25,4.25,4.25,0.0,1.9479968547821045
2001-01-10,4.25,4.25,4.25,4.25,0.0,1.9479968547821045
2001-01-11,4.25,4.25,4.25,4.25,0.0,1.9479968547821045
2001-01-12,4.5,4.5,4.5,4.5,4.0,2.0625851154327393
2001-01-15,4.5,4.5,4.5,4.5,0.0,2.0625851154327393
2001-01-16,4.5,4.5,4.5,4.5,0.0,2.0625851154327393
2001-01-17,5.010000228881836,5.010000228881836,5.010000228881836,5.010000228881836,0.0,2.296344518661499
2001-01-18,5.489999771118164,5.489999771118164,5.489999771118164,5.489999771118164,1.0,2.5163538455963135
2001-01-19,5.5,5.5,5.5,5.5,1.0,2.520937442779541
2001-01-22,5.5,5.5,5.5,5.5,0.0,2.520937442779541
2001-01-23,5.5,5.5,5.5,5.5,1.0,2.520937442779541
2001-01-24,5.5,5.5,5.5,5.5,1.0,2.520937442779541
2001-01-25,5.5,5.5,5.5,5.5,0.0,2.520937442779541
2001-01-26,5.25,5.25,5.25,5.25,0.0,2.4063491821289062
2001-01-29,5.5,5.5,5.5,5.5,0.0,2.520937442779541
2001-01-30,5.0,5.0,5.0,5.0,0.0,2.2917611598968506
2001-01-31,5.0,5.0,5.0,5.0,0.0,2.2917611598968506
2001-02-01,4.5,4.5,4.5,4.5,0.0,2.0625851154327393
2001-02-02,4.5,4.5,4.5,4.5,0.0,2.0625851154327393
2001-02-05,4.5,4.5,4.5,4.5,0.0,2.0625851154327393
2001-02-06,4.5,4.5,4.5,4.5,0.0,2.0625851154327393
2001-02-07,4.5,4.5,4.5,4.5,0.0,2.0625851154327393
2001-02-08,4.5,4.5,4.5,4.5,0.0,2.0625851154327393
2001-02-09,4.599999904632568,4.599999904632568,4.599999904632568,4.599999904632568,0.0,2.1084203720092773
2001-02-12,4.550000190734863,4.550000190734863,4.550000190734863,4.550000190734863,0.0,2.085502862930298
2001-02-13,5.5,5.5,5.5,5.5,1.0,2.520937442779541
2001-02-14,4.25,4.25,4.25,4.25,0.0,1.9479968547821045
2001-02-15,5.5,5.5,5.5,5.5,0.0,2.520937442779541
2001-02-16,5.5,5.5,5.5,5.5,0.0,2.520937442779541
2001-02-19,4.25,4.25,4.25,4.25,0.0,1.9479968547821045
2001-02-20,4.25,4.25,4.25,4.25,0.0,1.9479968547821045
2001-02-21,4.25,4.25,4.25,4.25,0.0,1.9479968547821045
2001-02-22,4.260000228881836,4.260000228881836,4.260000228881836,4.260000228881836,0.0,1.9525806903839111
2001-02-23,4.25,4.25,4.25,4.25,0.0,1.9479968547821045
2001-02-26,4.25,4.25,4.25,4.25,0.0,1.9479968547821045
2001-02-27,4.25,4.25,4.25,4.25,0.0,1.9479968547821045
2001-02-28,4.25,4.25,4.25,4.25,0.0,1.9479968547821045
2001-03-01,4.25,4.25,4.25,4.25,0.0,1.9479968547821045
2001-03-02,4.25,4.25,4.25,4.25,0.0,1.9479968547821045
2001-03-05,4.5,4.5,4.5,4.5,0.0,2.0625851154327393
2001-03-06,4.25,4.25,4.25,4.25,0.0,1.9479968547821045
2001-03-07,4.25,4.25,4.25,4.25,0.0,1.9479968547821045
2001-03-08,4.25,4.25,4.25,4.25,0.0,1.9479968547821045
2001-03-09,4.25,4.25,4.25,4.25,0.0,1.9479968547821045
2001-03-12,4.25,4.25,4.25,4.25,0.0,1.9479968547821045
2001-03-13,4.25,4.25,4.25,4.25,0.0,1.9479968547821045
2001-03-14,4.25,4.25,4.25,4.25,0.0,1.9479968547821045
2001-03-15,4.25,4.25,4.25,4.25,0.0,1.9479968547821045
2001-03-16,4.25,4.25,4.25,4.25,0.0,1.9479968547821045
2001-03-19,4.25,4.25,4.25,4.25,0.0,1.9479968547821045
2001-03-20,4.25,4.25,4.25,4.25,0.0,1.9479968547821045
2001-03-21,4.25,4.25,4.25,4.25,0.0,1.9479968547821045
2001-03-22,4.25,4.25,4.25,4.25,0.0,1.9479968547821045
2001-03-23,4.25,4.25,4.25,4.25,0.0,1.9479968547821045
2001-03-26,4.25,4.25,4.25,4.25,0.0,1.9479968547821045
2001-03-27,4.25,4.25,4.25,4.25,0.0,1.9479968547821045
2001-03-28,4.25,4.25,4.25,4.25,0.0,1.9479968547821045
2001-03-29,4.5,4.5,4.5,4.5,0.0,2.0625851154327393
2001-03-30,4.5,4.5,4.5,4.5,0.0,2.0625851154327393
2001-04-02,4.25,4.25,4.25,4.25,0.0,1.9479968547821045
2001-04-03,4.0,4.0,4.0,4.0,0.0,1.8334088325500488
2001-04-04,4.0,4.0,4.0,4.0,0.0,1.8334088325500488
2001-04-05,4.0,4.0,4.0,4.0,0.0,1.8334088325500488
2001-04-06,4.0,4.0,4.0,4.0,0.0,1.8334088325500488
2001-04-09,4.5,4.5,4.5,4.5,1.0,2.0625851154327393
2001-04-10,4.75,4.75,4.75,4.75,0.0,2.177172899246216
2001-04-11,4.75,4.75,4.75,4.75,1.0,2.177172899246216
2001-04-12,4.5,4.5,4.5,4.5,0.0,2.0625851154327393
2001-04-13,4.5,4.5,4.5,4.5,0.0,2.0625851154327393
2001-04-16,4.5,4.5,4.5,4.5,0.0,2.0625851154327393
2001-04-17,4.5,4.5,4.5,4.5,0.0,2.0625851154327393
2001-04-18,4.5,4.5,4.5,4.5,0.0,2.0625851154327393
2001-04-19,4.5,4.5,4.5,4.5,0.0,2.0625851154327393
2001-04-20,4.5,4.5,4.5,4.5,0.0,2.0625851154327393
2001-04-23,4.5,4.5,4.5,4.5,0.0,2.0625851154327393
2001-04-24,4.5,4.5,4.5,4.5,0.0,2.0625851154327393
2001-04-25,4.5,4.5,4.5,4.5,0.0,2.0625851154327393
2001-04-26,4.5,4.5,4.5,4.5,0.0,2.0625851154327393
2001-04-27,4.5,4.5,4.5,4.5,0.0,2.0625851154327393
2001-04-30,4.0,4.0,4.0,4.0,0.0,1.8334088325500488
2001-05-01,4.0,4.0,4.0,4.0,0.0,1.8334088325500488
2001-05-02,4.0,4.0,4.0,4.0,0.0,1.8334088325500488
2001-05-03,4.0,4.0,4.0,4.0,0.0,1.8334088325500488
2001-05-04,4.5,4.5,4.5,4.5,0.0,2.0625851154327393
2001-05-07,4.5,4.5,4.5,4.5,2.0,2.0625851154327393
2001-05-08,4.25,4.25,4.25,4.25,2.0,1.9479968547821045
2001-05-09,4.25,4.25,4.25,4.25,0.0,1.9479968547821045
2001-05-10,4.25,4.25,4.25,4.25,1.0,1.9479968547821045
2001-05-11,4.25,4.25,4.25,4.25,1.0,1.9479968547821045
2001-05-14,4.25,4.25,4.25,4.25,0.0,1.9479968547821045
2001-05-15,4.210000038146973,4.210000038146973,4.210000038146973,4.210000038146973,2.0,1.929663062095642
2001-05-16,4.199999809265137,4.199999809265137,4.199999809265137,4.199999809265137,0.0,1.9250792264938354
2001-05-17,4.25,4.25,4.25,4.25,0.0,1.9479968547821045
2001-05-18,3.5,3.5,3.5,3.5,0.0,1.6042325496673584
2001-05-21,4.199999809265137,4.199999809265137,4.199999809265137,4.199999809265137,0.0,1.9250792264938354
2001-05-22,4.210000038146973,4.210000038146973,4.210000038146973,4.210000038146973,0.0,1.929663062095642
2001-05-23,4.5,4.5,4.5,4.5,0.0,2.0625851154327393
2001-05-24,4.5,4.5,4.5,4.5,0.0,2.0625851154327393
2001-05-25,4.5,4.5,4.5,4.5,0.0,2.0625851154327393
2001-05-28,4.5,4.5,4.5,4.5,0.0,2.0625851154327393
2001-05-29,4.5,4.5,4.5,4.5,0.0,2.0625851154327393
2001-05-30,4.5,4.5,4.5,4.5,0.0,2.0625851154327393
2001-05-31,4.5,4.5,4.5,4.5,0.0,2.0625851154327393
2001-06-01,4.5,4.5,4.5,4.5,0.0,2.0625851154327393
2001-06-04,4.5,4.5,4.5,4.5,0.0,2.0625851154327393
2001-06-05,4.5,4.5,4.5,4.5,0.0,2.0625851154327393
2001-06-06,4.5,4.5,4.5,4.5,0.0,2.0625851154327393
2001-06-07,4.5,4.5,4.5,4.5,0.0,2.0625851154327393
2001-06-08,4.5,4.5,4.5,4.5,0.0,2.0625851154327393
2001-06-11,4.5,4.5,4.5,4.5,0.0,2.0625851154327393
2001-06-12,4.5,4.5,4.5,4.5,0.0,2.0625851154327393
2001-06-13,4.5,4.5,4.5,4.5,0.0,2.0625851154327393
2001-06-14,4.5,4.5,4.5,4.5,0.0,2.0625851154327393
2001-06-15,4.5,4.5,4.5,4.5,0.0,2.0625851154327393
2001-06-18,4.5,4.5,4.5,4.5,0.0,2.0625851154327393
2001-06-19,4.5,4.5,4.5,4.5,0.0,2.0625851154327393
2001-06-20,4.5,4.5,4.5,4.5,0.0,2.0625851154327393
2001-06-21,4.5,4.5,4.5,4.5,0.0,2.0625851154327393
2001-06-22,4.5,4.5,4.5,4.5,0.0,2.0625851154327393
2001-06-25,4.5,4.5,4.5,4.5,0.0,2.0625851154327393
2001-06-26,4.5,4.5,4.5,4.5,0.0,2.0625851154327393
2001-06-27,4.5,4.5,4.5,4.5,0.0,2.0625851154327393
2001-06-28,4.5,4.5,4.5,4.5,0.0,2.0625851154327393
2001-06-29,4.5,4.5,4.5,4.5,0.0,2.0625851154327393
2001-07-02,4.5,4.5,4.5,4.5,0.0,2.0625851154327393
2001-07-03,4.5,4.5,4.5,4.5,0.0,2.0625851154327393
2001-07-04,4.5,4.5,4.5,4.5,0.0,2.0625851154327393
2001-07-05,4.5,4.5,4.5,4.5,0.0,2.0625851154327393
2001-07-06,4.5,4.5,4.5,4.5,0.0,2.0625851154327393
2001-07-09,4.5,4.5,4.5,4.5,0.0,2.0625851154327393
2001-07-10,4.5,4.5,4.5,4.5,0.0,2.0625851154327393
2001-07-11,4.5,4.5,4.5,4.5,0.0,2.0625851154327393
2001-07-12,4.5,4.5,4.5,4.5,0.0,2.0625851154327393
2001-07-13,4.5,4.5,4.5,4.5,0.0,2.0625851154327393
2001-07-16,4.5,4.5,4.5,4.5,0.0,2.0625851154327393
2001-07-17,4.5,4.5,4.5,4.5,0.0,2.0625851154327393
2001-07-18,4.5,4.5,4.5,4.5,0.0,2.0625851154327393
2001-07-19,4.5,4.5,4.5,4.5,0.0,2.0625851154327393
2001-07-20,4.5,4.5,4.5,4.5,0.0,2.0625851154327393
2001-07-23,4.5,4.5,4.5,4.5,0.0,2.0625851154327393
2001-07-24,4.5,4.5,4.5,4.5,0.0,2.0625851154327393
2001-07-25,4.5,4.5,4.5,4.5,0.0,2.0625851154327393
2001-07-26,4.5,4.5,4.5,4.5,0.0,2.0625851154327393
2001-07-27,4.5,4.5,4.5,4.5,0.0,2.0625851154327393
2001-07-30,4.5,4.5,4.5,4.5,0.0,2.0625851154327393
2001-07-31,4.5,4.5,4.5,4.5,0.0,2.0625851154327393
2001-08-01,4.5,4.5,4.5,4.5,0.0,2.0625851154327393
2001-08-02,4.5,4.5,4.5,4.5,0.0,2.0625851154327393
2001-08-03,4.5,4.5,4.5,4.5,0.0,2.0625851154327393
2001-08-06,4.5,4.5,4.5,4.5,0.0,2.0625851154327393
2001-08-07,4.5,4.5,4.5,4.5,0.0,2.0625851154327393
2001-08-08,4.5,4.5,4.5,4.5,0.0,2.0625851154327393
2001-08-09,4.5,4.5,4.5,4.5,0.0,2.0625851154327393
2001-08-10,4.5,4.5,4.5,4.5,0.0,2.0625851154327393
2001-08-13,4.5,4.5,4.5,4.5,0.0,2.0625851154327393
2001-08-14,4.5,4.5,4.5,4.5,0.0,2.0625851154327393
2001-08-15,4.5,4.5,4.5,4.5,0.0,2.0625851154327393
2001-08-16,4.5,4.5,4.5,4.5,0.0,2.0625851154327393
2001-08-17,4.5,4.5,4.5,4.5,0.0,2.0625851154327393
2001-08-20,4.5,4.5,4.5,4.5,0.0,2.0625851154327393
2001-08-21,4.5,4.5,4.5,4.5,0.0,2.0625851154327393
2001-08-22,4.5,4.5,4.5,4.5,0.0,2.0625851154327393
2001-08-23,4.5,4.5,4.5,4.5,0.0,2.0625851154327393
2001-08-24,4.5,4.5,4.5,4.5,0.0,2.0625851154327393
2001-08-27,4.5,4.5,4.5,4.5,0.0,2.0625851154327393
2001-08-28,4.5,4.5,4.5,4.5,0.0,2.0625851154327393
2001-08-29,4.5,4.5,4.5,4.5,0.0,2.0625851154327393
2001-08-30,4.5,4.5,4.5,4.5,0.0,2.0625851154327393
2001-08-31,4.5,4.5,4.5,4.5,0.0,2.0625851154327393
2001-09-03,4.5,4.5,4.5,4.5,0.0,2.0625851154327393
2001-09-04,4.5,4.5,4.5,4.5,0.0,2.0625851154327393
2001-09-05,4.5,4.5,4.5,4.5,0.0,2.0625851154327393
2001-09-06,4.5,4.5,4.5,4.5,0.0,2.0625851154327393
2001-09-07,4.5,4.5,4.5,4.5,0.0,2.0625851154327393
2001-09-10,4.5,4.5,4.5,4.5,0.0,2.0625851154327393
2001-09-11,4.5,4.5,4.5,4.5,0.0,2.0625851154327393
2001-09-12,4.5,4.5,4.5,4.5,0.0,2.0625851154327393
2001-09-13,4.5,4.5,4.5,4.5,0.0,2.0625851154327393
2001-09-14,4.5,4.5,4.5,4.5,0.0,2.0625851154327393
2001-09-17,4.5,4.5,4.5,4.5,0.0,2.0625851154327393
2001-09-18,4.5,4.5,4.5,4.5,0.0,2.0625851154327393
2001-09-19,4.5,4.5,4.5,4.5,0.0,2.0625851154327393
2001-09-20,4.5,4.5,4.5,4.5,0.0,2.0625851154327393
2001-09-21,4.5,4.5,4.5,4.5,0.0,2.0625851154327393
2001-09-24,4.5,4.5,4.5,4.5,0.0,2.0625851154327393
2001-09-25,4.5,4.5,4.5,4.5,0.0,2.0625851154327393
2001-09-26,4.5,4.5,4.5,4.5,0.0,2.0625851154327393
2001-09-27,4.5,4.5,4.5,4.5,0.0,2.0625851154327393
2001-09-28,4.5,4.5,4.5,4.5,0.0,2.0625851154327393
2001-10-01,4.5,4.5,4.5,4.5,0.0,2.0625851154327393
2001-10-02,4.5,4.5,4.5,4.5,0.0,2.0625851154327393
2001-10-03,4.5,4.5,4.5,4.5,0.0,2.0625851154327393
2001-10-04,4.5,4.5,4.5,4.5,0.0,2.0625851154327393
2001-10-05,4.5,4.5,4.5,4.5,0.0,2.0625851154327393
2001-10-08,4.5,4.5,4.5,4.5,0.0,2.0625851154327393
2001-10-09,4.5,4.5,4.5,4.5,0.0,2.0625851154327393
2001-10-10,4.5,4.5,4.5,4.5,0.0,2.0625851154327393
2001-10-11,4.5,4.5,4.5,4.5,0.0,2.0625851154327393
2001-10-12,4.5,4.5,4.5,4.5,0.0,2.0625851154327393
2001-10-15,4.5,4.5,4.5,4.5,0.0,2.0625851154327393
2001-10-16,4.5,4.5,4.5,4.5,0.0,2.0625851154327393
2001-10-17,4.5,4.5,4.5,4.5,0.0,2.0625851154327393
2001-10-18,4.5,4.5,4.5,4.5,0.0,2.0625851154327393
2001-10-19,4.5,4.5,4.5,4.5,0.0,2.0625851154327393
2001-10-22,4.5,4.5,4.5,4.5,0.0,2.0625851154327393
2001-10-23,4.5,4.5,4.5,4.5,0.0,2.0625851154327393
2001-10-24,4.5,4.5,4.5,4.5,0.0,2.0625851154327393
2001-10-25,4.5,4.5,4.5,4.5,0.0,2.0625851154327393
2001-10-26,4.5,4.5,4.5,4.5,0.0,2.0625851154327393
2001-10-29,4.5,4.5,4.5,4.5,0.0,2.0625851154327393
2001-10-30,4.5,4.5,4.5,4.5,0.0,2.0625851154327393
2001-10-31,4.5,4.5,4.5,4.5,0.0,2.0625851154327393
2001-11-01,4.5,4.5,4.5,4.5,0.0,2.0625851154327393
2001-11-02,4.5,4.5,4.5,4.5,0.0,2.0625851154327393
2001-11-05,4.5,4.5,4.5,4.5,0.0,2.0625851154327393
2001-11-06,4.5,4.5,4.5,4.5,0.0,2.0625851154327393
2001-11-07,4.5,4.5,4.5,4.5,0.0,2.0625851154327393
2001-11-08,4.5,4.5,4.5,4.5,0.0,2.0625851154327393
2001-11-09,4.5,4.5,4.5,4.5,0.0,2.0625851154327393
2001-11-12,4.5,4.5,4.5,4.5,0.0,2.0625851154327393
2001-11-13,4.5,4.5,4.5,4.5,0.0,2.0625851154327393
2001-11-14,4.5,4.5,4.5,4.5,0.0,2.0625851154327393
2001-11-15,4.5,4.5,4.5,4.5,0.0,2.0625851154327393
2001-11-16,4.5,4.5,4.5,4.5,0.0,2.0625851154327393
2001-11-19,4.5,4.5,4.5,4.5,0.0,2.0625851154327393
2001-11-20,4.5,4.5,4.5,4.5,0.0,2.0625851154327393
2001-11-21,4.5,4.5,4.5,4.5,0.0,2.0625851154327393
2001-11-22,4.5,4.5,4.5,4.5,0.0,2.0625851154327393
2001-11-23,4.5,4.5,4.5,4.5,0.0,2.0625851154327393
2001-11-26,4.5,4.5,4.5,4.5,0.0,2.0625851154327393
2001-11-27,4.5,4.5,4.5,4.5,0.0,2.0625851154327393
2001-11-28,4.5,4.5,4.5,4.5,0.0,2.0625851154327393
2001-11-29,4.5,4.5,4.5,4.5,0.0,2.0625851154327393
2001-11-30,4.5,4.5,4.5,4.5,0.0,2.0625851154327393
2001-12-03,4.5,4.5,4.5,4.5,0.0,2.0625851154327393
2001-12-04,4.5,4.5,4.5,4.5,0.0,2.0625851154327393
2001-12-05,4.5,4.5,4.5,4.5,0.0,2.0625851154327393
2001-12-06,4.5,4.5,4.5,4.5,0.0,2.0625851154327393
2001-12-07,4.5,4.5,4.5,4.5,0.0,2.0625851154327393
2001-12-10,4.5,4.5,4.5,4.5,0.0,2.0625851154327393
2001-12-11,4.5,4.5,4.5,4.5,0.0,2.0625851154327393
2001-12-12,4.5,4.5,4.5,4.5,0.0,2.0625851154327393
2001-12-13,4.5,4.5,4.5,4.5,0.0,2.0625851154327393
2001-12-14,4.5,4.5,4.5,4.5,0.0,2.0625851154327393
2001-12-17,4.5,4.5,4.5,4.5,0.0,2.0625851154327393
2001-12-18,4.5,4.5,4.5,4.5,0.0,2.0625851154327393
2001-12-19,4.5,4.5,4.5,4.5,0.0,2.0625851154327393
2001-12-20,4.5,4.5,4.5,4.5,0.0,2.0625851154327393
2001-12-21,4.5,4.5,4.5,4.5,0.0,2.0625851154327393
2001-12-24,4.5,4.5,4.5,4.5,0.0,2.0625851154327393
2001-12-25,4.5,4.5,4.5,4.5,0.0,2.0625851154327393
2001-12-26,4.5,4.5,4.5,4.5,0.0,2.0625851154327393
2001-12-27,4.5,4.5,4.5,4.5,0.0,2.0625851154327393
2001-12-28,4.5,4.5,4.5,4.5,0.0,2.0625851154327393
2001-12-31,4.5,4.5,4.5,4.5,0.0,2.0625851154327393
2002-01-01,4.5,4.5,4.5,4.5,0.0,2.0625851154327393
2002-01-02,4.5,4.5,4.5,4.5,0.0,2.0625851154327393
2002-01-03,4.5,4.5,4.5,4.5,0.0,2.0625851154327393
2002-01-04,4.5,4.5,4.5,4.5,0.0,2.0625851154327393
2002-01-07,4.5,4.5,4.5,4.5,0.0,2.0625851154327393
2002-01-08,4.5,4.5,4.5,4.5,0.0,2.0625851154327393
2002-01-09,4.5,4.5,4.5,4.5,0.0,2.0625851154327393
2002-01-10,4.5,4.5,4.5,4.5,0.0,2.0625851154327393
2002-01-11,4.5,4.5,4.5,4.5,0.0,2.0625851154327393
2002-01-14,4.5,4.5,4.5,4.5,0.0,2.0625851154327393
2002-01-15,4.5,4.5,4.5,4.5,0.0,2.0625851154327393
2002-01-16,4.5,4.5,4.5,4.5,0.0,2.0625851154327393
2002-01-17,4.5,4.5,4.5,4.5,0.0,2.0625851154327393
2002-01-18,4.5,4.5,4.5,4.5,0.0,2.0625851154327393
2002-01-21,4.5,4.5,4.5,4.5,0.0,2.0625851154327393
2002-01-22,4.5,4.5,4.5,4.5,0.0,2.0625851154327393
2002-01-23,4.5,4.5,4.5,4.5,0.0,2.0625851154327393
2002-01-24,4.5,4.5,4.5,4.5,0.0,2.0625851154327393
2002-01-25,4.5,4.5,4.5,4.5,0.0,2.0625851154327393
2002-01-28,4.5,4.5,4.5,4.5,0.0,2.0625851154327393
2002-01-29,4.5,4.5,4.5,4.5,0.0,2.0625851154327393
2002-01-30,4.5,4.5,4.5,4.5,0.0,2.0625851154327393
2002-01-31,4.5,4.5,4.5,4.5,0.0,2.0625851154327393
2002-02-01,4.5,4.5,4.5,4.5,0.0,2.0625851154327393
2002-02-04,4.5,4.5,4.5,4.5,0.0,2.0625851154327393
2002-02-05,4.5,4.5,4.5,4.5,0.0,2.0625851154327393
2002-02-06,4.5,4.5,4.5,4.5,0.0,2.0625851154327393
2002-02-07,4.5,4.5,4.5,4.5,0.0,2.0625851154327393
2002-02-08,4.5,4.5,4.5,4.5,0.0,2.0625851154327393
2002-02-11,4.5,4.5,4.5,4.5,0.0,2.0625851154327393
2002-02-12,4.5,4.5,4.5,4.5,0.0,2.0625851154327393
2002-02-13,4.5,4.5,4.5,4.5,0.0,2.0625851154327393
2002-02-14,4.5,4.5,4.5,4.5,0.0,2.0625851154327393
2002-02-15,2.0199999809265137,2.0199999809265137,2.0199999809265137,2.0199999809265137,0.0,0.9258714914321899
2002-02-18,0.699999988079071,0.699999988079071,0.699999988079071,0.699999988079071,0.0,0.3208465576171875
2002-02-19,2.009999990463257,2.009999990463257,2.009999990463257,2.009999990463257,0.0,0.9212879538536072
2002-02-20,2.009999990463257,2.009999990463257,2.009999990463257,2.009999990463257,0.0,0.9212879538536072
2002-02-21,2.009999990463257,2.009999990463257,2.009999990463257,2.009999990463257,0.0,0.9212879538536072
2002-02-22,2.009999990463257,2.009999990463257,2.009999990463257,2.009999990463257,0.0,0.9212879538536072
2002-02-25,1.0,1.0,1.0,1.0,0.0,0.4583522081375122
2002-02-26,2.5,2.5,2.5,2.5,0.0,1.1458805799484253
2002-02-27,2.5,2.5,2.5,2.5,0.0,1.1458805799484253
2002-02-28,2.5,2.5,2.5,2.5,0.0,1.1458805799484253
2002-03-01,2.0999999046325684,2.0999999046325684,2.0999999046325684,2.0999999046325684,0.0,0.9625396132469177
2002-03-04,2.0999999046325684,2.0999999046325684,2.0999999046325684,2.0999999046325684,0.0,0.9625396132469177
2002-03-05,2.0999999046325684,2.0999999046325684,2.0999999046325684,2.0999999046325684,0.0,0.9625396132469177
2002-03-06,2.5,2.5,2.5,2.5,0.0,1.1458805799484253
2002-03-07,3.0,3.0,3.0,3.0,0.0,1.3750566244125366
2002-03-08,2.509999990463257,2.509999990463257,2.509999990463257,2.509999990463257,0.0,1.1504641771316528
2002-03-11,0.699999988079071,0.699999988079071,0.699999988079071,0.699999988079071,0.0,0.3208465576171875
2002-03-12,2.5,2.5,2.5,2.5,0.0,1.1458805799484253
2002-03-13,3.059999942779541,3.059999942779541,3.059999942779541,3.059999942779541,9.0,1.4025578498840332
2002-03-14,3.0,3.0,3.0,3.0,1.0,1.3750566244125366
2002-03-15,2.5,2.5,2.5,2.5,0.0,1.1458805799484253
2002-03-18,2.5,2.5,2.5,2.5,0.0,1.1458805799484253
2002-03-19,2.5,2.5,2.5,2.5,0.0,1.1458805799484253
2002-03-20,2.5,2.5,2.5,2.5,0.0,1.1458805799484253
2002-03-21,2.5,2.5,2.5,2.5,0.0,1.1458805799484253
2002-03-22,2.5,2.5,2.5,2.5,0.0,1.1458805799484253
2002-03-25,2.5,2.5,2.5,2.5,0.0,1.1458805799484253
2002-03-26,2.5,2.5,2.5,2.5,0.0,1.1458805799484253
2002-03-27,2.5,2.5,2.5,2.5,0.0,1.1458805799484253
2002-03-28,2.700000047683716,2.700000047683716,2.700000047683716,2.700000047683716,0.0,1.237550973892212
2002-03-29,2.700000047683716,2.700000047683716,2.700000047683716,2.700000047683716,0.0,1.237550973892212
2002-04-01,2.700000047683716,2.700000047683716,2.700000047683716,2.700000047683716,0.0,1.237550973892212
2002-04-02,3.299999952316284,3.299999952316284,3.299999952316284,3.299999952316284,1.0,1.5125625133514404
2002-04-03,3.5999999046325684,3.5999999046325684,3.5999999046325684,3.5999999046325684,0.0,1.6500681638717651
2002-04-04,2.5,2.5,2.5,2.5,0.0,1.1458805799484253
2002-04-05,2.5,2.5,2.5,2.5,0.0,1.1458805799484253
2002-04-08,2.5,2.5,2.5,2.5,0.0,1.1458805799484253
2002-04-09,2.5,2.5,2.5,2.5,0.0,1.1458805799484253
2002-04-10,3.9000000953674316,3.9000000953674316,3.9000000953674316,3.9000000953674316,0.0,1.7875738143920898
2002-04-11,3.9000000953674316,3.9000000953674316,3.9000000953674316,3.9000000953674316,0.0,1.7875738143920898
2002-04-12,3.0,3.0,3.0,3.0,0.0,1.3750566244125366
2002-04-15,3.009999990463257,3.009999990463257,3.009999990463257,3.009999990463257,0.0,1.3796402215957642
2002-04-16,3.009999990463257,3.009999990463257,3.009999990463257,3.009999990463257,0.0,1.3796402215957642
2002-04-17,3.009999990463257,3.009999990463257,3.009999990463257,3.009999990463257,0.0,1.3796402215957642
2002-04-18,3.009999990463257,3.009999990463257,3.009999990463257,3.009999990463257,0.0,1.3796402215957642
2002-04-19,3.009999990463257,3.009999990463257,3.009999990463257,3.009999990463257,0.0,1.3796402215957642
2002-04-22,3.9000000953674316,3.9000000953674316,3.9000000953674316,3.9000000953674316,2.0,1.7875738143920898
2002-04-23,3.9000000953674316,3.9000000953674316,3.9000000953674316,3.9000000953674316,1.0,1.7875738143920898
2002-04-24,3.609999895095825,3.609999895095825,3.609999895095825,3.609999895095825,3.0,1.654651403427124
2002-04-25,3.5999999046325684,3.5999999046325684,3.5999999046325684,3.5999999046325684,0.0,1.6500681638717651
2002-04-26,3.5999999046325684,3.5999999046325684,3.5999999046325684,3.5999999046325684,0.0,1.6500681638717651
2002-04-29,3.5999999046325684,3.5999999046325684,3.5999999046325684,3.5999999046325684,0.0,1.6500681638717651
2002-04-30,3.5999999046325684,3.5999999046325684,3.5999999046325684,3.5999999046325684,0.0,1.6500681638717651
2002-05-01,3.5999999046325684,3.5999999046325684,3.5999999046325684,3.5999999046325684,0.0,1.6500681638717651
2002-05-02,3.5999999046325684,3.5999999046325684,3.5999999046325684,3.5999999046325684,0.0,1.6500681638717651
2002-05-03,3.5999999046325684,3.5999999046325684,3.5999999046325684,3.5999999046325684,0.0,1.6500681638717651
2002-05-06,3.299999952316284,3.299999952316284,3.299999952316284,3.299999952316284,0.0,1.5125625133514404
2002-05-07,3.009999990463257,3.009999990463257,3.009999990463257,3.009999990463257,0.0,1.3796402215957642
2002-05-08,3.009999990463257,3.009999990463257,3.009999990463257,3.009999990463257,0.0,1.3796402215957642
2002-05-09,3.009999990463257,3.009999990463257,3.009999990463257,3.009999990463257,0.0,1.3796402215957642
2002-05-10,3.009999990463257,3.009999990463257,3.009999990463257,3.009999990463257,0.0,1.3796402215957642
2002-05-13,3.009999990463257,3.009999990463257,3.009999990463257,3.009999990463257,0.0,1.3796402215957642
2002-05-14,3.009999990463257,3.009999990463257,3.009999990463257,3.009999990463257,0.0,1.3796402215957642
2002-05-15,0.30000001192092896,0.30000001192092896,0.30000001192092896,0.30000001192092896,0.0,0.1375056654214859
2002-05-16,0.30000001192092896,0.30000001192092896,0.30000001192092896,0.30000001192092896,0.0,0.1375056654214859
2002-05-17,0.30000001192092896,0.30000001192092896,0.30000001192092896,0.30000001192092896,0.0,0.1375056654214859
2002-05-20,3.299999952316284,3.299999952316284,3.299999952316284,3.299999952316284,0.0,1.5125625133514404
2002-05-21,3.049999952316284,3.049999952316284,3.049999952316284,3.049999952316284,0.0,1.3979742527008057
2002-05-22,3.049999952316284,3.049999952316284,3.049999952316284,3.049999952316284,0.0,1.3979742527008057
2002-05-23,3.049999952316284,3.049999952316284,3.049999952316284,3.049999952316284,0.0,1.3979742527008057
2002-05-24,3.049999952316284,3.049999952316284,3.049999952316284,3.049999952316284,0.0,1.3979742527008057
2002-05-27,3.049999952316284,3.049999952316284,3.049999952316284,3.049999952316284,0.0,1.3979742527008057
2002-05-28,3.049999952316284,3.049999952316284,3.049999952316284,3.049999952316284,0.0,1.3979742527008057
2002-05-29,3.049999952316284,3.049999952316284,3.049999952316284,3.049999952316284,0.0,1.3979742527008057
2002-05-30,3.049999952316284,3.049999952316284,3.049999952316284,3.049999952316284,0.0,1.3979742527008057
2002-05-31,3.049999952316284,3.049999952316284,3.049999952316284,3.049999952316284,0.0,1.3979742527008057
2002-06-03,3.049999952316284,3.049999952316284,3.049999952316284,3.049999952316284,0.0,1.3979742527008057
2002-06-04,3.049999952316284,3.049999952316284,3.049999952316284,3.049999952316284,0.0,1.3979742527008057
2002-06-05,3.049999952316284,3.049999952316284,3.049999952316284,3.049999952316284,0.0,1.3979742527008057
2002-06-06,3.049999952316284,3.049999952316284,3.049999952316284,3.049999952316284,0.0,1.3979742527008057
2002-06-07,0.5,0.5,0.5,0.5,0.0,0.2291761040687561
2002-06-10,0.5,0.5,0.5,0.5,0.0,0.2291761040687561
2002-06-11,0.5,0.5,0.5,0.5,0.0,0.2291761040687561
2002-06-12,1.0,1.0,1.0,1.0,0.0,0.4583522081375122
2002-06-13,1.0,1.0,1.0,1.0,0.0,0.4583522081375122
2002-06-14,1.0,1.0,1.0,1.0,0.0,0.4583522081375122
2002-06-17,1.0,1.0,1.0,1.0,0.0,0.4583522081375122
2002-06-18,1.0,1.0,1.0,1.0,0.0,0.4583522081375122
2002-06-19,1.0,1.0,1.0,1.0,0.0,0.4583522081375122
2002-06-20,1.0,1.0,1.0,1.0,0.0,0.4583522081375122
2002-06-21,1.0,1.0,1.0,1.0,0.0,0.4583522081375122
2002-06-24,1.0,1.0,1.0,1.0,0.0,0.4583522081375122
2002-06-25,1.0,1.0,1.0,1.0,0.0,0.4583522081375122
2002-06-26,1.0,1.0,1.0,1.0,0.0,0.4583522081375122
2002-06-27,1.0,1.0,1.0,1.0,0.0,0.4583522081375122
2002-06-28,1.0,1.0,1.0,1.0,0.0,0.4583522081375122
2002-07-01,1.0,1.0,1.0,1.0,0.0,0.4583522081375122
2002-07-02,1.0,1.0,1.0,1.0,0.0,0.4583522081375122
2002-07-03,1.0,1.0,1.0,1.0,0.0,0.4583522081375122
2002-07-04,1.0,1.0,1.0,1.0,0.0,0.4583522081375122
2002-07-05,1.0,1.0,1.0,1.0,0.0,0.4583522081375122
2002-07-08,1.0,1.0,1.0,1.0,0.0,0.4583522081375122
2002-07-09,1.0,1.0,1.0,1.0,0.0,0.4583522081375122
2002-07-10,1.0,1.0,1.0,1.0,0.0,0.4583522081375122
2002-07-11,1.0,1.0,1.0,1.0,0.0,0.4583522081375122
2002-07-12,1.0,1.0,1.0,1.0,0.0,0.4583522081375122
2002-07-15,1.0,1.0,1.0,1.0,0.0,0.4583522081375122
2002-07-16,1.0,1.0,1.0,1.0,0.0,0.4583522081375122
2002-07-17,0.10000000149011612,0.10000000149011612,0.10000000149011612,0.10000000149011612,0.0,0.0458352230489254
2002-07-18,1.0,1.0,1.0,1.0,0.0,0.4583522081375122
2002-07-19,1.0,1.0,1.0,1.0,0.0,0.4583522081375122
2002-07-22,1.0,1.0,1.0,1.0,0.0,0.4583522081375122
2002-07-23,1.0,1.0,1.0,1.0,0.0,0.4583522081375122
2002-07-24,1.0,1.0,1.0,1.0,0.0,0.4583522081375122
2002-07-25,1.0,1.0,1.0,1.0,0.0,0.4583522081375122
2002-07-26,1.0,1.0,1.0,1.0,0.0,0.4583522081375122
2002-07-29,1.0,1.0,1.0,1.0,0.0,0.4583522081375122
2002-07-30,1.0,1.0,1.0,1.0,0.0,0.4583522081375122
2002-07-31,1.0,1.0,1.0,1.0,0.0,0.4583522081375122
2002-08-01,1.0,1.0,1.0,1.0,0.0,0.4583522081375122
2002-08-02,1.0,1.0,1.0,1.0,0.0,0.4583522081375122
2002-08-05,1.0,1.0,1.0,1.0,0.0,0.4583522081375122
2002-08-06,1.0,1.0,1.0,1.0,0.0,0.4583522081375122
2002-08-07,1.0,1.0,1.0,1.0,0.0,0.4583522081375122
2002-08-08,1.0,1.0,1.0,1.0,0.0,0.4583522081375122
2002-08-09,1.0,1.0,1.0,1.0,0.0,0.4583522081375122
2002-08-12,1.0,1.0,1.0,1.0,0.0,0.4583522081375122
2002-08-13,1.0,1.0,1.0,1.0,0.0,0.4583522081375122
2002-08-14,1.0,1.0,1.0,1.0,0.0,0.4583522081375122
2002-08-15,1.0,1.0,1.0,1.0,0.0,0.4583522081375122
2002-08-16,3.0,3.0,3.0,3.0,1.0,1.3750566244125366
2002-08-19,1.0,1.0,1.0,1.0,0.0,0.4583522081375122
2002-08-20,1.0,1.0,1.0,1.0,0.0,0.4583522081375122
2002-08-21,1.0,1.0,1.0,1.0,0.0,0.4583522081375122
2002-08-22,1.0,1.0,1.0,1.0,0.0,0.4583522081375122
2002-08-23,3.0,3.0,3.0,3.0,0.0,1.3750566244125366
2002-08-26,1.0,1.0,1.0,1.0,0.0,0.4583522081375122
2002-08-27,1.0,1.0,1.0,1.0,0.0,0.4583522081375122
2002-08-28,1.0,1.0,1.0,1.0,0.0,0.4583522081375122
2002-08-29,1.0,1.0,1.0,1.0,0.0,0.4583522081375122
2002-08-30,1.0,1.0,1.0,1.0,0.0,0.4583522081375122
2002-09-02,1.0,1.0,1.0,1.0,0.0,0.4583522081375122
2002-09-03,1.0,1.0,1.0,1.0,0.0,0.4583522081375122
2002-09-04,1.0,1.0,1.0,1.0,0.0,0.4583522081375122
2002-09-05,1.0,1.0,1.0,1.0,0.0,0.4583522081375122
2002-09-06,1.0,1.0,1.0,1.0,0.0,0.4583522081375122
2002-09-09,1.5099999904632568,1.5099999904632568,1.5099999904632568,1.5099999904632568,0.0,0.6921118497848511
2002-09-10,1.649999976158142,1.649999976158142,1.649999976158142,1.649999976158142,0.0,0.7562812566757202
2002-09-11,1.600000023841858,1.600000023841858,1.600000023841858,1.600000023841858,0.0,0.7333635687828064
2002-09-12,1.600000023841858,1.600000023841858,1.600000023841858,1.600000023841858,0.0,0.7333635687828064
2002-09-13,1.7999999523162842,1.7999999523162842,1.7999999523162842,1.7999999523162842,0.0,0.8250340819358826
2002-09-16,1.0,1.0,1.0,1.0,0.0,0.4583522081375122
2002-09-17,1.0,1.0,1.0,1.0,0.0,0.4583522081375122
2002-09-18,1.5,1.5,1.5,1.5,0.0,0.6875283122062683
2002-09-19,2.190000057220459,2.190000057220459,2.190000057220459,2.190000057220459,0.0,1.0037914514541626
2002-09-20,1.0,1.0,1.0,1.0,0.0,0.4583522081375122
2002-09-23,1.5,1.5,1.5,1.5,0.0,0.6875283122062683
2002-09-24,1.5,1.5,1.5,1.5,0.0,0.6875283122062683
2002-09-25,2.0,2.0,2.0,2.0,0.0,0.9167044162750244
2002-09-26,1.9500000476837158,1.9500000476837158,1.9500000476837158,1.9500000476837158,0.0,0.8937869071960449
2002-09-27,1.0,1.0,1.0,1.0,0.0,0.4583522081375122
2002-09-30,1.5099999904632568,1.5099999904632568,1.5099999904632568,1.5099999904632568,0.0,0.6921118497848511
2002-10-01,1.399999976158142,1.399999976158142,1.399999976158142,1.399999976158142,0.0,0.641693115234375
2002-10-02,1.399999976158142,1.399999976158142,1.399999976158142,1.399999976158142,0.0,0.641693115234375
2002-10-03,1.399999976158142,1.399999976158142,1.399999976158142,1.399999976158142,0.0,0.641693115234375
2002-10-04,1.0,1.0,1.0,1.0,0.0,0.4583522081375122
2002-10-07,1.399999976158142,1.399999976158142,1.399999976158142,1.399999976158142,0.0,0.641693115234375
2002-10-08,1.690000057220459,1.690000057220459,1.690000057220459,1.690000057220459,2.0,0.7746153473854065
2002-10-09,1.600000023841858,1.600000023841858,1.600000023841858,1.600000023841858,0.0,0.7333635687828064
2002-10-10,1.5,1.5,1.5,1.5,0.0,0.6875283122062683
2002-10-11,1.5099999904632568,1.5099999904632568,1.5099999904632568,1.5099999904632568,3.0,0.6921118497848511
2002-10-14,1.350000023841858,1.350000023841858,1.350000023841858,1.350000023841858,0.0,0.618775486946106
2002-10-15,1.5099999904632568,1.5099999904632568,1.5099999904632568,1.5099999904632568,0.0,0.6921118497848511
2002-10-16,1.600000023841858,1.600000023841858,1.600000023841858,1.600000023841858,1.0,0.7333635687828064
2002-10-17,1.75,1.75,1.75,1.75,0.0,0.8021162748336792
2002-10-18,1.4600000381469727,1.4600000381469727,1.4600000381469727,1.4600000381469727,0.0,0.669194221496582
2002-10-21,1.5199999809265137,1.5199999809265137,1.5199999809265137,1.5199999809265137,0.0,0.6966953873634338
2002-10-22,1.399999976158142,1.399999976158142,1.399999976158142,1.399999976158142,0.0,0.641693115234375
2002-10-23,1.399999976158142,1.399999976158142,1.399999976158142,1.399999976158142,0.0,0.641693115234375
2002-10-24,1.399999976158142,1.399999976158142,1.399999976158142,1.399999976158142,0.0,0.641693115234375
2002-10-25,1.2000000476837158,1.2000000476837158,1.2000000476837158,1.2000000476837158,0.0,0.5500226616859436
2002-10-28,1.5700000524520874,1.5700000524520874,1.5700000524520874,1.5700000524520874,0.0,0.7196129560470581
2002-10-29,1.399999976158142,1.399999976158142,1.399999976158142,1.399999976158142,0.0,0.641693115234375
2002-10-30,1.2000000476837158,1.2000000476837158,1.2000000476837158,1.2000000476837158,0.0,0.5500226616859436
2002-10-31,1.2000000476837158,1.2000000476837158,1.2000000476837158,1.2000000476837158,0.0,0.5500226616859436
2002-11-01,1.5,1.5,1.5,1.5,0.0,0.6875283122062683
2002-11-04,1.559999942779541,1.559999942779541,1.559999942779541,1.559999942779541,1.0,0.7150293588638306
2002-11-05,1.5499999523162842,1.5499999523162842,1.5499999523162842,1.5499999523162842,0.0,0.7104460000991821
2002-11-06,1.5,1.5,1.5,1.5,1.0,0.6875283122062683
2002-11-07,1.5,1.5,1.5,1.5,0.0,0.6875283122062683
2002-11-08,1.399999976158142,1.399999976158142,1.399999976158142,1.399999976158142,0.0,0.641693115234375
2002-11-11,1.5099999904632568,1.5099999904632568,1.5099999904632568,1.5099999904632568,0.0,0.6921118497848511
2002-11-12,1.5499999523162842,1.5499999523162842,1.5499999523162842,1.5499999523162842,3.0,0.7104460000991821
2002-11-13,1.559999942779541,1.559999942779541,1.559999942779541,1.559999942779541,1.0,0.7150293588638306
2002-11-14,1.7100000381469727,1.7100000381469727,1.7100000381469727,1.7100000381469727,1.0,0.783782422542572
2002-11-15,1.7100000381469727,1.7100000381469727,1.7100000381469727,1.7100000381469727,0.0,0.783782422542572
2002-11-18,1.690000057220459,1.690000057220459,1.690000057220459,1.690000057220459,0.0,0.7746153473854065
2002-11-19,1.7000000476837158,1.7000000476837158,1.7000000476837158,1.7000000476837158,0.0,0.7791988253593445
2002-11-20,1.7000000476837158,1.7000000476837158,1.7000000476837158,1.7000000476837158,0.0,0.7791988253593445
2002-11-21,1.7000000476837158,1.7000000476837158,1.7000000476837158,1.7000000476837158,0.0,0.7791988253593445
2002-11-22,1.7000000476837158,1.7000000476837158,1.7000000476837158,1.7000000476837158,0.0,0.7791988253593445
2002-11-25,1.7000000476837158,1.7000000476837158,1.7000000476837158,1.7000000476837158,0.0,0.7791988253593445
2002-11-26,1.7000000476837158,1.7000000476837158,1.7000000476837158,1.7000000476837158,0.0,0.7791988253593445
2002-11-27,1.7100000381469727,1.7100000381469727,1.7100000381469727,1.7100000381469727,0.0,0.783782422542572
2002-11-28,1.7999999523162842,1.7999999523162842,1.7999999523162842,1.7999999523162842,0.0,0.8250340819358826
2002-11-29,1.7999999523162842,1.7999999523162842,1.7999999523162842,1.7999999523162842,0.0,0.8250340819358826
2002-12-02,2.0,2.0,2.0,2.0,0.0,0.9167044162750244
2002-12-03,1.850000023841858,1.850000023841858,1.850000023841858,1.850000023841858,0.0,0.8479515910148621
2002-12-04,1.850000023841858,1.850000023841858,1.850000023841858,1.850000023841858,0.0,0.8479515910148621
2002-12-05,1.850000023841858,1.850000023841858,1.850000023841858,1.850000023841858,0.0,0.8479515910148621
2002-12-06,2.0999999046325684,2.0999999046325684,2.0999999046325684,2.0999999046325684,1.0,0.9625396132469177
2002-12-09,2.200000047683716,2.200000047683716,2.200000047683716,2.200000047683716,1.0,1.0083749294281006
2002-12-10,1.899999976158142,1.899999976158142,1.899999976158142,1.899999976158142,0.0,0.8708692789077759
2002-12-11,1.899999976158142,1.899999976158142,1.899999976158142,1.899999976158142,0.0,0.8708692789077759
2002-12-12,1.899999976158142,1.899999976158142,1.899999976158142,1.899999976158142,0.0,0.8708692789077759
2002-12-13,1.899999976158142,1.899999976158142,1.899999976158142,1.899999976158142,0.0,0.8708692789077759
2002-12-16,1.5499999523162842,1.5499999523162842,1.5499999523162842,1.5499999523162842,0.0,0.7104460000991821
2002-12-17,2.200000047683716,2.200000047683716,2.200000047683716,2.200000047683716,1.0,1.0083749294281006
2002-12-18,2.0999999046325684,2.0999999046325684,2.0999999046325684,2.0999999046325684,0.0,0.9625396132469177
2002-12-19,1.809999942779541,1.809999942779541,1.809999942779541,1.809999942779541,0.0,0.8296176195144653
2002-12-20,1.809999942779541,1.809999942779541,1.809999942779541,1.809999942779541,0.0,0.8296176195144653
2002-12-23,1.850000023841858,1.850000023841858,1.850000023841858,1.850000023841858,0.0,0.8479515910148621
2002-12-24,1.850000023841858,1.850000023841858,1.850000023841858,1.850000023841858,0.0,0.8479515910148621
2002-12-25,1.850000023841858,1.850000023841858,1.850000023841858,1.850000023841858,0.0,0.8479515910148621
2002-12-26,1.899999976158142,1.899999976158142,1.899999976158142,1.899999976158142,0.0,0.8708692789077759
2002-12-27,1.899999976158142,1.899999976158142,1.899999976158142,1.899999976158142,0.0,0.8708692789077759
2002-12-30,1.899999976158142,1.899999976158142,1.899999976158142,1.899999976158142,0.0,0.8708692789077759
2002-12-31,1.899999976158142,1.899999976158142,1.899999976158142,1.899999976158142,0.0,0.8708692789077759
2003-01-01,1.899999976158142,1.899999976158142,1.899999976158142,1.899999976158142,0.0,0.8708692789077759
2003-01-02,1.899999976158142,1.899999976158142,1.899999976158142,1.899999976158142,0.0,0.8708692789077759
2003-01-03,1.5499999523162842,1.5499999523162842,1.5499999523162842,1.5499999523162842,0.0,0.7104460000991821
2003-01-06,1.600000023841858,1.600000023841858,1.600000023841858,1.600000023841858,0.0,0.7333635687828064
2003-01-07,2.059999942779541,2.059999942779541,2.059999942779541,2.059999942779541,0.0,0.9442055821418762
2003-01-08,2.180000066757202,2.180000066757202,2.180000066757202,2.180000066757202,1.0,0.9992078542709351
2003-01-09,2.0999999046325684,2.0999999046325684,2.0999999046325684,2.0999999046325684,1.0,0.9625396132469177
2003-01-10,2.0999999046325684,2.0999999046325684,2.0999999046325684,2.0999999046325684,0.0,0.9625396132469177
2003-01-13,2.0999999046325684,2.0999999046325684,2.0999999046325684,2.0999999046325684,0.0,0.9625396132469177
2003-01-14,2.0,2.0,2.0,2.0,0.0,0.9167044162750244
2003-01-15,2.0,2.0,2.0,2.0,0.0,0.9167044162750244
2003-01-16,2.1600000858306885,2.1600000858306885,2.1600000858306885,2.1600000858306885,1.0,0.9900410175323486
2003-01-17,1.75,1.75,1.75,1.75,0.0,0.8021162748336792
2003-01-20,1.7000000476837158,1.7000000476837158,1.7000000476837158,1.7000000476837158,0.0,0.7791988253593445
2003-01-21,1.75,1.75,1.75,1.75,0.0,0.8021162748336792
2003-01-22,1.7000000476837158,1.7000000476837158,1.7000000476837158,1.7000000476837158,0.0,0.7791988253593445
2003-01-23,1.7000000476837158,1.7000000476837158,1.7000000476837158,1.7000000476837158,0.0,0.7791988253593445
2003-01-24,2.0999999046325684,2.0999999046325684,2.0999999046325684,2.0999999046325684,2.0,0.9625396132469177
2003-01-27,2.0,2.0,2.0,2.0,0.0,0.9167044162750244
2003-01-28,2.0,2.0,2.0,2.0,0.0,0.9167044162750244
2003-01-29,2.3499999046325684,2.3499999046325684,2.3499999046325684,2.3499999046325684,1.0,1.0771276950836182
2003-01-30,2.200000047683716,2.200000047683716,2.200000047683716,2.200000047683716,0.0,1.0083749294281006
2003-01-31,2.1600000858306885,2.1600000858306885,2.1600000858306885,2.1600000858306885,0.0,0.9900410175323486
2003-02-03,1.649999976158142,1.649999976158142,1.649999976158142,1.649999976158142,0.0,0.7562812566757202
2003-02-04,1.649999976158142,1.649999976158142,1.649999976158142,1.649999976158142,0.0,0.7562812566757202
2003-02-05,2.1600000858306885,2.1600000858306885,2.1600000858306885,2.1600000858306885,0.0,0.9900410175323486
2003-02-06,2.3299999237060547,2.3299999237060547,2.3299999237060547,2.3299999237060547,1.0,1.0679608583450317
2003-02-07,2.200000047683716,2.200000047683716,2.200000047683716,2.200000047683716,0.0,1.0083749294281006
2003-02-10,2.0,2.0,2.0,2.0,0.0,0.9167044162750244
2003-02-11,2.200000047683716,2.200000047683716,2.200000047683716,2.200000047683716,0.0,1.0083749294281006
2003-02-12,2.0,2.0,2.0,2.0,0.0,0.9167044162750244
2003-02-13,2.299999952316284,2.299999952316284,2.299999952316284,2.299999952316284,1.0,1.0542101860046387
2003-02-14,2.200000047683716,2.200000047683716,2.200000047683716,2.200000047683716,0.0,1.0083749294281006
2003-02-17,1.0,1.0,1.0,1.0,0.0,0.4583522081375122
2003-02-18,2.299999952316284,2.299999952316284,2.299999952316284,2.299999952316284,0.0,1.0542101860046387
2003-02-19,2.4000000953674316,2.4000000953674316,2.4000000953674316,2.4000000953674316,0.0,1.1000453233718872
2003-02-20,2.4000000953674316,2.4000000953674316,2.4000000953674316,2.4000000953674316,0.0,1.1000453233718872
2003-02-21,2.4000000953674316,2.4000000953674316,2.4000000953674316,2.4000000953674316,0.0,1.1000453233718872
2003-02-24,2.5,2.5,2.5,2.5,0.0,1.1458805799484253
2003-02-25,2.5,2.5,2.5,2.5,0.0,1.1458805799484253
2003-02-26,2.200000047683716,2.200000047683716,2.200000047683716,2.200000047683716,0.0,1.0083749294281006
2003-02-27,2.200000047683716,2.200000047683716,2.200000047683716,2.200000047683716,0.0,1.0083749294281006
2003-02-28,2.200000047683716,2.200000047683716,2.200000047683716,2.200000047683716,0.0,1.0083749294281006
2003-03-03,2.200000047683716,2.200000047683716,2.200000047683716,2.200000047683716,0.0,1.0083749294281006
2003-03-04,2.200000047683716,2.200000047683716,2.200000047683716,2.200000047683716,0.0,1.0083749294281006
2003-03-05,1.0,1.0,1.0,1.0,0.0,0.4583522081375122
2003-03-06,1.0,1.0,1.0,1.0,0.0,0.4583522081375122
2003-03-07,1.0,1.0,1.0,1.0,0.0,0.4583522081375122
2003-03-10,1.0,1.0,1.0,1.0,0.0,0.4583522081375122
2003-03-11,1.0,1.0,1.0,1.0,0.0,0.4583522081375122
2003-03-12,1.0,1.0,1.0,1.0,0.0,0.4583522081375122
2003-03-13,1.0,1.0,1.0,1.0,0.0,0.4583522081375122
2003-03-14,1.0,1.0,1.0,1.0,0.0,0.4583522081375122
2003-03-17,1.7999999523162842,1.7999999523162842,1.7999999523162842,1.7999999523162842,0.0,0.8250340819358826
2003-03-18,1.7999999523162842,1.7999999523162842,1.7999999523162842,1.7999999523162842,0.0,0.8250340819358826
2003-03-19,1.5,1.5,1.5,1.5,0.0,0.6875283122062683
2003-03-20,1.5,1.5,1.5,1.5,0.0,0.6875283122062683
2003-03-21,1.5,1.5,1.5,1.5,0.0,0.6875283122062683
2003-03-24,1.5,1.5,1.5,1.5,0.0,0.6875283122062683
2003-03-25,1.5,1.5,1.5,1.5,0.0,0.6875283122062683
2003-03-26,1.5,1.5,1.5,1.5,0.0,0.6875283122062683
2003-03-27,1.5,1.5,1.5,1.5,0.0,0.6875283122062683
2003-03-28,1.5,1.5,1.5,1.5,0.0,0.6875283122062683
2003-03-31,2.1500000953674316,2.1500000953674316,2.1500000953674316,2.1500000953674316,0.0,0.9854573011398315
2003-04-01,1.5,1.5,1.5,1.5,0.0,0.6875283122062683
2003-04-02,2.299999952316284,2.299999952316284,2.299999952316284,2.299999952316284,0.0,1.0542101860046387
2003-04-03,2.049999952316284,2.049999952316284,2.049999952316284,2.049999952316284,0.0,0.939622163772583
2003-04-04,2.049999952316284,2.049999952316284,2.049999952316284,2.049999952316284,0.0,0.939622163772583
2003-04-07,2.299999952316284,2.299999952316284,2.299999952316284,2.299999952316284,0.0,1.0542101860046387
2003-04-08,2.299999952316284,2.299999952316284,2.299999952316284,2.299999952316284,0.0,1.0542101860046387
2003-04-09,2.299999952316284,2.299999952316284,2.299999952316284,2.299999952316284,0.0,1.0542101860046387
2003-04-10,2.299999952316284,2.299999952316284,2.299999952316284,2.299999952316284,0.0,1.0542101860046387
2003-04-11,2.299999952316284,2.299999952316284,2.299999952316284,2.299999952316284,0.0,1.0542101860046387
2003-04-14,2.309999942779541,2.309999942779541,2.309999942779541,2.309999942779541,0.0,1.0587936639785767
2003-04-15,2.299999952316284,2.299999952316284,2.299999952316284,2.299999952316284,0.0,1.0542101860046387
2003-04-16,2.299999952316284,2.299999952316284,2.299999952316284,2.299999952316284,0.0,1.0542101860046387
2003-04-17,2.299999952316284,2.299999952316284,2.299999952316284,2.299999952316284,0.0,1.0542101860046387
2003-04-18,2.299999952316284,2.299999952316284,2.299999952316284,2.299999952316284,0.0,1.0542101860046387
2003-04-21,2.299999952316284,2.299999952316284,2.299999952316284,2.299999952316284,0.0,1.0542101860046387
2003-04-22,2.299999952316284,2.299999952316284,2.299999952316284,2.299999952316284,0.0,1.0542101860046387
2003-04-23,2.299999952316284,2.299999952316284,2.299999952316284,2.299999952316284,0.0,1.0542101860046387
2003-04-24,2.299999952316284,2.299999952316284,2.299999952316284,2.299999952316284,0.0,1.0542101860046387
2003-04-25,2.950000047683716,2.950000047683716,2.950000047683716,2.950000047683716,0.0,1.3521392345428467
2003-04-28,2.299999952316284,2.299999952316284,2.299999952316284,2.299999952316284,0.0,1.0542101860046387
2003-04-29,2.299999952316284,2.299999952316284,2.299999952316284,2.299999952316284,0.0,1.0542101860046387
2003-04-30,2.299999952316284,2.299999952316284,2.299999952316284,2.299999952316284,0.0,1.0542101860046387
2003-05-01,2.299999952316284,2.299999952316284,2.299999952316284,2.299999952316284,0.0,1.0542101860046387
2003-05-02,2.299999952316284,2.299999952316284,2.299999952316284,2.299999952316284,0.0,1.0542101860046387
2003-05-05,2.299999952316284,2.299999952316284,2.299999952316284,2.299999952316284,0.0,1.0542101860046387
2003-05-06,2.299999952316284,2.299999952316284,2.299999952316284,2.299999952316284,0.0,1.0542101860046387
2003-05-07,1.649999976158142,1.649999976158142,1.649999976158142,1.649999976158142,0.0,0.7562812566757202
2003-05-08,2.950000047683716,2.950000047683716,2.950000047683716,2.950000047683716,2.0,1.3521392345428467
2003-05-09,2.200000047683716,2.200000047683716,2.200000047683716,2.200000047683716,0.0,1.0083749294281006
2003-05-12,2.200000047683716,2.200000047683716,2.200000047683716,2.200000047683716,0.0,1.0083749294281006
2003-05-13,2.299999952316284,2.299999952316284,2.299999952316284,2.299999952316284,0.0,1.0542101860046387
2003-05-14,2.200000047683716,2.200000047683716,2.200000047683716,2.200000047683716,0.0,1.0083749294281006
2003-05-15,2.200000047683716,2.200000047683716,2.200000047683716,2.200000047683716,0.0,1.0083749294281006
2003-05-16,2.200000047683716,2.200000047683716,2.200000047683716,2.200000047683716,0.0,1.0083749294281006
2003-05-19,2.200000047683716,2.200000047683716,2.200000047683716,2.200000047683716,0.0,1.0083749294281006
2003-05-20,1.7999999523162842,1.7999999523162842,1.7999999523162842,1.7999999523162842,0.0,0.8250340819358826
2003-05-21,2.200000047683716,2.200000047683716,2.200000047683716,2.200000047683716,0.0,1.0083749294281006
2003-05-22,2.200000047683716,2.200000047683716,2.200000047683716,2.200000047683716,0.0,1.0083749294281006
2003-05-23,2.200000047683716,2.200000047683716,2.200000047683716,2.200000047683716,0.0,1.0083749294281006
2003-05-26,2.200000047683716,2.200000047683716,2.200000047683716,2.200000047683716,0.0,1.0083749294281006
2003-05-27,2.200000047683716,2.200000047683716,2.200000047683716,2.200000047683716,0.0,1.0083749294281006
2003-05-28,3.0999999046325684,3.0999999046325684,3.0999999046325684,3.0999999046325684,0.0,1.4208920001983643
2003-05-29,2.200000047683716,2.200000047683716,2.200000047683716,2.200000047683716,0.0,1.0083749294281006
2003-05-30,2.5,2.5,2.5,2.5,0.0,1.1458805799484253
2003-06-02,1.7999999523162842,1.7999999523162842,1.7999999523162842,1.7999999523162842,0.0,0.8250340819358826
2003-06-03,2.200000047683716,2.200000047683716,2.200000047683716,2.200000047683716,0.0,1.0083749294281006
2003-06-04,2.200000047683716,2.200000047683716,2.200000047683716,2.200000047683716,0.0,1.0083749294281006
2003-06-05,2.200000047683716,2.200000047683716,2.200000047683716,2.200000047683716,0.0,1.0083749294281006
2003-06-06,2.200000047683716,2.200000047683716,2.200000047683716,2.200000047683716,0.0,1.0083749294281006
2003-06-09,2.299999952316284,2.299999952316284,2.299999952316284,2.299999952316284,0.0,1.0542101860046387
2003-06-10,2.200000047683716,2.200000047683716,2.200000047683716,2.200000047683716,0.0,1.0083749294281006
2003-06-11,2.200000047683716,2.200000047683716,2.200000047683716,2.200000047683716,0.0,1.0083749294281006
2003-06-12,3.0999999046325684,3.0999999046325684,3.0999999046325684,3.0999999046325684,3.0,1.4208920001983643
2003-06-13,2.299999952316284,2.299999952316284,2.299999952316284,2.299999952316284,0.0,1.0542101860046387
2003-06-16,2.5,2.5,2.5,2.5,0.0,1.1458805799484253
2003-06-17,2.200000047683716,2.200000047683716,2.200000047683716,2.200000047683716,0.0,1.0083749294281006
2003-06-18,2.9000000953674316,2.9000000953674316,2.9000000953674316,2.9000000953674316,0.0,1.329221487045288
2003-06-19,2.200000047683716,2.200000047683716,2.200000047683716,2.200000047683716,0.0,1.0083749294281006
2003-06-20,2.200000047683716,2.200000047683716,2.200000047683716,2.200000047683716,0.0,1.0083749294281006
2003-06-23,2.200000047683716,2.200000047683716,2.200000047683716,2.200000047683716,0.0,1.0083749294281006
2003-06-24,2.299999952316284,2.299999952316284,2.299999952316284,2.299999952316284,0.0,1.0542101860046387
2003-06-25,2.200000047683716,2.200000047683716,2.200000047683716,2.200000047683716,0.0,1.0083749294281006
2003-06-26,2.299999952316284,2.299999952316284,2.299999952316284,2.299999952316284,0.0,1.0542101860046387
2003-06-27,2.200000047683716,2.200000047683716,2.200000047683716,2.200000047683716,0.0,1.0083749294281006
2003-06-30,2.200000047683716,2.200000047683716,2.200000047683716,2.200000047683716,0.0,1.0083749294281006
2003-07-01,2.200000047683716,2.200000047683716,2.200000047683716,2.200000047683716,0.0,1.0083749294281006
2003-07-02,2.049999952316284,2.049999952316284,2.049999952316284,2.049999952316284,0.0,0.939622163772583
2003-07-03,1.7999999523162842,1.7999999523162842,1.7999999523162842,1.7999999523162842,0.0,0.8250340819358826
2003-07-04,2.200000047683716,2.200000047683716,2.200000047683716,2.200000047683716,0.0,1.0083749294281006
2003-07-07,2.200000047683716,2.200000047683716,2.200000047683716,2.200000047683716,0.0,1.0083749294281006
2003-07-08,2.200000047683716,2.200000047683716,2.200000047683716,2.200000047683716,0.0,1.0083749294281006
2003-07-09,2.049999952316284,2.049999952316284,2.049999952316284,2.049999952316284,0.0,0.939622163772583
2003-07-10,2.200000047683716,2.200000047683716,2.200000047683716,2.200000047683716,0.0,1.0083749294281006
2003-07-11,2.200000047683716,2.200000047683716,2.200000047683716,2.200000047683716,0.0,1.0083749294281006
2003-07-14,2.200000047683716,2.200000047683716,2.200000047683716,2.200000047683716,0.0,1.0083749294281006
2003-07-15,2.200000047683716,2.200000047683716,2.200000047683716,2.200000047683716,0.0,1.0083749294281006
2003-07-16,2.200000047683716,2.200000047683716,2.200000047683716,2.200000047683716,0.0,1.0083749294281006
2003-07-17,3.0999999046325684,3.0999999046325684,3.0999999046325684,3.0999999046325684,1.0,1.4208920001983643
2003-07-18,2.200000047683716,2.200000047683716,2.200000047683716,2.200000047683716,0.0,1.0083749294281006
2003-07-21,2.200000047683716,2.200000047683716,2.200000047683716,2.200000047683716,0.0,1.0083749294281006
2003-07-22,2.200000047683716,2.200000047683716,2.200000047683716,2.200000047683716,0.0,1.0083749294281006
2003-07-23,2.200000047683716,2.200000047683716,2.200000047683716,2.200000047683716,0.0,1.0083749294281006
2003-07-24,2.200000047683716,2.200000047683716,2.200000047683716,2.200000047683716,0.0,1.0083749294281006
2003-07-25,3.0,3.0,3.0,3.0,2.0,1.3750566244125366
2003-07-28,2.200000047683716,2.200000047683716,2.200000047683716,2.200000047683716,0.0,1.0083749294281006
2003-07-29,2.5,2.5,2.5,2.5,0.0,1.1458805799484253
2003-07-30,2.5,2.5,2.5,2.5,0.0,1.1458805799484253
2003-07-31,2.9000000953674316,2.9000000953674316,2.9000000953674316,2.9000000953674316,0.0,1.329221487045288
2003-08-01,2.5,2.5,2.5,2.5,5.0,1.1458805799484253
2003-08-04,2.200000047683716,2.200000047683716,2.200000047683716,2.200000047683716,23.0,1.0083749294281006
2003-08-05,20.0,20.0,20.0,20.0,0.0,9.167044639587402
2003-08-06,2.299999952316284,2.299999952316284,2.299999952316284,2.299999952316284,0.0,1.0542101860046387
2003-08-07,2.299999952316284,2.299999952316284,2.299999952316284,2.299999952316284,0.0,1.0542101860046387
2003-08-08,1.7999999523162842,1.7999999523162842,1.7999999523162842,1.7999999523162842,0.0,0.8250340819358826
2003-08-11,2.299999952316284,2.299999952316284,2.299999952316284,2.299999952316284,0.0,1.0542101860046387
2003-08-12,2.299999952316284,2.299999952316284,2.299999952316284,2.299999952316284,0.0,1.0542101860046387
2003-08-13,2.309999942779541,2.309999942779541,2.309999942779541,2.309999942779541,0.0,1.0587936639785767
2003-08-14,2.309999942779541,2.309999942779541,2.309999942779541,2.309999942779541,0.0,1.0587936639785767
2003-08-15,2.5,2.5,2.5,2.5,0.0,1.1458805799484253
2003-08-18,3.0,3.0,3.0,3.0,0.0,1.3750566244125366
2003-08-19,4.0,4.0,4.0,4.0,0.0,1.8334088325500488
2003-08-20,3.0,3.0,3.0,3.0,0.0,1.3750566244125366
2003-08-21,4.0,4.0,4.0,4.0,0.0,1.8334088325500488
2003-08-22,4.389999866485596,4.389999866485596,4.389999866485596,4.389999866485596,0.0,2.0121665000915527
2003-08-25,2.549999952316284,2.549999952316284,2.549999952316284,2.549999952316284,0.0,1.1687982082366943
2003-08-26,4.400000095367432,4.400000095367432,4.400000095367432,4.400000095367432,0.0,2.016749858856201
2003-08-27,3.0,3.0,3.0,3.0,0.0,1.3750566244125366
2003-08-28,3.0,3.0,3.0,3.0,0.0,1.3750566244125366
2003-08-29,3.0199999809265137,3.0199999809265137,3.0199999809265137,3.0199999809265137,0.0,1.3842236995697021
2003-09-01,3.009999990463257,3.009999990463257,3.009999990463257,3.009999990463257,0.0,1.3796402215957642
2003-09-02,3.0,3.0,3.0,3.0,0.0,1.3750566244125366
2003-09-03,3.5999999046325684,3.5999999046325684,3.5999999046325684,3.5999999046325684,1.0,1.6500681638717651
2003-09-04,3.5999999046325684,3.5999999046325684,3.5999999046325684,3.5999999046325684,0.0,1.6500681638717651
2003-09-05,3.5999999046325684,3.5999999046325684,3.5999999046325684,3.5999999046325684,2.0,1.6500681638717651
2003-09-08,3.0999999046325684,3.0999999046325684,3.0999999046325684,3.0999999046325684,0.0,1.4208920001983643
2003-09-09,3.299999952316284,3.299999952316284,3.299999952316284,3.299999952316284,0.0,1.5125625133514404
2003-09-10,3.299999952316284,3.299999952316284,3.299999952316284,3.299999952316284,0.0,1.5125625133514404
2003-09-11,3.0,3.0,3.0,3.0,0.0,1.3750566244125366
2003-09-12,3.0,3.0,3.0,3.0,0.0,1.3750566244125366
2003-09-15,3.0,3.0,3.0,3.0,0.0,1.3750566244125366
2003-09-16,3.0399999618530273,3.0399999618530273,3.0399999618530273,3.0399999618530273,0.0,1.3933907747268677
2003-09-17,3.0399999618530273,3.0399999618530273,3.0399999618530273,3.0399999618530273,0.0,1.3933907747268677
2003-09-18,3.0999999046325684,3.0999999046325684,3.0999999046325684,3.0999999046325684,0.0,1.4208920001983643
2003-09-19,3.0399999618530273,3.0399999618530273,3.0399999618530273,3.0399999618530273,0.0,1.3933907747268677
2003-09-22,3.0399999618530273,3.0399999618530273,3.0399999618530273,3.0399999618530273,0.0,1.3933907747268677
2003-09-23,3.0399999618530273,3.0399999618530273,3.0399999618530273,3.0399999618530273,0.0,1.3933907747268677
2003-09-24,3.0399999618530273,3.0399999618530273,3.0399999618530273,3.0399999618530273,0.0,1.3933907747268677
2003-09-25,3.0399999618530273,3.0399999618530273,3.0399999618530273,3.0399999618530273,0.0,1.3933907747268677
2003-09-26,3.0399999618530273,3.0399999618530273,3.0399999618530273,3.0399999618530273,0.0,1.3933907747268677
2003-09-29,3.0399999618530273,3.0399999618530273,3.0399999618530273,3.0399999618530273,0.0,1.3933907747268677
2003-09-30,3.0399999618530273,3.0399999618530273,3.0399999618530273,3.0399999618530273,0.0,1.3933907747268677
2003-10-01,3.0,3.0,3.0,3.0,0.0,1.3750566244125366
2003-10-02,3.0,3.0,3.0,3.0,0.0,1.3750566244125366
2003-10-03,3.0,3.0,3.0,3.0,0.0,1.3750566244125366
2003-10-06,3.700000047683716,3.700000047683716,3.700000047683716,3.700000047683716,1.0,1.6959031820297241
2003-10-07,3.0999999046325684,3.0999999046325684,3.0999999046325684,3.0999999046325684,0.0,1.4208920001983643
2003-10-08,3.0,3.0,3.0,3.0,0.0,1.3750566244125366
2003-10-09,2.4600000381469727,2.4600000381469727,2.4600000381469727,2.4600000381469727,0.0,1.1275465488433838
2003-10-10,3.5,3.5,3.5,3.5,0.0,1.6042325496673584
2003-10-13,4.0,4.0,4.0,4.0,4.0,1.8334088325500488
2003-10-14,4.0,4.0,4.0,4.0,0.0,1.8334088325500488
2003-10-15,3.5,3.5,3.5,3.5,0.0,1.6042325496673584
2003-10-16,3.0,3.0,3.0,3.0,0.0,1.3750566244125366
2003-10-17,3.509999990463257,3.509999990463257,3.509999990463257,3.509999990463257,3.0,1.608816385269165
2003-10-20,3.509999990463257,3.509999990463257,3.509999990463257,3.509999990463257,0.0,1.608816385269165
2003-10-21,3.5199999809265137,3.5199999809265137,3.5199999809265137,3.5199999809265137,0.0,1.6133997440338135
2003-10-22,3.509999990463257,3.509999990463257,3.509999990463257,3.509999990463257,0.0,1.608816385269165
2003-10-23,3.509999990463257,3.509999990463257,3.509999990463257,3.509999990463257,0.0,1.608816385269165
2003-10-24,3.5,3.5,3.5,3.5,3.0,1.6042325496673584
2003-10-27,4.0,4.0,4.0,4.0,2.0,1.8334088325500488
2003-10-28,4.0,4.0,4.0,4.0,0.0,1.8334088325500488
2003-10-29,3.5,3.5,3.5,3.5,0.0,1.6042325496673584
2003-10-30,3.5,3.5,3.5,3.5,0.0,1.6042325496673584
2003-10-31,3.5,3.5,3.5,3.5,0.0,1.6042325496673584
2003-11-03,3.0,3.0,3.0,3.0,0.0,1.3750566244125366
2003-11-04,3.0,3.0,3.0,3.0,0.0,1.3750566244125366
2003-11-05,3.0,3.0,3.0,3.0,0.0,1.3750566244125366
2003-11-06,2.4600000381469727,2.4600000381469727,2.4600000381469727,2.4600000381469727,0.0,1.1275465488433838
2003-11-07,2.4600000381469727,2.4600000381469727,2.4600000381469727,2.4600000381469727,0.0,1.1275465488433838
2003-11-10,3.0,3.0,3.0,3.0,0.0,1.3750566244125366
2003-11-11,3.0,3.0,3.0,3.0,0.0,1.3750566244125366
2003-11-12,3.0,3.0,3.0,3.0,0.0,1.3750566244125366
2003-11-13,3.0,3.0,3.0,3.0,0.0,1.3750566244125366
2003-11-14,3.0,3.0,3.0,3.0,0.0,1.3750566244125366
2003-11-17,2.5,2.5,2.5,2.5,0.0,1.1458805799484253
2003-11-18,2.5,2.5,2.5,2.5,0.0,1.1458805799484253
2003-11-19,3.0,3.0,3.0,3.0,0.0,1.3750566244125366
2003-11-20,3.0,3.0,3.0,3.0,0.0,1.3750566244125366
2003-11-21,3.0,3.0,3.0,3.0,0.0,1.3750566244125366
2003-11-24,2.5,2.5,2.5,2.5,0.0,1.1458805799484253
2003-11-25,3.0,3.0,3.0,3.0,0.0,1.3750566244125366
2003-11-26,3.0,3.0,3.0,3.0,0.0,1.3750566244125366
2003-11-27,3.0,3.0,3.0,3.0,0.0,1.3750566244125366
2003-11-28,3.0,3.0,3.0,3.0,0.0,1.3750566244125366
2003-12-01,4.0,4.0,4.0,4.0,3.0,1.8334088325500488
2003-12-02,3.0,3.0,3.0,3.0,0.0,1.3750566244125366
2003-12-03,3.0,3.0,3.0,3.0,0.0,1.3750566244125366
2003-12-04,3.5,3.5,3.5,3.5,0.0,1.6042325496673584
2003-12-05,3.0,3.0,3.0,3.0,0.0,1.3750566244125366
2003-12-08,4.0,4.0,4.0,4.0,2.0,1.8334088325500488
2003-12-09,3.5199999809265137,3.5199999809265137,3.5199999809265137,3.5199999809265137,0.0,1.6133997440338135
2003-12-10,3.5,3.5,3.5,3.5,0.0,1.6042325496673584
2003-12-11,3.5,3.5,3.5,3.5,0.0,1.6042325496673584
2003-12-12,3.0,3.0,3.0,3.0,0.0,1.3750566244125366
2003-12-15,3.0,3.0,3.0,3.0,0.0,1.3750566244125366
2003-12-16,3.0,3.0,3.0,3.0,0.0,1.3750566244125366
2003-12-17,3.0,3.0,3.0,3.0,0.0,1.3750566244125366
2003-12-18,3.0,3.0,3.0,3.0,0.0,1.3750566244125366
2003-12-19,3.0,3.0,3.0,3.0,0.0,1.3750566244125366
2003-12-22,3.0,3.0,3.0,3.0,0.0,1.3750566244125366
2003-12-23,3.5,3.5,3.5,3.5,0.0,1.6042325496673584
2003-12-24,3.5,3.5,3.5,3.5,0.0,1.6042325496673584
2003-12-25,3.5,3.5,3.5,3.5,0.0,1.6042325496673584
2003-12-26,3.5,3.5,3.5,3.5,0.0,1.6042325496673584
2003-12-29,3.5,3.5,3.5,3.5,0.0,1.6042325496673584
2003-12-30,3.700000047683716,3.700000047683716,3.700000047683716,3.700000047683716,0.0,1.6959031820297241
2003-12-31,3.700000047683716,3.700000047683716,3.700000047683716,3.700000047683716,0.0,1.6959031820297241
2004-01-01,3.700000047683716,3.700000047683716,3.700000047683716,3.700000047683716,0.0,1.6959031820297241
2004-01-02,3.700000047683716,3.700000047683716,3.700000047683716,3.700000047683716,0.0,1.6959031820297241
2004-01-05,3.0,3.0,3.0,3.0,0.0,1.3750566244125366
2004-01-06,3.0,3.0,3.0,3.0,0.0,1.3750566244125366
2004-01-07,4.5,4.5,4.5,4.5,1.0,2.0625851154327393
2004-01-08,4.5,4.5,4.5,4.5,0.0,2.0625851154327393
2004-01-09,3.700000047683716,3.700000047683716,3.700000047683716,3.700000047683716,0.0,1.6959031820297241
2004-01-12,3.5,3.5,3.5,3.5,0.0,1.6042325496673584
2004-01-13,3.5,3.5,3.5,3.5,0.0,1.6042325496673584
2004-01-14,3.5,3.5,3.5,3.5,0.0,1.6042325496673584
2004-01-15,4.28000020980835,4.28000020980835,4.28000020980835,4.28000020980835,1.0,1.9617475271224976
2004-01-16,3.5,3.5,3.5,3.5,0.0,1.6042325496673584
2004-01-19,3.5,3.5,3.5,3.5,0.0,1.6042325496673584
2004-01-20,4.699999809265137,4.699999809265137,4.699999809265137,4.699999809265137,0.0,2.1542553901672363
2004-01-21,5.0,5.0,5.0,5.0,1.0,2.2917611598968506
2004-01-22,3.5,3.5,3.5,3.5,0.0,1.6042325496673584
2004-01-23,3.5,3.5,3.5,3.5,0.0,1.6042325496673584
2004-01-26,3.5,3.5,3.5,3.5,0.0,1.6042325496673584
2004-01-27,3.5,3.5,3.5,3.5,0.0,1.6042325496673584
2004-01-28,3.5,3.5,3.5,3.5,0.0,1.6042325496673584
2004-01-29,3.5,3.5,3.5,3.5,0.0,1.6042325496673584
2004-01-30,3.5,3.5,3.5,3.5,0.0,1.6042325496673584
2004-02-02,3.5,3.5,3.5,3.5,0.0,1.6042325496673584
2004-02-03,3.5,3.5,3.5,3.5,0.0,1.6042325496673584
2004-02-04,3.5,3.5,3.5,3.5,0.0,1.6042325496673584
2004-02-05,3.5,3.5,3.5,3.5,0.0,1.6042325496673584
2004-02-06,3.5,3.5,3.5,3.5,0.0,1.6042325496673584
2004-02-09,3.5,3.5,3.5,3.5,0.0,1.6042325496673584
2004-02-10,3.5,3.5,3.5,3.5,0.0,1.6042325496673584
2004-02-11,3.5,3.5,3.5,3.5,0.0,1.6042325496673584
2004-02-12,3.5,3.5,3.5,3.5,0.0,1.6042325496673584
2004-02-13,3.5,3.5,3.5,3.5,0.0,1.6042325496673584
2004-02-16,3.5,3.5,3.5,3.5,0.0,1.6042325496673584
2004-02-17,3.5,3.5,3.5,3.5,0.0,1.6042325496673584
2004-02-18,3.5,3.5,3.5,3.5,0.0,1.6042325496673584
2004-02-19,2.0,2.0,2.0,2.0,0.0,0.9167044162750244
2004-02-20,3.5,3.5,3.5,3.5,0.0,1.6042325496673584
2004-02-23,3.5,3.5,3.5,3.5,0.0,1.6042325496673584
2004-02-24,3.5,3.5,3.5,3.5,0.0,1.6042325496673584
2004-02-25,3.5,3.5,3.5,3.5,0.0,1.6042325496673584
2004-02-26,3.5,3.5,3.5,3.5,0.0,1.6042325496673584
2004-02-27,3.5,3.5,3.5,3.5,0.0,1.6042325496673584
2004-03-01,3.5,3.5,3.5,3.5,0.0,1.6042325496673584
2004-03-02,3.5,3.5,3.5,3.5,0.0,1.6042325496673584
2004-03-03,3.5,3.5,3.5,3.5,0.0,1.6042325496673584
2004-03-04,3.5,3.5,3.5,3.5,0.0,1.6042325496673584
2004-03-05,3.5,3.5,3.5,3.5,0.0,1.6042325496673584
2004-03-08,3.5,3.5,3.5,3.5,0.0,1.6042325496673584
2004-03-09,3.5,3.5,3.5,3.5,0.0,1.6042325496673584
2004-03-10,3.5,3.5,3.5,3.5,0.0,1.6042325496673584
2004-03-11,3.5,3.5,3.5,3.5,0.0,1.6042325496673584
2004-03-12,3.5,3.5,3.5,3.5,0.0,1.6042325496673584
2004-03-15,3.5,3.5,3.5,3.5,0.0,1.6042325496673584
2004-03-16,3.5,3.5,3.5,3.5,0.0,1.6042325496673584
2004-03-17,3.5,3.5,3.5,3.5,0.0,1.6042325496673584
2004-03-18,3.5,3.5,3.5,3.5,0.0,1.6042325496673584
2004-03-19,3.5,3.5,3.5,3.5,0.0,1.6042325496673584
2004-03-22,3.5,3.5,3.5,3.5,0.0,1.6042325496673584
2004-03-23,3.5,3.5,3.5,3.5,0.0,1.6042325496673584
2004-03-24,3.5,3.5,3.5,3.5,0.0,1.6042325496673584
2004-03-25,3.5,3.5,3.5,3.5,0.0,1.6042325496673584
2004-03-26,3.5,3.5,3.5,3.5,0.0,1.6042325496673584
2004-03-29,3.5,3.5,3.5,3.5,0.0,1.6042325496673584
2004-03-30,3.5,3.5,3.5,3.5,0.0,1.6042325496673584
2004-03-31,3.5,3.5,3.5,3.5,0.0,1.6042325496673584
2004-04-01,3.5,3.5,3.5,3.5,0.0,1.6042325496673584
2004-04-02,3.5,3.5,3.5,3.5,0.0,1.6042325496673584
2004-04-05,3.5,3.5,3.5,3.5,0.0,1.6042325496673584
2004-04-06,3.5,3.5,3.5,3.5,0.0,1.6042325496673584
2004-04-07,3.5,3.5,3.5,3.5,0.0,1.6042325496673584
2004-04-08,3.5,3.5,3.5,3.5,0.0,1.6042325496673584
2004-04-09,3.5,3.5,3.5,3.5,0.0,1.6042325496673584
2004-04-12,3.5,3.5,3.5,3.5,0.0,1.6042325496673584
2004-04-13,3.5,3.5,3.5,3.5,0.0,1.6042325496673584
2004-04-14,3.5,3.5,3.5,3.5,0.0,1.6042325496673584
2004-04-15,3.5,3.5,3.5,3.5,0.0,1.6042325496673584
2004-04-16,3.5,3.5,3.5,3.5,0.0,1.6042325496673584
2004-04-19,3.5,3.5,3.5,3.5,0.0,1.6042325496673584
2004-04-20,4.010000228881836,4.010000228881836,4.010000228881836,4.010000228881836,0.0,1.837992548942566
2004-04-21,4.010000228881836,4.010000228881836,4.010000228881836,4.010000228881836,0.0,1.837992548942566
2004-04-22,4.010000228881836,4.010000228881836,4.010000228881836,4.010000228881836,0.0,1.837992548942566
2004-04-23,4.010000228881836,4.010000228881836,4.010000228881836,4.010000228881836,0.0,1.837992548942566
2004-04-26,4.010000228881836,4.010000228881836,4.010000228881836,4.010000228881836,0.0,1.837992548942566
2004-04-27,6.300000190734863,6.300000190734863,6.300000190734863,6.300000190734863,14.0,2.8876194953918457
2004-04-28,6.0,6.0,6.0,6.0,1.0,2.7501132488250732
2004-04-29,6.0,6.0,6.0,6.0,0.0,2.7501132488250732
2004-04-30,6.0,6.0,6.0,6.0,0.0,2.7501132488250732
2004-05-03,6.0,6.0,6.0,6.0,0.0,2.7501132488250732
2004-05-04,6.0,6.0,6.0,6.0,0.0,2.7501132488250732
2004-05-05,3.5,3.5,3.5,3.5,0.0,1.6042325496673584
2004-05-06,3.5,3.5,3.5,3.5,0.0,1.6042325496673584
2004-05-07,3.5,3.5,3.5,3.5,0.0,1.6042325496673584
2004-05-10,3.5,3.5,3.5,3.5,0.0,1.6042325496673584
2004-05-11,3.5,3.5,3.5,3.5,0.0,1.6042325496673584
2004-05-12,3.5,3.5,3.5,3.5,0.0,1.6042325496673584
2004-05-13,3.5,3.5,3.5,3.5,0.0,1.6042325496673584
2004-05-14,3.5,3.5,3.5,3.5,0.0,1.6042325496673584
2004-05-17,3.5,3.5,3.5,3.5,0.0,1.6042325496673584
2004-05-18,3.5,3.5,3.5,3.5,0.0,1.6042325496673584
2004-05-19,3.5,3.5,3.5,3.5,0.0,1.6042325496673584
2004-05-20,3.5,3.5,3.5,3.5,0.0,1.6042325496673584
2004-05-21,3.5,3.5,3.5,3.5,0.0,1.6042325496673584
2004-05-24,3.5,3.5,3.5,3.5,0.0,1.6042325496673584
2004-05-25,3.5,3.5,3.5,3.5,0.0,1.6042325496673584
2004-05-26,3.5,3.5,3.5,3.5,0.0,1.6042325496673584
2004-05-27,3.5,3.5,3.5,3.5,0.0,1.6042325496673584
2004-05-28,3.5,3.5,3.5,3.5,0.0,1.6042325496673584
2004-05-31,3.5,3.5,3.5,3.5,0.0,1.6042325496673584
2004-06-01,3.5,3.5,3.5,3.5,0.0,1.6042325496673584
2004-06-02,3.5,3.5,3.5,3.5,0.0,1.6042325496673584
2004-06-03,3.5,3.5,3.5,3.5,0.0,1.6042325496673584
2004-06-04,3.5,3.5,3.5,3.5,0.0,1.6042325496673584
2004-06-07,3.5,3.5,3.5,3.5,0.0,1.6042325496673584
2004-06-08,3.5,3.5,3.5,3.5,0.0,1.6042325496673584
2004-06-09,3.5,3.5,3.5,3.5,0.0,1.6042325496673584
2004-06-10,3.5,3.5,3.5,3.5,0.0,1.6042325496673584
2004-06-11,3.5,3.5,3.5,3.5,0.0,1.6042325496673584
2004-06-14,3.5,3.5,3.5,3.5,0.0,1.6042325496673584
2004-06-15,6.0,6.0,6.0,6.0,0.0,2.7501132488250732
2004-06-16,6.0,6.0,6.0,6.0,0.0,2.7501132488250732
2004-06-17,4.0,4.0,4.0,4.0,0.0,1.8334088325500488
2004-06-18,4.0,4.0,4.0,4.0,0.0,1.8334088325500488
2004-06-21,4.0,4.0,4.0,4.0,0.0,1.8334088325500488
2004-06-22,6.0,6.0,6.0,6.0,0.0,2.7501132488250732
2004-06-23,6.0,6.0,6.0,6.0,0.0,2.7501132488250732
2004-06-24,6.0,6.0,6.0,6.0,0.0,2.7501132488250732
2004-06-25,6.0,6.0,6.0,6.0,0.0,2.7501132488250732
2004-06-28,6.0,6.0,6.0,6.0,0.0,2.7501132488250732
2004-06-29,6.0,6.0,6.0,6.0,0.0,2.7501132488250732
2004-06-30,6.0,6.0,6.0,6.0,0.0,2.7501132488250732
2004-07-01,6.0,6.0,6.0,6.0,0.0,2.7501132488250732
2004-07-02,6.0,6.0,6.0,6.0,0.0,2.7501132488250732
2004-07-05,6.0,6.0,6.0,6.0,0.0,2.7501132488250732
2004-07-06,6.0,6.0,6.0,6.0,0.0,2.7501132488250732
2004-07-07,6.0,6.0,6.0,6.0,0.0,2.7501132488250732
2004-07-08,6.0,6.0,6.0,6.0,0.0,2.7501132488250732
2004-07-09,6.0,6.0,6.0,6.0,0.0,2.7501132488250732
2004-07-12,6.0,6.0,6.0,6.0,0.0,2.7501132488250732
2004-07-13,6.0,6.0,6.0,6.0,0.0,2.7501132488250732
2004-07-14,6.0,6.0,6.0,6.0,0.0,2.7501132488250732
2004-07-15,6.0,6.0,6.0,6.0,0.0,2.7501132488250732
2004-07-16,6.0,6.0,6.0,6.0,0.0,2.7501132488250732
2004-07-19,6.0,6.0,6.0,6.0,0.0,2.7501132488250732
2004-07-20,6.0,6.0,6.0,6.0,0.0,2.7501132488250732
2004-07-21,6.0,6.0,6.0,6.0,0.0,2.7501132488250732
2004-07-22,6.0,6.0,6.0,6.0,0.0,2.7501132488250732
2004-07-23,6.0,6.0,6.0,6.0,0.0,2.7501132488250732
2004-07-26,6.0,6.0,6.0,6.0,0.0,2.7501132488250732
2004-07-27,4.099999904632568,4.099999904632568,4.099999904632568,4.099999904632568,0.0,1.879244327545166
2004-07-28,4.099999904632568,4.099999904632568,4.099999904632568,4.099999904632568,0.0,1.879244327545166
2004-07-29,4.099999904632568,4.099999904632568,4.099999904632568,4.099999904632568,0.0,1.879244327545166
2004-07-30,4.099999904632568,4.099999904632568,4.099999904632568,4.099999904632568,0.0,1.879244327545166
2004-08-02,4.099999904632568,4.099999904632568,4.099999904632568,4.099999904632568,0.0,1.879244327545166
2004-08-03,4.099999904632568,4.099999904632568,4.099999904632568,4.099999904632568,0.0,1.879244327545166
2004-08-04,4.099999904632568,4.099999904632568,4.099999904632568,4.099999904632568,0.0,1.879244327545166
2004-08-05,4.099999904632568,4.099999904632568,4.099999904632568,4.099999904632568,0.0,1.879244327545166
2004-08-06,5.0,5.0,5.0,5.0,0.0,2.2917611598968506
2004-08-09,5.0,5.0,5.0,5.0,0.0,2.2917611598968506
2004-08-10,5.0,5.0,5.0,5.0,0.0,2.2917611598968506
2004-08-11,5.0,5.0,5.0,5.0,0.0,2.2917611598968506
2004-08-12,5.0,5.0,5.0,5.0,0.0,2.2917611598968506
2004-08-13,5.0,5.0,5.0,5.0,0.0,2.2917611598968506
2004-08-16,5.0,5.0,5.0,5.0,0.0,2.2917611598968506
2004-08-17,5.0,5.0,5.0,5.0,0.0,2.2917611598968506
2004-08-18,5.0,5.0,5.0,5.0,0.0,2.2917611598968506
2004-08-19,5.0,5.0,5.0,5.0,0.0,2.2917611598968506
2004-08-20,5.0,5.0,5.0,5.0,0.0,2.2917611598968506
2004-08-23,5.0,5.0,5.0,5.0,0.0,2.2917611598968506
2004-08-24,5.0,5.0,5.0,5.0,0.0,2.2917611598968506
2004-08-25,5.0,5.0,5.0,5.0,0.0,2.2917611598968506
2004-08-26,5.0,5.0,5.0,5.0,0.0,2.2917611598968506
2004-08-27,5.0,5.0,5.0,5.0,0.0,2.2917611598968506
2004-08-30,5.0,5.0,5.0,5.0,0.0,2.2917611598968506
2004-08-31,5.0,5.0,5.0,5.0,0.0,2.2917611598968506
2004-09-01,5.0,5.0,5.0,5.0,0.0,2.2917611598968506
2004-09-02,5.0,5.0,5.0,5.0,0.0,2.2917611598968506
2004-09-03,5.0,5.0,5.0,5.0,0.0,2.2917611598968506
2004-09-06,5.0,5.0,5.0,5.0,0.0,2.2917611598968506
2004-09-07,5.0,5.0,5.0,5.0,0.0,2.2917611598968506
2004-09-08,5.0,5.0,5.0,5.0,0.0,2.2917611598968506
2004-09-09,5.0,5.0,5.0,5.0,0.0,2.2917611598968506
2004-09-10,5.0,5.0,5.0,5.0,0.0,2.2917611598968506
2004-09-13,5.0,5.0,5.0,5.0,0.0,2.2917611598968506
2004-09-14,5.0,5.0,5.0,5.0,0.0,2.2917611598968506
2004-09-15,5.0,5.0,5.0,5.0,0.0,2.2917611598968506
2004-09-16,5.0,5.0,5.0,5.0,0.0,2.2917611598968506
2004-09-17,5.0,5.0,5.0,5.0,0.0,2.2917611598968506
2004-09-20,5.0,5.0,5.0,5.0,0.0,2.2917611598968506
2004-09-21,5.0,5.0,5.0,5.0,0.0,2.2917611598968506
2004-09-22,5.0,5.0,5.0,5.0,0.0,2.2917611598968506
2004-09-23,5.0,5.0,5.0,5.0,0.0,2.2917611598968506
2004-09-24,5.0,5.0,5.0,5.0,0.0,2.2917611598968506
2004-09-27,5.0,5.0,5.0,5.0,0.0,2.2917611598968506
2004-09-28,5.0,5.0,5.0,5.0,0.0,2.2917611598968506
2004-09-29,5.0,5.0,5.0,5.0,0.0,2.2917611598968506
2004-09-30,5.0,5.0,5.0,5.0,0.0,2.2917611598968506
2004-10-01,5.0,5.0,5.0,5.0,0.0,2.2917611598968506
2004-10-04,5.0,5.0,5.0,5.0,0.0,2.2917611598968506
2004-10-05,5.0,5.0,5.0,5.0,0.0,2.2917611598968506
2004-10-06,5.0,5.0,5.0,5.0,0.0,2.2917611598968506
2004-10-07,5.0,5.0,5.0,5.0,0.0,2.2917611598968506
2004-10-08,5.0,5.0,5.0,5.0,0.0,2.2917611598968506
2004-10-11,5.0,5.0,5.0,5.0,0.0,2.2917611598968506
2004-10-12,5.0,5.0,5.0,5.0,0.0,2.2917611598968506
2004-10-13,5.0,5.0,5.0,5.0,0.0,2.2917611598968506
2004-10-14,5.0,5.0,5.0,5.0,0.0,2.2917611598968506
2004-10-15,5.0,5.0,5.0,5.0,0.0,2.2917611598968506
2004-10-18,5.0,5.0,5.0,5.0,0.0,2.2917611598968506
2004-10-19,5.0,5.0,5.0,5.0,0.0,2.2917611598968506
2004-10-20,5.0,5.0,5.0,5.0,0.0,2.2917611598968506
2004-10-21,5.0,5.0,5.0,5.0,0.0,2.2917611598968506
2004-10-22,5.0,5.0,5.0,5.0,0.0,2.2917611598968506
2004-10-25,5.0,5.0,5.0,5.0,0.0,2.2917611598968506
2004-10-26,5.0,5.0,5.0,5.0,0.0,2.2917611598968506
2004-10-27,5.0,5.0,5.0,5.0,0.0,2.2917611598968506
2004-10-28,5.0,5.0,5.0,5.0,0.0,2.2917611598968506
2004-10-29,5.0,5.0,5.0,5.0,0.0,2.2917611598968506
2004-11-01,5.0,5.0,5.0,5.0,0.0,2.2917611598968506
2004-11-03,7.010000228881836,7.010000228881836,7.010000228881836,7.010000228881836,0.0,3.2130491733551025
2004-11-04,7.010000228881836,7.010000228881836,7.010000228881836,7.010000228881836,0.0,3.2130491733551025
2004-11-05,7.010000228881836,7.010000228881836,7.010000228881836,7.010000228881836,0.0,3.2130491733551025
2004-11-08,7.010000228881836,7.010000228881836,7.010000228881836,7.010000228881836,0.0,3.2130491733551025
2004-11-09,7.010000228881836,7.010000228881836,7.010000228881836,7.010000228881836,0.0,3.2130491733551025
2004-11-10,7.010000228881836,7.010000228881836,7.010000228881836,7.010000228881836,0.0,3.2130491733551025
2004-11-11,7.010000228881836,7.010000228881836,7.010000228881836,7.010000228881836,0.0,3.2130491733551025
2004-11-12,7.010000228881836,7.010000228881836,7.010000228881836,7.010000228881836,0.0,3.2130491733551025
2004-11-15,7.010000228881836,7.010000228881836,7.010000228881836,7.010000228881836,0.0,3.2130491733551025
2004-11-16,7.010000228881836,7.010000228881836,7.010000228881836,7.010000228881836,0.0,3.2130491733551025
2004-11-17,7.010000228881836,7.010000228881836,7.010000228881836,7.010000228881836,0.0,3.2130491733551025
2004-11-18,7.010000228881836,7.010000228881836,7.010000228881836,7.010000228881836,0.0,3.2130491733551025
2004-11-19,7.010000228881836,7.010000228881836,7.010000228881836,7.010000228881836,0.0,3.2130491733551025
2004-11-22,5.0,5.0,5.0,5.0,0.0,2.2917611598968506
2004-11-23,5.0,5.0,5.0,5.0,0.0,2.2917611598968506
2004-11-24,5.0,5.0,5.0,5.0,0.0,2.2917611598968506
2004-11-25,5.0,5.0,5.0,5.0,0.0,2.2917611598968506
2004-11-26,5.0,5.0,5.0,5.0,0.0,2.2917611598968506
2004-11-29,5.0,5.0,5.0,5.0,0.0,2.2917611598968506
2004-11-30,5.0,5.0,5.0,5.0,0.0,2.2917611598968506
2004-12-01,5.0,5.0,5.0,5.0,0.0,2.2917611598968506
2004-12-02,5.0,5.0,5.0,5.0,0.0,2.2917611598968506
2004-12-03,5.0,5.0,5.0,5.0,0.0,2.2917611598968506
2004-12-06,5.0,5.0,5.0,5.0,0.0,2.2917611598968506
2004-12-07,5.0,5.0,5.0,5.0,0.0,2.2917611598968506
2004-12-08,5.0,5.0,5.0,5.0,0.0,2.2917611598968506
2004-12-09,5.0,5.0,5.0,5.0,0.0,2.2917611598968506
2004-12-10,5.0,5.0,5.0,5.0,0.0,2.2917611598968506
2004-12-13,5.0,5.0,5.0,5.0,0.0,2.2917611598968506
2004-12-14,5.0,5.0,5.0,5.0,0.0,2.2917611598968506
2004-12-15,5.0,5.0,5.0,5.0,0.0,2.2917611598968506
2004-12-16,5.0,5.0,5.0,5.0,0.0,2.2917611598968506
2004-12-17,5.0,5.0,5.0,5.0,0.0,2.2917611598968506
2004-12-20,5.0,5.0,5.0,5.0,0.0,2.2917611598968506
2004-12-21,5.0,5.0,5.0,5.0,0.0,2.2917611598968506
2004-12-22,5.0,5.0,5.0,5.0,0.0,2.2917611598968506
2004-12-23,5.0,5.0,5.0,5.0,0.0,2.2917611598968506
2004-12-24,5.0,5.0,5.0,5.0,0.0,2.2917611598968506
2004-12-27,5.0,5.0,5.0,5.0,0.0,2.2917611598968506
2004-12-28,5.0,5.0,5.0,5.0,0.0,2.2917611598968506
2004-12-29,5.0,5.0,5.0,5.0,0.0,2.2917611598968506
2004-12-30,5.0,5.0,5.0,5.0,0.0,2.2917611598968506
2004-12-31,5.0,5.0,5.0,5.0,0.0,2.2917611598968506
2005-01-03,5.0,5.0,5.0,5.0,0.0,2.2917611598968506
2005-01-04,5.0,5.0,5.0,5.0,0.0,2.2917611598968506
2005-01-05,5.0,5.0,5.0,5.0,0.0,2.2917611598968506
2005-01-06,5.0,5.0,5.0,5.0,0.0,2.2917611598968506
2005-01-07,5.0,5.0,5.0,5.0,0.0,2.2917611598968506
2005-01-10,5.0,5.0,5.0,5.0,0.0,2.2917611598968506
2005-01-11,5.0,5.0,5.0,5.0,0.0,2.2917611598968506
2005-01-12,5.0,5.0,5.0,5.0,0.0,2.2917611598968506
2005-01-13,5.0,5.0,5.0,5.0,0.0,2.2917611598968506
2005-01-14,5.0,5.0,5.0,5.0,0.0,2.2917611598968506
2005-01-17,5.0,5.0,5.0,5.0,0.0,2.2917611598968506
2005-01-18,5.0,5.0,5.0,5.0,0.0,2.2917611598968506
2005-01-19,5.0,5.0,5.0,5.0,0.0,2.2917611598968506
2005-01-20,5.0,5.0,5.0,5.0,0.0,2.2917611598968506
2005-01-21,5.0,5.0,5.0,5.0,0.0,2.2917611598968506
2005-01-24,5.0,5.0,5.0,5.0,0.0,2.2917611598968506
2005-01-26,7.0,7.0,7.0,7.0,0.0,3.208465099334717
2005-01-27,6.5,6.5,6.5,6.5,0.0,2.9792890548706055
2005-01-28,6.5,6.5,6.5,6.5,0.0,2.9792890548706055
2005-01-31,6.5,6.5,6.5,6.5,0.0,2.9792890548706055
2005-02-01,4.0,4.0,4.0,4.0,0.0,1.8334088325500488
2005-02-02,8.489999771118164,8.489999771118164,8.489999771118164,8.489999771118164,2.0,3.8914101123809814
2005-02-03,4.0,4.0,4.0,4.0,0.0,1.8334088325500488
2005-02-04,4.0,4.0,4.0,4.0,0.0,1.8334088325500488
2005-02-09,4.0,4.0,4.0,4.0,0.0,1.8334088325500488
2005-02-10,9.0,9.0,9.0,9.0,0.0,4.1251702308654785
2005-02-11,4.0,4.0,4.0,4.0,0.0,1.8334088325500488
2005-02-14,4.0,4.0,4.0,4.0,0.0,1.8334088325500488
2005-02-15,4.0,4.0,4.0,4.0,0.0,1.8334088325500488
2005-02-16,10.0,10.0,10.0,10.0,0.0,4.583522319793701
2005-02-17,4.0,4.0,4.0,4.0,0.0,1.8334088325500488
2005-02-18,4.0,4.0,4.0,4.0,0.0,1.8334088325500488
2005-02-21,4.0,4.0,4.0,4.0,0.0,1.8334088325500488
2005-02-22,4.0,4.0,4.0,4.0,0.0,1.8334088325500488
2005-02-23,11.0,11.0,11.0,11.0,0.0,5.041874885559082
2005-02-24,7.300000190734863,7.300000190734863,7.300000190734863,7.300000190734863,0.0,3.3459713459014893
2005-02-25,7.300000190734863,7.300000190734863,7.300000190734863,7.300000190734863,0.0,3.3459713459014893
2005-02-28,7.300000190734863,7.300000190734863,7.300000190734863,7.300000190734863,0.0,3.3459713459014893
2005-03-01,7.300000190734863,7.300000190734863,7.300000190734863,7.300000190734863,0.0,3.3459713459014893
2005-03-02,7.300000190734863,7.300000190734863,7.300000190734863,7.300000190734863,0.0,3.3459713459014893
2005-03-03,7.300000190734863,7.300000190734863,7.300000190734863,7.300000190734863,0.0,3.3459713459014893
2005-03-04,7.300000190734863,7.300000190734863,7.300000190734863,7.300000190734863,0.0,3.3459713459014893
2005-03-07,7.300000190734863,7.300000190734863,7.300000190734863,7.300000190734863,0.0,3.3459713459014893
2005-03-08,10.270000457763672,10.270000457763672,10.270000457763672,10.270000457763672,0.0,4.707277297973633
2005-03-09,7.300000190734863,7.300000190734863,7.300000190734863,7.300000190734863,0.0,3.3459713459014893
2005-03-10,7.300000190734863,7.300000190734863,7.300000190734863,7.300000190734863,0.0,3.3459713459014893
2005-03-11,7.300000190734863,7.300000190734863,7.300000190734863,7.300000190734863,0.0,3.3459713459014893
2005-03-14,7.300000190734863,7.300000190734863,7.300000190734863,7.300000190734863,0.0,3.3459713459014893
2005-03-15,7.300000190734863,7.300000190734863,7.300000190734863,7.300000190734863,0.0,3.3459713459014893
2005-03-16,7.300000190734863,7.300000190734863,7.300000190734863,7.300000190734863,0.0,3.3459713459014893
2005-03-17,7.300000190734863,7.300000190734863,7.300000190734863,7.300000190734863,0.0,3.3459713459014893
2005-03-18,10.0,10.0,10.0,10.0,0.0,4.583522319793701
2005-03-21,10.0,10.0,10.0,10.0,0.0,4.583522319793701
2005-03-22,10.0,10.0,10.0,10.0,0.0,4.583522319793701
2005-03-23,10.0,10.0,10.0,10.0,0.0,4.583522319793701
2005-03-24,10.0,10.0,10.0,10.0,0.0,4.583522319793701
2005-03-28,10.0,10.0,10.0,10.0,0.0,4.583522319793701
2005-03-29,10.0,10.0,10.0,10.0,0.0,4.583522319793701
2005-03-30,10.0,10.0,10.0,10.0,0.0,4.583522319793701
2005-03-31,10.0,10.0,10.0,10.0,0.0,4.583522319793701
2005-04-01,10.0,10.0,10.0,10.0,0.0,4.583522319793701
2005-04-04,10.0,10.0,10.0,10.0,0.0,4.583522319793701
2005-04-05,10.0,10.0,10.0,10.0,0.0,4.583522319793701
2005-04-06,10.0,10.0,10.0,10.0,0.0,4.583522319793701
2005-04-07,10.0,10.0,10.0,10.0,0.0,4.583522319793701
2005-04-08,10.0,10.0,10.0,10.0,0.0,4.583522319793701
2005-04-11,10.0,10.0,10.0,10.0,0.0,4.583522319793701
2005-04-12,10.0,10.0,10.0,10.0,0.0,4.583522319793701
2005-04-13,10.0,10.0,10.0,10.0,0.0,4.583522319793701
2005-04-14,10.0,10.0,10.0,10.0,0.0,4.583522319793701
2005-04-15,10.0,10.0,10.0,10.0,0.0,4.583522319793701
2005-04-18,10.010000228881836,10.010000228881836,10.010000228881836,10.010000228881836,0.0,4.58810567855835
2005-04-19,10.010000228881836,10.010000228881836,10.010000228881836,10.010000228881836,0.0,4.58810567855835
2005-04-20,4.0,4.0,4.0,4.0,0.0,1.8334088325500488
2005-04-22,4.0,4.0,4.0,4.0,0.0,1.8334088325500488
2005-04-25,10.010000228881836,10.010000228881836,10.010000228881836,10.010000228881836,0.0,4.58810567855835
2005-04-26,10.010000228881836,10.010000228881836,10.010000228881836,10.010000228881836,0.0,4.58810567855835
2005-04-27,10.0,10.0,10.0,10.0,0.0,4.583522319793701
2005-04-28,10.0,10.0,10.0,10.0,0.0,4.583522319793701
2005-04-29,10.0,10.0,10.0,10.0,0.0,4.583522319793701
2005-05-02,10.0,10.0,10.0,10.0,0.0,4.583522319793701
2005-05-03,4.0,4.0,4.0,4.0,0.0,1.8334088325500488
2005-05-04,10.0,10.0,10.0,10.0,0.0,4.583522319793701
2005-05-05,10.0,10.0,10.0,10.0,0.0,4.583522319793701
2005-05-06,9.0,9.0,9.0,9.0,0.0,4.1251702308654785
2005-05-09,10.0,10.0,10.0,10.0,0.0,4.583522319793701
2005-05-10,10.0,10.0,10.0,10.0,0.0,4.583522319793701
2005-05-11,10.0,10.0,10.0,10.0,0.0,4.583522319793701
2005-05-12,10.0,10.0,10.0,10.0,0.0,4.583522319793701
2005-05-13,10.0,10.0,10.0,10.0,0.0,4.583522319793701
2005-05-16,9.0,9.0,9.0,9.0,0.0,4.1251702308654785
2005-05-17,10.0,10.0,10.0,10.0,0.0,4.583522319793701
2005-05-18,10.010000228881836,10.010000228881836,10.010000228881836,10.010000228881836,0.0,4.58810567855835
2005-05-19,10.010000228881836,10.010000228881836,10.010000228881836,10.010000228881836,0.0,4.58810567855835
2005-05-20,10.010000228881836,10.010000228881836,10.010000228881836,10.010000228881836,0.0,4.58810567855835
2005-05-23,10.010000228881836,10.010000228881836,10.010000228881836,10.010000228881836,0.0,4.58810567855835
2005-05-24,10.0,10.0,10.0,10.0,0.0,4.583522319793701
2005-05-25,10.0,10.0,10.0,10.0,0.0,4.583522319793701
2005-05-27,10.0,10.0,10.0,10.0,0.0,4.583522319793701
2005-05-30,10.0,10.0,10.0,10.0,0.0,4.583522319793701
2005-05-31,10.010000228881836,10.010000228881836,10.010000228881836,10.010000228881836,0.0,4.58810567855835
2005-06-01,10.010000228881836,10.010000228881836,10.010000228881836,10.010000228881836,0.0,4.58810567855835
2005-06-02,10.010000228881836,10.010000228881836,10.010000228881836,10.010000228881836,0.0,4.58810567855835
2005-06-03,12.0,12.0,12.0,12.0,0.0,5.5002264976501465
2005-06-06,12.0,12.0,12.0,12.0,0.0,5.5002264976501465
2005-06-07,12.0,12.0,12.0,12.0,0.0,5.5002264976501465
2005-06-08,10.0,10.0,10.0,10.0,0.0,4.583522319793701
2005-06-09,10.0,10.0,10.0,10.0,0.0,4.583522319793701
2005-06-10,10.0,10.0,10.0,10.0,0.0,4.583522319793701
2005-06-13,10.0,10.0,10.0,10.0,0.0,4.583522319793701
2005-06-14,10.0,10.0,10.0,10.0,0.0,4.583522319793701
2005-06-15,10.0,10.0,10.0,10.0,0.0,4.583522319793701
2005-06-16,10.0,10.0,10.0,10.0,0.0,4.583522319793701
2005-06-17,10.010000228881836,10.010000228881836,10.010000228881836,10.010000228881836,0.0,4.58810567855835
2005-06-20,10.010000228881836,10.010000228881836,10.010000228881836,10.010000228881836,0.0,4.58810567855835
2005-06-21,10.010000228881836,10.010000228881836,10.010000228881836,10.010000228881836,0.0,4.58810567855835
2005-06-22,10.010000228881836,10.010000228881836,10.010000228881836,10.010000228881836,0.0,4.58810567855835
2005-06-23,10.010000228881836,10.010000228881836,10.010000228881836,10.010000228881836,0.0,4.58810567855835
2005-06-24,10.010000228881836,10.010000228881836,10.010000228881836,10.010000228881836,0.0,4.58810567855835
2005-06-27,12.010000228881836,12.010000228881836,12.010000228881836,12.010000228881836,0.0,5.504810810089111
2005-06-28,10.0,10.0,10.0,10.0,0.0,4.583522319793701
2005-06-29,9.800000190734863,9.800000190734863,9.800000190734863,9.800000190734863,0.0,4.491851806640625
2005-06-30,10.0,10.0,10.0,10.0,0.0,4.583522319793701
2005-07-01,10.0,10.0,10.0,10.0,0.0,4.583522319793701
2005-07-04,10.0,10.0,10.0,10.0,0.0,4.583522319793701
2005-07-05,10.0,10.0,10.0,10.0,0.0,4.583522319793701
2005-07-06,10.0,10.0,10.0,10.0,0.0,4.583522319793701
2005-07-07,10.0,10.0,10.0,10.0,0.0,4.583522319793701
2005-07-08,10.0,10.0,10.0,10.0,0.0,4.583522319793701
2005-07-11,10.0,10.0,10.0,10.0,0.0,4.583522319793701
2005-07-12,10.0,10.0,10.0,10.0,0.0,4.583522319793701
2005-07-13,10.0,10.0,10.0,10.0,0.0,4.583522319793701
2005-07-14,10.0,10.0,10.0,10.0,0.0,4.583522319793701
2005-07-15,10.0,10.0,10.0,10.0,0.0,4.583522319793701
2005-07-18,10.0,10.0,10.0,10.0,0.0,4.583522319793701
2005-07-19,10.0,10.0,10.0,10.0,0.0,4.583522319793701
2005-07-20,10.0,10.0,10.0,10.0,0.0,4.583522319793701
2005-07-21,10.0,10.0,10.0,10.0,0.0,4.583522319793701
2005-07-22,10.0,10.0,10.0,10.0,0.0,4.583522319793701
2005-07-25,10.0,10.0,10.0,10.0,0.0,4.583522319793701
2005-07-26,10.0,10.0,10.0,10.0,0.0,4.583522319793701
2005-07-27,10.0,10.0,10.0,10.0,0.0,4.583522319793701
2005-07-28,10.0,10.0,10.0,10.0,0.0,4.583522319793701
2005-07-29,11.0,11.0,11.0,11.0,0.0,5.041874885559082
2005-08-01,11.0,11.0,11.0,11.0,0.0,5.041874885559082
2005-08-02,11.0,11.0,11.0,11.0,0.0,5.041874885559082
2005-08-03,11.0,11.0,11.0,11.0,0.0,5.041874885559082
2005-08-04,11.0,11.0,11.0,11.0,0.0,5.041874885559082
2005-08-05,12.0,12.0,12.0,12.0,2.0,5.5002264976501465
2005-08-08,10.0,10.0,10.0,10.0,0.0,4.583522319793701
2005-08-09,10.0,10.0,10.0,10.0,0.0,4.583522319793701
2005-08-10,10.010000228881836,10.010000228881836,10.010000228881836,10.010000228881836,0.0,4.58810567855835
2005-08-11,11.0,11.0,11.0,11.0,0.0,5.041874885559082
2005-08-12,12.199999809265137,12.199999809265137,12.199999809265137,12.199999809265137,0.0,5.591897010803223
2005-08-15,10.0,10.0,10.0,10.0,0.0,4.583522319793701
2005-08-16,10.0,10.0,10.0,10.0,0.0,4.583522319793701
2005-08-17,10.0,10.0,10.0,10.0,0.0,4.583522319793701
2005-08-18,10.0,10.0,10.0,10.0,0.0,4.583522319793701
2005-08-19,10.0,10.0,10.0,10.0,0.0,4.583522319793701
2005-08-22,10.0,10.0,10.0,10.0,0.0,4.583522319793701
2005-08-23,10.0,10.0,10.0,10.0,0.0,4.583522319793701
2005-08-24,10.0,10.0,10.0,10.0,0.0,4.583522319793701
2005-08-25,10.0,10.0,10.0,10.0,0.0,4.583522319793701
2005-08-26,10.0,10.0,10.0,10.0,0.0,4.583522319793701
2005-08-29,10.0,10.0,10.0,10.0,0.0,4.583522319793701
2005-08-30,10.0,10.0,10.0,10.0,0.0,4.583522319793701
2005-08-31,10.0,10.0,10.0,10.0,0.0,4.583522319793701
2005-09-01,10.0,10.0,10.0,10.0,0.0,4.583522319793701
2005-09-02,10.0,10.0,10.0,10.0,0.0,4.583522319793701
2005-09-05,10.0,10.0,10.0,10.0,0.0,4.583522319793701
2005-09-06,10.0,10.0,10.0,10.0,0.0,4.583522319793701
2005-09-08,10.0,10.0,10.0,10.0,0.0,4.583522319793701
2005-09-09,10.0,10.0,10.0,10.0,0.0,4.583522319793701
2005-09-12,10.0,10.0,10.0,10.0,0.0,4.583522319793701
2005-09-13,12.0,12.0,12.0,12.0,0.0,5.5002264976501465
2005-09-14,12.0,12.0,12.0,12.0,0.0,5.5002264976501465
2005-09-15,12.0,12.0,12.0,12.0,0.0,5.5002264976501465
2005-09-16,12.0,12.0,12.0,12.0,0.0,5.5002264976501465
2005-09-19,12.0,12.0,12.0,12.0,0.0,5.5002264976501465
2005-09-20,12.0,12.0,12.0,12.0,0.0,5.5002264976501465
2005-09-21,10.0,10.0,10.0,10.0,0.0,4.583522319793701
2005-09-22,10.0,10.0,10.0,10.0,0.0,4.583522319793701
2005-09-23,10.0,10.0,10.0,10.0,0.0,4.583522319793701
2005-09-26,10.0,10.0,10.0,10.0,0.0,4.583522319793701
2005-09-27,10.0,10.0,10.0,10.0,0.0,4.583522319793701
2005-09-28,12.5,12.5,12.5,12.5,0.0,5.729403018951416
2005-09-29,12.5,12.5,12.5,12.5,0.0,5.729403018951416
2005-09-30,12.5,12.5,12.5,12.5,0.0,5.729403018951416
2005-10-03,12.5,12.5,12.5,12.5,0.0,5.729403018951416
2005-10-04,12.5,12.5,12.5,12.5,0.0,5.729403018951416
2005-10-05,10.0,10.0,10.0,10.0,0.0,4.583522319793701
2005-10-06,10.0,10.0,10.0,10.0,0.0,4.583522319793701
2005-10-07,10.0,10.0,10.0,10.0,0.0,4.583522319793701
2005-10-10,10.0,10.0,10.0,10.0,0.0,4.583522319793701
2005-10-11,10.0,10.0,10.0,10.0,0.0,4.583522319793701
2005-10-13,10.0,10.0,10.0,10.0,0.0,4.583522319793701
2005-10-14,10.0,10.0,10.0,10.0,0.0,4.583522319793701
2005-10-17,10.0,10.0,10.0,10.0,0.0,4.583522319793701
2005-10-18,10.0,10.0,10.0,10.0,0.0,4.583522319793701
2005-10-19,10.0,10.0,10.0,10.0,0.0,4.583522319793701
2005-10-20,10.0,10.0,10.0,10.0,0.0,4.583522319793701
2005-10-21,10.0,10.0,10.0,10.0,0.0,4.583522319793701
2005-10-24,10.0,10.0,10.0,10.0,0.0,4.583522319793701
2005-10-25,10.0,10.0,10.0,10.0,0.0,4.583522319793701
2005-10-26,10.0,10.0,10.0,10.0,0.0,4.583522319793701
2005-10-27,10.0,10.0,10.0,10.0,0.0,4.583522319793701
2005-10-28,10.0,10.0,10.0,10.0,0.0,4.583522319793701
2005-10-31,12.5,12.5,12.5,12.5,0.0,5.729403018951416
2005-11-01,12.5,12.5,12.5,12.5,0.0,5.729403018951416
2005-11-03,10.0,10.0,10.0,10.0,0.0,4.583522319793701
2005-11-04,10.0,10.0,10.0,10.0,0.0,4.583522319793701
2005-11-07,10.0,10.0,10.0,10.0,0.0,4.583522319793701
2005-11-08,10.0,10.0,10.0,10.0,0.0,4.583522319793701
2005-11-09,10.0,10.0,10.0,10.0,0.0,4.583522319793701
2005-11-10,10.0,10.0,10.0,10.0,0.0,4.583522319793701
2005-11-11,10.0,10.0,10.0,10.0,0.0,4.583522319793701
2005-11-14,10.0,10.0,10.0,10.0,0.0,4.583522319793701
2005-11-16,10.0,10.0,10.0,10.0,0.0,4.583522319793701
2005-11-17,10.0,10.0,10.0,10.0,0.0,4.583522319793701
2005-11-18,10.0,10.0,10.0,10.0,0.0,4.583522319793701
2005-11-21,10.0,10.0,10.0,10.0,0.0,4.583522319793701
2005-11-22,10.0,10.0,10.0,10.0,0.0,4.583522319793701
2005-11-23,10.0,10.0,10.0,10.0,0.0,4.583522319793701
2005-11-24,10.0,10.0,10.0,10.0,0.0,4.583522319793701
2005-11-25,10.0,10.0,10.0,10.0,0.0,4.583522319793701
2005-11-28,10.0,10.0,10.0,10.0,0.0,4.583522319793701
2005-11-29,10.0,10.0,10.0,10.0,0.0,4.583522319793701
2005-11-30,10.0,10.0,10.0,10.0,0.0,4.583522319793701
2005-12-01,10.0,10.0,10.0,10.0,0.0,4.583522319793701
2005-12-02,10.0,10.0,10.0,10.0,0.0,4.583522319793701
2005-12-05,10.0,10.0,10.0,10.0,0.0,4.583522319793701
2005-12-06,10.0,10.0,10.0,10.0,0.0,4.583522319793701
2005-12-07,10.0,10.0,10.0,10.0,0.0,4.583522319793701
2005-12-08,10.0,10.0,10.0,10.0,0.0,4.583522319793701
2005-12-09,10.0,10.0,10.0,10.0,0.0,4.583522319793701
2005-12-12,10.0,10.0,10.0,10.0,0.0,4.583522319793701
2005-12-13,10.0,10.0,10.0,10.0,0.0,4.583522319793701
2005-12-14,10.0,10.0,10.0,10.0,0.0,4.583522319793701
2005-12-15,10.0,10.0,10.0,10.0,0.0,4.583522319793701
2005-12-16,10.0,10.0,10.0,10.0,0.0,4.583522319793701
2005-12-19,10.0,10.0,10.0,10.0,0.0,4.583522319793701
2005-12-20,10.0,10.0,10.0,10.0,0.0,4.583522319793701
2005-12-21,10.0,10.0,10.0,10.0,0.0,4.583522319793701
2005-12-22,10.0,10.0,10.0,10.0,0.0,4.583522319793701
2005-12-23,10.0,10.0,10.0,10.0,0.0,4.583522319793701
2005-12-26,10.0,10.0,10.0,10.0,0.0,4.583522319793701
2005-12-27,10.0,10.0,10.0,10.0,0.0,4.583522319793701
2005-12-28,10.0,10.0,10.0,10.0,0.0,4.583522319793701
2005-12-29,10.0,10.0,10.0,10.0,0.0,4.583522319793701
2006-01-02,10.0,10.0,10.0,10.0,0.0,4.583522319793701
2006-01-03,10.0,10.0,10.0,10.0,0.0,4.583522319793701
2006-01-04,10.0,10.0,10.0,10.0,0.0,4.583522319793701
2006-01-05,10.0,10.0,10.0,10.0,0.0,4.583522319793701
2006-01-06,10.0,10.0,10.0,10.0,0.0,4.583522319793701
2006-01-09,10.0,10.0,10.0,10.0,0.0,4.583522319793701
2006-01-10,10.0,10.0,10.0,10.0,0.0,4.583522319793701
2006-01-11,10.0,10.0,10.0,10.0,0.0,4.583522319793701
2006-01-12,10.0,10.0,10.0,10.0,0.0,4.583522319793701
2006-01-13,12.0,12.0,12.0,12.0,0.0,5.5002264976501465
2006-01-16,12.0,12.0,12.0,12.0,0.0,5.5002264976501465
2006-01-17,12.0,12.0,12.0,12.0,0.0,5.5002264976501465
2006-01-18,12.199999809265137,12.199999809265137,12.199999809265137,12.199999809265137,0.0,5.591897010803223
2006-01-19,12.399999618530273,12.399999618530273,12.399999618530273,12.399999618530273,0.0,5.683568000793457
2006-01-20,12.399999618530273,12.399999618530273,12.399999618530273,12.399999618530273,0.0,5.683568000793457
2006-01-23,12.399999618530273,12.399999618530273,12.399999618530273,12.399999618530273,0.0,5.683568000793457
2006-01-24,12.399999618530273,12.399999618530273,12.399999618530273,12.399999618530273,0.0,5.683568000793457
2006-01-25,12.399999618530273,12.399999618530273,12.399999618530273,12.399999618530273,0.0,5.683568000793457
2006-01-26,14.0,14.0,14.0,14.0,0.0,6.416930198669434
2006-01-27,14.0,14.0,14.0,14.0,0.0,6.416930198669434
2006-01-30,14.0,14.0,14.0,14.0,0.0,6.416930198669434
2006-01-31,14.0,14.0,14.0,14.0,0.0,6.416930198669434
2006-02-01,14.0,14.0,14.0,14.0,0.0,6.416930198669434
2006-02-02,14.0,14.0,14.0,14.0,0.0,6.416930198669434
2006-02-03,14.0,14.0,14.0,14.0,0.0,6.416930198669434
2006-02-06,14.0,14.0,14.0,14.0,0.0,6.416930198669434
2006-02-07,14.0,14.0,14.0,14.0,0.0,6.416930198669434
2006-02-08,14.0,14.0,14.0,14.0,0.0,6.416930198669434
2006-02-09,14.0,14.0,14.0,14.0,0.0,6.416930198669434
2006-02-10,14.0,14.0,14.0,14.0,0.0,6.416930198669434
2006-02-13,14.0,14.0,14.0,14.0,0.0,6.416930198669434
2006-02-14,14.0,14.0,14.0,14.0,0.0,6.416930198669434
2006-02-15,14.100000381469727,14.100000381469727,14.100000381469727,14.100000381469727,0.0,6.462767124176025
2006-02-16,14.5,14.5,14.5,14.5,0.0,6.646107196807861
2006-02-17,14.0,14.0,14.0,14.0,0.0,6.416930198669434
2006-02-20,14.0,14.0,14.0,14.0,0.0,6.416930198669434
2006-02-21,14.0,14.0,14.0,14.0,0.0,6.416930198669434
2006-02-22,14.0,14.0,14.0,14.0,0.0,6.416930198669434
2006-02-23,14.0,14.0,14.0,14.0,0.0,6.416930198669434
2006-02-24,14.0,14.0,14.0,14.0,0.0,6.416930198669434
2006-02-27,14.0,14.0,14.0,14.0,0.0,6.416930198669434
2006-02-28,14.0,14.0,14.0,14.0,0.0,6.416930198669434
2006-03-01,14.0,14.0,14.0,14.0,0.0,6.416930198669434
2006-03-02,14.0,14.0,14.0,14.0,0.0,6.416930198669434
2006-03-03,14.0,14.0,14.0,14.0,0.0,6.416930198669434
2006-03-06,14.0,14.0,14.0,14.0,0.0,6.416930198669434
2006-03-07,14.0,14.0,14.0,14.0,0.0,6.416930198669434
2006-03-08,14.100000381469727,14.100000381469727,14.100000381469727,14.100000381469727,0.0,6.462767124176025
2006-03-09,14.100000381469727,14.100000381469727,14.100000381469727,14.100000381469727,0.0,6.462767124176025
2006-03-10,14.100000381469727,14.100000381469727,14.100000381469727,14.100000381469727,0.0,6.462767124176025
2006-03-13,14.100000381469727,14.100000381469727,14.100000381469727,14.100000381469727,0.0,6.462767124176025
2006-03-14,14.100000381469727,14.100000381469727,14.100000381469727,14.100000381469727,0.0,6.462767124176025
2006-03-15,14.100000381469727,14.100000381469727,14.100000381469727,14.100000381469727,0.0,6.462767124176025
2006-03-16,14.100000381469727,14.100000381469727,14.100000381469727,14.100000381469727,0.0,6.462767124176025
2006-03-17,14.100000381469727,14.100000381469727,14.100000381469727,14.100000381469727,0.0,6.462767124176025
2006-03-20,14.100000381469727,14.100000381469727,14.100000381469727,14.100000381469727,0.0,6.462767124176025
2006-03-21,14.100000381469727,14.100000381469727,14.100000381469727,14.100000381469727,0.0,6.462767124176025
2006-03-22,14.100000381469727,14.100000381469727,14.100000381469727,14.100000381469727,0.0,6.462767124176025
2006-03-23,14.100000381469727,14.100000381469727,14.100000381469727,14.100000381469727,0.0,6.462767124176025
2006-03-24,10.0,10.0,10.0,10.0,0.0,4.583522319793701
2006-03-27,10.0,10.0,10.0,10.0,0.0,4.583522319793701
2006-03-28,10.0,10.0,10.0,10.0,0.0,4.583522319793701
2006-03-29,10.0,10.0,10.0,10.0,0.0,4.583522319793701
2006-03-30,18.0,18.0,18.0,18.0,0.0,8.250340461730957
2006-03-31,19.110000610351562,19.110000610351562,19.110000610351562,19.110000610351562,0.0,8.759111404418945
2006-04-03,19.989999771118164,19.989999771118164,19.989999771118164,19.989999771118164,0.0,9.162460327148438
2006-04-04,15.0,15.0,15.0,15.0,0.0,6.875283241271973
2006-04-05,15.0,15.0,15.0,15.0,0.0,6.875283241271973
2006-04-06,15.0,15.0,15.0,15.0,0.0,6.875283241271973
2006-04-07,16.0,16.0,16.0,16.0,0.0,7.333635330200195
2006-04-10,14.5,14.5,14.5,14.5,0.0,6.646107196807861
2006-04-11,15.0,15.0,15.0,15.0,0.0,6.875283241271973
2006-04-12,10.0,10.0,10.0,10.0,0.0,4.583522319793701
2006-04-13,10.0,10.0,10.0,10.0,0.0,4.583522319793701
2006-04-14,10.0,10.0,10.0,10.0,0.0,4.583522319793701
2006-04-17,16.0,16.0,16.0,16.0,0.0,7.333635330200195
2006-04-18,16.0,16.0,16.0,16.0,0.0,7.333635330200195
2006-04-19,10.0,10.0,10.0,10.0,0.0,4.583522319793701
2006-04-20,10.0,10.0,10.0,10.0,0.0,4.583522319793701
2006-04-21,10.0,10.0,10.0,10.0,0.0,4.583522319793701
2006-04-24,15.0,15.0,15.0,15.0,0.0,6.875283241271973
2006-04-25,10.0,10.0,10.0,10.0,0.0,4.583522319793701
2006-04-26,17.989999771118164,17.989999771118164,17.989999771118164,17.989999771118164,1.0,8.245756149291992
2006-04-27,18.0,18.0,18.0,18.0,1.0,8.250340461730957
2006-04-28,18.0,18.0,18.0,18.0,0.0,8.250340461730957
2006-05-01,18.0,18.0,18.0,18.0,0.0,8.250340461730957
2006-05-02,10.0,10.0,10.0,10.0,0.0,4.583522319793701
2006-05-03,10.010000228881836,10.010000228881836,10.010000228881836,10.010000228881836,0.0,4.58810567855835
2006-05-04,10.010000228881836,10.010000228881836,10.010000228881836,10.010000228881836,0.0,4.58810567855835
2006-05-05,10.010000228881836,10.010000228881836,10.010000228881836,10.010000228881836,0.0,4.58810567855835
2006-05-08,11.010000228881836,11.010000228881836,11.010000228881836,11.010000228881836,0.0,5.046457767486572
2006-05-09,11.0,11.0,11.0,11.0,0.0,5.041874885559082
2006-05-10,11.010000228881836,11.010000228881836,11.010000228881836,11.010000228881836,0.0,5.046457767486572
2006-05-11,11.010000228881836,11.010000228881836,11.010000228881836,11.010000228881836,0.0,5.046457767486572
2006-05-12,11.010000228881836,11.010000228881836,11.010000228881836,11.010000228881836,0.0,5.046457767486572
2006-05-15,11.010000228881836,11.010000228881836,11.010000228881836,11.010000228881836,0.0,5.046457767486572
2006-05-16,11.109999656677246,11.109999656677246,11.109999656677246,11.109999656677246,0.0,5.0922932624816895
2006-05-17,11.109999656677246,11.109999656677246,11.109999656677246,11.109999656677246,0.0,5.0922932624816895
2006-05-18,11.109999656677246,11.109999656677246,11.109999656677246,11.109999656677246,0.0,5.0922932624816895
2006-05-19,11.109999656677246,11.109999656677246,11.109999656677246,11.109999656677246,0.0,5.0922932624816895
2006-05-22,11.100000381469727,11.100000381469727,11.100000381469727,11.100000381469727,0.0,5.087710380554199
2006-05-23,11.100000381469727,11.100000381469727,11.100000381469727,11.100000381469727,0.0,5.087710380554199
2006-05-24,11.100000381469727,11.100000381469727,11.100000381469727,11.100000381469727,0.0,5.087710380554199
2006-05-25,11.100000381469727,11.100000381469727,11.100000381469727,11.100000381469727,0.0,5.087710380554199
2006-05-26,11.100000381469727,11.100000381469727,11.100000381469727,11.100000381469727,0.0,5.087710380554199
2006-05-29,11.100000381469727,11.100000381469727,11.100000381469727,11.100000381469727,0.0,5.087710380554199
2006-05-30,11.100000381469727,11.100000381469727,11.100000381469727,11.100000381469727,0.0,5.087710380554199
2006-05-31,11.520000457763672,11.520000457763672,11.520000457763672,11.520000457763672,9.0,5.280218124389648
2006-06-01,15.0,15.0,15.0,15.0,3.0,6.875283241271973
2006-06-02,15.0,15.0,15.0,15.0,3.0,6.875283241271973
2006-06-05,12.600000381469727,12.600000381469727,12.600000381469727,12.600000381469727,0.0,5.775238990783691
2006-06-06,12.600000381469727,12.600000381469727,12.600000381469727,12.600000381469727,0.0,5.775238990783691
2006-06-07,12.600000381469727,12.600000381469727,12.600000381469727,12.600000381469727,0.0,5.775238990783691
2006-06-08,12.600000381469727,12.600000381469727,12.600000381469727,12.600000381469727,0.0,5.775238990783691
2006-06-09,12.600000381469727,12.600000381469727,12.600000381469727,12.600000381469727,0.0,5.775238990783691
2006-06-12,12.600000381469727,12.600000381469727,12.600000381469727,12.600000381469727,0.0,5.775238990783691
2006-06-13,12.600000381469727,12.600000381469727,12.600000381469727,12.600000381469727,0.0,5.775238990783691
2006-06-14,12.609999656677246,12.609999656677246,12.609999656677246,12.609999656677246,1.0,5.779821395874023
2006-06-15,12.609999656677246,12.609999656677246,12.609999656677246,12.609999656677246,0.0,5.779821395874023
2006-06-16,15.0,15.0,15.0,15.0,3.0,6.875283241271973
2006-06-19,15.0,15.0,15.0,15.0,3.0,6.875283241271973
2006-06-20,15.0,15.0,15.0,15.0,0.0,6.875283241271973
2006-06-21,15.0,15.0,15.0,15.0,0.0,6.875283241271973
2006-06-22,15.0,15.0,15.0,15.0,0.0,6.875283241271973
2006-06-23,15.0,15.0,15.0,15.0,0.0,6.875283241271973
2006-06-26,15.0,15.0,15.0,15.0,0.0,6.875283241271973
2006-06-27,15.0,15.0,15.0,15.0,0.0,6.875283241271973
2006-06-28,15.0,15.0,15.0,15.0,0.0,6.875283241271973
2006-06-29,15.0,15.0,15.0,15.0,0.0,6.875283241271973
2006-06-30,15.0,15.0,15.0,15.0,0.0,6.875283241271973
2006-07-03,15.0,15.0,15.0,15.0,0.0,6.875283241271973
2006-07-04,15.0,15.0,15.0,15.0,0.0,6.875283241271973
2006-07-05,15.100000381469727,15.100000381469727,15.100000381469727,15.100000381469727,0.0,6.92111873626709
2006-07-06,15.100000381469727,15.100000381469727,15.100000381469727,15.100000381469727,0.0,6.92111873626709
2006-07-07,15.100000381469727,15.100000381469727,15.100000381469727,15.100000381469727,0.0,6.92111873626709
2006-07-10,15.100000381469727,15.100000381469727,15.100000381469727,15.100000381469727,0.0,6.92111873626709
2006-07-11,16.0,16.0,16.0,16.0,0.0,7.333635330200195
2006-07-12,16.0,16.0,16.0,16.0,0.0,7.333635330200195
2006-07-13,16.0,16.0,16.0,16.0,0.0,7.333635330200195
2006-07-14,16.0,16.0,16.0,16.0,0.0,7.333635330200195
2006-07-17,16.0,16.0,16.0,16.0,0.0,7.333635330200195
2006-07-18,16.0,16.0,16.0,16.0,0.0,7.333635330200195
2006-07-19,16.0,16.0,16.0,16.0,0.0,7.333635330200195
2006-07-20,16.0,16.0,16.0,16.0,0.0,7.333635330200195
2006-07-21,16.0,16.0,16.0,16.0,0.0,7.333635330200195
2006-07-24,16.0,16.0,16.0,16.0,0.0,7.333635330200195
2006-07-25,16.0,16.0,16.0,16.0,0.0,7.333635330200195
2006-07-26,16.0,16.0,16.0,16.0,0.0,7.333635330200195
2006-07-27,16.0,16.0,16.0,16.0,0.0,7.333635330200195
2006-07-28,16.0,16.0,16.0,16.0,0.0,7.333635330200195
2006-07-31,16.0,16.0,16.0,16.0,0.0,7.333635330200195
2006-08-01,16.0,16.0,16.0,16.0,0.0,7.333635330200195
2006-08-02,16.0,16.0,16.0,16.0,0.0,7.333635330200195
2006-08-03,16.0,16.0,16.0,16.0,0.0,7.333635330200195
2006-08-04,16.0,16.0,16.0,16.0,0.0,7.333635330200195
2006-08-07,16.0,16.0,16.0,16.0,0.0,7.333635330200195
2006-08-08,16.0,16.0,16.0,16.0,0.0,7.333635330200195
2006-08-09,16.0,16.0,16.0,16.0,0.0,7.333635330200195
2006-08-10,16.0,16.0,16.0,16.0,0.0,7.333635330200195
2006-08-11,16.0,16.0,16.0,16.0,0.0,7.333635330200195
2006-08-14,16.0,16.0,16.0,16.0,0.0,7.333635330200195
2006-08-15,16.0,16.0,16.0,16.0,0.0,7.333635330200195
2006-08-16,16.0,16.0,16.0,16.0,0.0,7.333635330200195
2006-08-17,16.0,16.0,16.0,16.0,0.0,7.333635330200195
2006-08-18,16.0,16.0,16.0,16.0,0.0,7.333635330200195
2006-08-21,16.0,16.0,16.0,16.0,0.0,7.333635330200195
2006-08-22,16.0,16.0,16.0,16.0,0.0,7.333635330200195
2006-08-23,16.0,16.0,16.0,16.0,0.0,7.333635330200195
2006-08-24,16.0,16.0,16.0,16.0,0.0,7.333635330200195
2006-08-25,16.0,16.0,16.0,16.0,0.0,7.333635330200195
2006-08-28,10.0,10.0,10.0,10.0,0.0,4.583522319793701
2006-08-29,10.0,10.0,10.0,10.0,0.0,4.583522319793701
2006-08-30,10.0,10.0,10.0,10.0,0.0,4.583522319793701
2006-08-31,10.0,10.0,10.0,10.0,0.0,4.583522319793701
2006-09-01,10.0,10.0,10.0,10.0,0.0,4.583522319793701
2006-09-04,10.0,10.0,10.0,10.0,0.0,4.583522319793701
2006-09-05,10.0,10.0,10.0,10.0,0.0,4.583522319793701
2006-09-06,10.0,10.0,10.0,10.0,0.0,4.583522319793701
2006-09-07,10.0,10.0,10.0,10.0,0.0,4.583522319793701
2006-09-08,10.0,10.0,10.0,10.0,0.0,4.583522319793701
2006-09-11,10.0,10.0,10.0,10.0,0.0,4.583522319793701
2006-09-12,10.0,10.0,10.0,10.0,0.0,4.583522319793701
2006-09-13,10.0,10.0,10.0,10.0,0.0,4.583522319793701
2006-09-14,10.0,10.0,10.0,10.0,0.0,4.583522319793701
2006-09-15,10.0,10.0,10.0,10.0,0.0,4.583522319793701
2006-09-18,10.0,10.0,10.0,10.0,0.0,4.583522319793701
2006-09-19,10.0,10.0,10.0,10.0,0.0,4.583522319793701
2006-09-20,10.0,10.0,10.0,10.0,0.0,4.583522319793701
2006-09-21,10.0,10.0,10.0,10.0,0.0,4.583522319793701
2006-09-22,10.0,10.0,10.0,10.0,0.0,4.583522319793701
2006-09-25,10.0,10.0,10.0,10.0,0.0,4.583522319793701
2006-09-26,10.0,10.0,10.0,10.0,0.0,4.583522319793701
2006-09-27,10.0,10.0,10.0,10.0,0.0,4.583522319793701
2006-09-28,10.0,10.0,10.0,10.0,0.0,4.583522319793701
2006-09-29,10.0,10.0,10.0,10.0,0.0,4.583522319793701
2006-10-02,10.0,10.0,10.0,10.0,0.0,4.583522319793701
2006-10-03,10.0,10.0,10.0,10.0,0.0,4.583522319793701
2006-10-04,10.0,10.0,10.0,10.0,0.0,4.583522319793701
2006-10-05,10.0,10.0,10.0,10.0,0.0,4.583522319793701
2006-10-06,10.0,10.0,10.0,10.0,0.0,4.583522319793701
2006-10-09,10.0,10.0,10.0,10.0,0.0,4.583522319793701
2006-10-10,10.0,10.0,10.0,10.0,0.0,4.583522319793701
2006-10-11,10.0,10.0,10.0,10.0,0.0,4.583522319793701
2006-10-12,10.0,10.0,10.0,10.0,0.0,4.583522319793701
2006-10-13,10.0,10.0,10.0,10.0,0.0,4.583522319793701
2006-10-16,10.0,10.0,10.0,10.0,0.0,4.583522319793701
2006-10-17,10.0,10.0,10.0,10.0,0.0,4.583522319793701
2006-10-18,10.0,10.0,10.0,10.0,0.0,4.583522319793701
2006-10-19,10.0,10.0,10.0,10.0,0.0,4.583522319793701
2006-10-20,10.0,10.0,10.0,10.0,0.0,4.583522319793701
2006-10-23,10.0,10.0,10.0,10.0,0.0,4.583522319793701
2006-10-24,10.0,10.0,10.0,10.0,0.0,4.583522319793701
2006-10-25,10.0,10.0,10.0,10.0,0.0,4.583522319793701
2006-10-26,10.0,10.0,10.0,10.0,0.0,4.583522319793701
2006-10-27,10.0,10.0,10.0,10.0,0.0,4.583522319793701
2006-10-30,10.0,10.0,10.0,10.0,0.0,4.583522319793701
2006-10-31,10.0,10.0,10.0,10.0,0.0,4.583522319793701
2006-11-01,10.0,10.0,10.0,10.0,0.0,4.583522319793701
2006-11-02,10.0,10.0,10.0,10.0,0.0,4.583522319793701
2006-11-03,10.0,10.0,10.0,10.0,0.0,4.583522319793701
2006-11-06,10.0,10.0,10.0,10.0,0.0,4.583522319793701
2006-11-07,10.0,10.0,10.0,10.0,0.0,4.583522319793701
2006-11-08,10.0,10.0,10.0,10.0,0.0,4.583522319793701
2006-11-09,10.0,10.0,10.0,10.0,0.0,4.583522319793701
2006-11-10,10.0,10.0,10.0,10.0,0.0,4.583522319793701
2006-11-13,10.0,10.0,10.0,10.0,0.0,4.583522319793701
2006-11-14,10.0,10.0,10.0,10.0,0.0,4.583522319793701
2006-11-15,10.0,10.0,10.0,10.0,0.0,4.583522319793701
2006-11-16,10.0,10.0,10.0,10.0,0.0,4.583522319793701
2006-11-17,10.0,10.0,10.0,10.0,0.0,4.583522319793701
2006-11-20,10.0,10.0,10.0,10.0,0.0,4.583522319793701
2006-11-21,10.0,10.0,10.0,10.0,0.0,4.583522319793701
2006-11-22,10.0,10.0,10.0,10.0,0.0,4.583522319793701
2006-11-23,10.0,10.0,10.0,10.0,0.0,4.583522319793701
2006-11-24,10.0,10.0,10.0,10.0,0.0,4.583522319793701
2006-11-27,10.0,10.0,10.0,10.0,0.0,4.583522319793701
2006-11-28,10.0,10.0,10.0,10.0,0.0,4.583522319793701
2006-11-29,10.0,10.0,10.0,10.0,0.0,4.583522319793701
2006-11-30,10.0,10.0,10.0,10.0,0.0,4.583522319793701
2006-12-01,10.0,10.0,10.0,10.0,0.0,4.583522319793701
2006-12-04,10.0,10.0,10.0,10.0,0.0,4.583522319793701
2006-12-05,10.0,10.0,10.0,10.0,0.0,4.583522319793701
2006-12-06,10.0,10.0,10.0,10.0,0.0,4.583522319793701
2006-12-07,10.0,10.0,10.0,10.0,0.0,4.583522319793701
2006-12-08,10.0,10.0,10.0,10.0,0.0,4.583522319793701
2006-12-11,10.0,10.0,10.0,10.0,0.0,4.583522319793701
2006-12-12,10.0,10.0,10.0,10.0,0.0,4.583522319793701
2006-12-13,10.0,10.0,10.0,10.0,0.0,4.583522319793701
2006-12-14,10.0,10.0,10.0,10.0,0.0,4.583522319793701
2006-12-15,10.0,10.0,10.0,10.0,0.0,4.583522319793701
2006-12-18,10.0,10.0,10.0,10.0,0.0,4.583522319793701
2006-12-19,10.0,10.0,10.0,10.0,0.0,4.583522319793701
2006-12-20,10.0,10.0,10.0,10.0,0.0,4.583522319793701
2006-12-21,10.0,10.0,10.0,10.0,0.0,4.583522319793701
2006-12-22,10.0,10.0,10.0,10.0,0.0,4.583522319793701
2006-12-26,10.0,10.0,10.0,10.0,0.0,4.583522319793701
2006-12-27,10.0,10.0,10.0,10.0,0.0,4.583522319793701
2006-12-28,10.0,10.0,10.0,10.0,0.0,4.583522319793701
2007-01-02,10.0,10.0,10.0,10.0,0.0,4.583522319793701
2007-01-03,10.0,10.0,10.0,10.0,0.0,4.583522319793701
2007-01-04,12.0,12.0,12.0,12.0,0.0,5.5002264976501465
2007-01-05,11.0,11.0,11.0,11.0,0.0,5.041874885559082
2007-01-08,11.0,11.0,11.0,11.0,0.0,5.041874885559082
2007-01-09,11.0,11.0,11.0,11.0,0.0,5.041874885559082
2007-01-10,11.0,11.0,11.0,11.0,0.0,5.041874885559082
2007-01-11,11.0,11.0,11.0,11.0,0.0,5.041874885559082
2007-01-12,11.0,11.0,11.0,11.0,0.0,5.041874885559082
2007-01-15,11.0,11.0,11.0,11.0,0.0,5.041874885559082
2007-01-16,11.0,11.0,11.0,11.0,0.0,5.041874885559082
2007-01-17,11.0,11.0,11.0,11.0,0.0,5.041874885559082
2007-01-18,11.0,11.0,11.0,11.0,0.0,5.041874885559082
2007-01-19,11.0,11.0,11.0,11.0,0.0,5.041874885559082
2007-01-22,11.0,11.0,11.0,11.0,0.0,5.041874885559082
2007-01-23,11.0,11.0,11.0,11.0,0.0,5.041874885559082
2007-01-24,11.0,11.0,11.0,11.0,0.0,5.041874885559082
2007-01-26,11.0,11.0,11.0,11.0,0.0,5.041874885559082
2007-01-29,11.0,11.0,11.0,11.0,0.0,5.041874885559082
2007-01-30,11.0,11.0,11.0,11.0,0.0,5.041874885559082
2007-01-31,11.0,11.0,11.0,11.0,0.0,5.041874885559082
2007-02-01,11.0,11.0,11.0,11.0,0.0,5.041874885559082
2007-02-02,11.0,11.0,11.0,11.0,0.0,5.041874885559082
2007-02-05,11.0,11.0,11.0,11.0,0.0,5.041874885559082
2007-02-06,11.0,11.0,11.0,11.0,0.0,5.041874885559082
2007-02-07,11.0,11.0,11.0,11.0,0.0,5.041874885559082
2007-02-08,16.0,16.0,16.0,16.0,0.0,7.333635330200195
2007-02-09,16.0,16.0,16.0,16.0,0.0,7.333635330200195
2007-02-12,11.0,11.0,11.0,11.0,0.0,5.041874885559082
2007-02-13,11.0,11.0,11.0,11.0,0.0,5.041874885559082
2007-02-14,11.0,11.0,11.0,11.0,0.0,5.041874885559082
2007-02-15,16.0,16.0,16.0,16.0,0.0,7.333635330200195
2007-02-16,11.0,11.0,11.0,11.0,0.0,5.041874885559082
2007-02-21,11.0,11.0,11.0,11.0,0.0,5.041874885559082
2007-02-22,11.0,11.0,11.0,11.0,0.0,5.041874885559082
2007-02-23,11.0,11.0,11.0,11.0,0.0,5.041874885559082
2007-02-26,16.0,16.0,16.0,16.0,0.0,7.333635330200195
2007-02-27,16.0,16.0,16.0,16.0,0.0,7.333635330200195
2007-02-28,16.0,16.0,16.0,16.0,0.0,7.333635330200195
2007-03-01,16.0,16.0,16.0,16.0,0.0,7.333635330200195
2007-03-02,11.0,11.0,11.0,11.0,0.0,5.041874885559082
2007-03-05,11.0,11.0,11.0,11.0,0.0,5.041874885559082
2007-03-06,11.0,11.0,11.0,11.0,0.0,5.041874885559082
2007-03-07,11.0,11.0,11.0,11.0,0.0,5.041874885559082
2007-03-08,11.0,11.0,11.0,11.0,0.0,5.041874885559082
2007-03-09,11.0,11.0,11.0,11.0,0.0,5.041874885559082
2007-03-12,11.0,11.0,11.0,11.0,0.0,5.041874885559082
2007-03-13,11.0,11.0,11.0,11.0,0.0,5.041874885559082
2007-03-14,11.0,11.0,11.0,11.0,0.0,5.041874885559082
2007-03-15,11.0,11.0,11.0,11.0,0.0,5.041874885559082
2007-03-16,11.0,11.0,11.0,11.0,0.0,5.041874885559082
2007-03-19,11.0,11.0,11.0,11.0,0.0,5.041874885559082
2007-03-20,11.0,11.0,11.0,11.0,0.0,5.041874885559082
2007-03-21,11.0,11.0,11.0,11.0,0.0,5.041874885559082
2007-03-22,11.0,11.0,11.0,11.0,0.0,5.041874885559082
2007-03-23,11.0,11.0,11.0,11.0,0.0,5.041874885559082
2007-03-26,11.0,11.0,11.0,11.0,0.0,5.041874885559082
2007-03-27,11.0,11.0,11.0,11.0,0.0,5.041874885559082
2007-03-28,11.0,11.0,11.0,11.0,0.0,5.041874885559082
2007-03-29,11.0,11.0,11.0,11.0,0.0,5.041874885559082
2007-03-30,11.0,11.0,11.0,11.0,0.0,5.041874885559082
2007-04-02,11.0,11.0,11.0,11.0,0.0,5.041874885559082
2007-04-03,11.0,11.0,11.0,11.0,0.0,5.041874885559082
2007-04-04,11.0,11.0,11.0,11.0,0.0,5.041874885559082
2007-04-05,11.0,11.0,11.0,11.0,0.0,5.041874885559082
2007-04-09,11.0,11.0,11.0,11.0,0.0,5.041874885559082
2007-04-10,11.0,11.0,11.0,11.0,0.0,5.041874885559082
2007-04-11,11.0,11.0,11.0,11.0,0.0,5.041874885559082
2007-04-12,11.0,11.0,11.0,11.0,0.0,5.041874885559082
2007-04-13,11.0,11.0,11.0,11.0,0.0,5.041874885559082
2007-04-16,11.0,11.0,11.0,11.0,0.0,5.041874885559082
2007-04-17,11.0,11.0,11.0,11.0,0.0,5.041874885559082
2007-04-18,11.0,11.0,11.0,11.0,0.0,5.041874885559082
2007-04-19,11.0,11.0,11.0,11.0,0.0,5.041874885559082
2007-04-20,11.0,11.0,11.0,11.0,0.0,5.041874885559082
2007-04-23,10.010000228881836,10.010000228881836,10.010000228881836,10.010000228881836,1.0,4.58810567855835
2007-04-24,10.020000457763672,10.020000457763672,10.020000457763672,10.020000457763672,0.0,4.592689037322998
2007-04-25,10.100000381469727,10.100000381469727,10.100000381469727,10.100000381469727,0.0,4.629358768463135
2007-04-26,10.010000228881836,10.010000228881836,10.010000228881836,10.010000228881836,0.0,4.58810567855835
2007-04-27,10.0,10.0,10.0,10.0,0.0,4.583522319793701
2007-04-30,10.0,10.0,10.0,10.0,0.0,4.583522319793701
2007-05-02,11.5,11.5,11.5,11.5,0.0,5.271050930023193
2007-05-03,11.529999732971191,11.529999732971191,11.529999732971191,11.529999732971191,0.0,5.284801006317139
2007-05-04,10.0,10.0,10.0,10.0,0.0,4.583522319793701
2007-05-07,10.0,10.0,10.0,10.0,0.0,4.583522319793701
2007-05-08,11.0,11.0,11.0,11.0,0.0,5.041874885559082
2007-05-09,11.0,11.0,11.0,11.0,0.0,5.041874885559082
2007-05-10,11.0,11.0,11.0,11.0,0.0,5.041874885559082
2007-05-11,11.0,11.0,11.0,11.0,0.0,5.041874885559082
2007-05-14,11.0,11.0,11.0,11.0,0.0,5.041874885559082
2007-05-15,10.010000228881836,10.010000228881836,10.010000228881836,10.010000228881836,0.0,4.58810567855835
2007-05-16,10.010000228881836,10.010000228881836,10.010000228881836,10.010000228881836,0.0,4.58810567855835
2007-05-17,10.010000228881836,10.010000228881836,10.010000228881836,10.010000228881836,0.0,4.58810567855835
2007-05-18,10.010000228881836,10.010000228881836,10.010000228881836,10.010000228881836,0.0,4.58810567855835
2007-05-21,10.010000228881836,10.010000228881836,10.010000228881836,10.010000228881836,0.0,4.58810567855835
2007-05-22,10.0,10.0,10.0,10.0,0.0,4.583522319793701
2007-05-23,11.0,11.0,11.0,11.0,0.0,5.041874885559082
2007-05-24,10.0,10.0,10.0,10.0,0.0,4.583522319793701
2007-05-25,10.0,10.0,10.0,10.0,0.0,4.583522319793701
2007-05-28,10.0,10.0,10.0,10.0,0.0,4.583522319793701
2007-05-29,10.0,10.0,10.0,10.0,0.0,4.583522319793701
2007-05-30,10.0,10.0,10.0,10.0,0.0,4.583522319793701
2007-05-31,10.0,10.0,10.0,10.0,0.0,4.583522319793701
2007-06-01,10.0,10.0,10.0,10.0,0.0,4.583522319793701
2007-06-04,10.0,10.0,10.0,10.0,0.0,4.583522319793701
2007-06-05,10.0,10.0,10.0,10.0,0.0,4.583522319793701
2007-06-06,10.0,10.0,10.0,10.0,0.0,4.583522319793701
2007-06-08,10.0,10.0,10.0,10.0,0.0,4.583522319793701
2007-06-11,10.0,10.0,10.0,10.0,0.0,4.583522319793701
2007-06-12,10.0,10.0,10.0,10.0,0.0,4.583522319793701
2007-06-13,10.0,10.0,10.0,10.0,0.0,4.583522319793701
2007-06-14,9.90999984741211,9.90999984741211,9.90999984741211,9.90999984741211,0.0,4.542270660400391
2007-06-15,19.0,19.0,19.0,19.0,0.0,8.708691596984863
2007-06-18,10.0,10.0,10.0,10.0,0.0,4.583522319793701
2007-06-19,10.0,10.0,10.0,10.0,0.0,4.583522319793701
2007-06-20,13.0,13.0,13.0,13.0,0.0,5.958578109741211
2007-06-21,9.899999618530273,9.899999618530273,9.899999618530273,9.899999618530273,0.0,4.537687301635742
2007-06-22,19.0,19.0,19.0,19.0,0.0,8.708691596984863
2007-06-25,17.0,17.0,17.0,17.0,0.0,7.791987419128418
2007-06-26,11.0,11.0,11.0,11.0,0.0,5.041874885559082
2007-06-27,11.0,11.0,11.0,11.0,0.0,5.041874885559082
2007-06-28,11.0,11.0,11.0,11.0,0.0,5.041874885559082
2007-06-29,11.0,11.0,11.0,11.0,0.0,5.041874885559082
2007-07-02,13.0,13.0,13.0,13.0,0.0,5.958578109741211
2007-07-03,11.0,11.0,11.0,11.0,0.0,5.041874885559082
2007-07-04,11.0,11.0,11.0,11.0,0.0,5.041874885559082
2007-07-05,11.0,11.0,11.0,11.0,0.0,5.041874885559082
2007-07-06,11.0,11.0,11.0,11.0,0.0,5.041874885559082
2007-07-10,11.0,11.0,11.0,11.0,0.0,5.041874885559082
2007-07-11,11.0,11.0,11.0,11.0,0.0,5.041874885559082
2007-07-12,11.0,11.0,11.0,11.0,0.0,5.041874885559082
2007-07-13,11.0,11.0,11.0,11.0,0.0,5.041874885559082
2007-07-16,13.0,13.0,13.0,13.0,0.0,5.958578109741211
2007-07-17,13.0,13.0,13.0,13.0,0.0,5.958578109741211
2007-07-18,11.0,11.0,11.0,11.0,0.0,5.041874885559082
2007-07-19,11.0,11.0,11.0,11.0,0.0,5.041874885559082
2007-07-20,14.0,14.0,14.0,14.0,0.0,6.416930198669434
2007-07-23,11.0,11.0,11.0,11.0,0.0,5.041874885559082
2007-07-24,11.0,11.0,11.0,11.0,0.0,5.041874885559082
2007-07-25,11.0,11.0,11.0,11.0,0.0,5.041874885559082
2007-07-26,11.0,11.0,11.0,11.0,0.0,5.041874885559082
2007-07-27,18.950000762939453,18.950000762939453,18.950000762939453,18.950000762939453,0.0,8.685775756835938
2007-07-30,18.950000762939453,18.950000762939453,18.950000762939453,18.950000762939453,0.0,8.685775756835938
2007-07-31,18.950000762939453,18.950000762939453,18.950000762939453,18.950000762939453,0.0,8.685775756835938
2007-08-01,9.0,9.0,9.0,9.0,0.0,4.1251702308654785
2007-08-02,9.0,9.0,9.0,9.0,0.0,4.1251702308654785
2007-08-03,13.0,13.0,13.0,13.0,0.0,5.958578109741211
2007-08-06,13.0,13.0,13.0,13.0,0.0,5.958578109741211
2007-08-07,13.0,13.0,13.0,13.0,0.0,5.958578109741211
2007-08-08,21.399999618530273,21.399999618530273,21.399999618530273,21.399999618530273,0.0,9.808737754821777
2007-08-09,14.0,14.0,14.0,14.0,0.0,6.416930198669434
2007-08-10,15.0,15.0,15.0,15.0,0.0,6.875283241271973
2007-08-13,15.0,15.0,15.0,15.0,200.0,6.875283241271973
2007-08-14,15.0,15.0,15.0,15.0,0.0,6.875283241271973
2007-08-15,15.0,15.0,15.0,15.0,0.0,6.875283241271973
2007-08-16,0.014999999664723873,0.014999999664723873,0.014999999664723873,0.014999999664723873,0.0,0.006875282619148493
2007-08-17,0.014999999664723873,0.014999999664723873,0.014999999664723873,0.014999999664723873,0.0,0.006875282619148493
2007-08-20,0.014999999664723873,0.014999999664723873,0.014999999664723873,0.014999999664723873,0.0,0.006875282619148493
2007-08-21,0.014999999664723873,0.014999999664723873,0.014999999664723873,0.014999999664723873,0.0,0.006875282619148493
2007-08-22,0.014999999664723873,0.014999999664723873,0.014999999664723873,0.014999999664723873,0.0,0.006875282619148493
2007-08-23,0.014999999664723873,0.014999999664723873,0.014999999664723873,0.014999999664723873,0.0,0.006875282619148493
2007-08-24,0.014999999664723873,0.014999999664723873,0.014999999664723873,0.014999999664723873,0.0,0.006875282619148493
2007-08-27,0.014999999664723873,0.014999999664723873,0.014999999664723873,0.014999999664723873,0.0,0.006875282619148493
2007-08-28,0.014999999664723873,0.014999999664723873,0.014999999664723873,0.014999999664723873,0.0,0.006875282619148493
2007-08-29,0.014999999664723873,0.014999999664723873,0.014999999664723873,0.014999999664723873,0.0,0.006875282619148493
2007-08-30,0.014999999664723873,0.014999999664723873,0.014999999664723873,0.014999999664723873,0.0,0.006875282619148493
2007-08-31,20.0,16.0,16.0,16.0,0.0,7.333635330200195
2007-09-03,16.0,16.0,16.0,16.0,0.0,7.333635330200195
2007-09-04,20.0,20.0,20.0,20.0,100.0,9.167044639587402
2007-09-05,20.0,20.0,20.0,20.0,0.0,9.167044639587402
2007-09-06,17.0,17.0,17.0,17.0,0.0,7.791987419128418
2007-09-10,17.0,17.0,17.0,17.0,0.0,7.791987419128418
2007-09-11,17.0,17.0,17.0,17.0,0.0,7.791987419128418
2007-09-12,17.0,17.0,17.0,17.0,0.0,7.791987419128418
2007-09-13,15.0,15.0,15.0,15.0,0.0,6.875283241271973
2007-09-14,15.0,15.0,15.0,15.0,0.0,6.875283241271973
2007-09-17,15.0,15.0,15.0,15.0,0.0,6.875283241271973
2007-09-18,15.0,15.0,15.0,15.0,0.0,6.875283241271973
2007-09-19,24.0,24.0,24.0,24.0,0.0,11.000452995300293
2007-09-20,24.0,24.0,24.0,24.0,0.0,11.000452995300293
2007-09-21,24.0,24.0,24.0,24.0,0.0,11.000452995300293
2007-09-24,24.0,24.0,24.0,24.0,0.0,11.000452995300293
2007-09-25,24.0,24.0,24.0,24.0,0.0,11.000452995300293
2007-09-26,24.0,24.0,24.0,24.0,0.0,11.000452995300293
2007-09-27,20.1200008392334,20.1200008392334,20.1200008392334,20.1200008392334,100.0,9.222047805786133
2007-09-28,20.1200008392334,20.1200008392334,20.1200008392334,20.1200008392334,0.0,9.222047805786133
2007-10-01,20.010000228881836,20.010000228881836,20.010000228881836,20.010000228881836,0.0,9.171628952026367
2007-10-02,30.0,18.020000457763672,18.020000457763672,18.020000457763672,0.0,8.259507179260254
2007-10-03,28.0,19.0,19.0,19.0,0.0,8.708691596984863
2007-10-04,25.510000228881836,25.510000228881836,25.510000228881836,25.510000228881836,100.0,11.692564964294434
2007-10-05,25.510000228881836,25.510000228881836,25.510000228881836,25.510000228881836,100.0,11.692564964294434
2007-10-08,30.0,30.0,30.0,30.0,100.0,13.750566482543945
2007-10-09,30.0,30.0,30.0,30.0,100.0,13.750566482543945
2007-10-10,30.0,30.0,30.0,30.0,0.0,13.750566482543945
2007-10-11,30.0,30.0,30.0,30.0,100.0,13.750566482543945
2007-10-15,32.0,32.0,32.0,32.0,100.0,14.66727066040039
2007-10-16,32.0,32.0,32.0,32.0,100.0,14.66727066040039
2007-10-17,35.0,32.0,32.0,32.0,0.0,14.66727066040039
2007-10-18,32.0,32.0,32.0,32.0,2600.0,14.66727066040039
2007-10-19,32.02000045776367,32.02000045776367,32.02000045776367,32.02000045776367,2600.0,14.676440238952637
2007-10-22,37.5,30.0,30.0,30.0,0.0,13.750566482543945
2007-10-23,37.5,30.0,30.0,30.0,0.0,13.750566482543945
2007-10-24,30.0,30.0,30.0,30.0,0.0,13.750566482543945
2007-10-25,37.5,26.0,26.0,26.0,0.0,11.917156219482422
2007-10-26,26.0,26.0,26.0,26.0,0.0,11.917156219482422
2007-10-29,26.0,26.0,26.0,26.0,0.0,11.917156219482422
2007-10-30,26.0,26.0,26.0,26.0,0.0,11.917156219482422
2007-10-31,26.0,26.0,26.0,26.0,0.0,11.917156219482422
2007-11-01,26.0,26.0,26.0,26.0,0.0,11.917156219482422
2007-11-05,40.0,26.020000457763672,26.020000457763672,26.020000457763672,0.0,11.926324844360352
2007-11-06,26.020000457763672,26.020000457763672,26.020000457763672,26.020000457763672,0.0,11.926324844360352
2007-11-07,40.0,26.020000457763672,26.020000457763672,26.020000457763672,0.0,11.926324844360352
2007-11-08,37.5,37.5,37.5,37.5,0.0,17.188209533691406
2007-11-09,35.0,35.0,35.0,35.0,0.0,16.042327880859375
2007-11-12,35.0,35.0,35.0,35.0,0.0,16.042327880859375
2007-11-13,35.0,35.0,35.0,35.0,0.0,16.042327880859375
2007-11-14,33.0,33.0,33.0,33.0,900.0,15.12562370300293
2007-11-16,40.0,31.0,31.0,31.0,0.0,14.208919525146484
2007-11-19,37.5,31.0,31.0,31.0,0.0,14.208919525146484
2007-11-21,37.5,31.0,31.0,31.0,0.0,14.208919525146484
2007-11-22,31.0,31.0,31.0,31.0,0.0,14.208919525146484
2007-11-23,31.0,31.0,31.0,31.0,500.0,14.208919525146484
2007-11-26,31.0,31.0,31.0,31.0,0.0,14.208919525146484
2007-11-27,31.0,31.0,31.0,31.0,0.0,14.208919525146484
2007-11-28,37.5,31.0,31.0,31.0,0.0,14.208919525146484
2007-11-29,31.0,31.0,31.0,31.0,0.0,14.208919525146484
2007-11-30,31.0,31.0,31.0,31.0,0.0,14.208919525146484
2007-12-03,31.0,31.0,31.0,31.0,0.0,14.208919525146484
2007-12-04,40.0,40.0,40.0,40.0,100.0,18.334089279174805
2007-12-05,40.0,40.0,40.0,40.0,0.0,18.334089279174805
2007-12-06,40.0,40.0,40.0,40.0,0.0,18.334089279174805
2007-12-07,40.0,40.0,40.0,40.0,0.0,18.334089279174805
2007-12-10,40.0,40.0,40.0,40.0,0.0,18.334089279174805
2007-12-11,40.0,40.0,40.0,40.0,0.0,18.334089279174805
2007-12-12,40.0,40.0,40.0,40.0,0.0,18.334089279174805
2007-12-13,40.0,40.0,40.0,40.0,0.0,18.334089279174805
2007-12-14,40.0,40.0,40.0,40.0,0.0,18.334089279174805
2007-12-17,40.0,40.0,40.0,40.0,0.0,18.334089279174805
2007-12-18,45.0,45.0,45.0,45.0,0.0,20.625850677490234
2007-12-19,45.0,45.0,45.0,45.0,0.0,20.625850677490234
2007-12-20,45.0,45.0,45.0,45.0,0.0,20.625850677490234
2007-12-21,45.0,45.0,45.0,45.0,0.0,20.625850677490234
2007-12-26,45.0,45.0,45.0,45.0,0.0,20.625850677490234
2007-12-27,45.0,45.0,45.0,45.0,0.0,20.625850677490234
2007-12-28,45.0,45.0,45.0,45.0,0.0,20.625850677490234
2008-01-02,45.0,45.0,45.0,45.0,0.0,20.625850677490234
2008-01-03,45.0,45.0,45.0,45.0,0.0,20.625850677490234
2008-01-04,45.0,45.0,45.0,45.0,0.0,20.625850677490234
2008-01-07,45.0,45.0,45.0,45.0,0.0,20.625850677490234
2008-01-08,45.0,45.0,45.0,45.0,0.0,20.625850677490234
2008-01-09,45.0,45.0,45.0,45.0,0.0,20.625850677490234
2008-01-10,45.0,45.0,45.0,45.0,0.0,20.625850677490234
2008-01-11,45.0,45.0,45.0,45.0,0.0,20.625850677490234
2008-01-14,45.0,45.0,45.0,45.0,0.0,20.625850677490234
2008-01-15,40.0,40.0,40.0,40.0,0.0,18.334089279174805
2008-01-16,40.0,40.0,40.0,40.0,0.0,18.334089279174805
2008-01-17,40.0,40.0,40.0,40.0,0.0,18.334089279174805
2008-01-18,40.0,40.0,40.0,40.0,0.0,18.334089279174805
2008-01-21,40.0,40.0,40.0,40.0,0.0,18.334089279174805
2008-01-22,40.0,40.0,40.0,40.0,0.0,18.334089279174805
2008-01-23,40.0,40.0,40.0,40.0,0.0,18.334089279174805
2008-01-24,40.0,40.0,40.0,40.0,0.0,18.334089279174805
2008-01-28,40.0,40.0,40.0,40.0,0.0,18.334089279174805
2008-01-29,45.0,30.0,30.0,30.0,0.0,13.750566482543945
2008-01-30,45.0,25.0,25.0,25.0,0.0,11.458806037902832
2008-01-31,25.0,25.0,25.0,25.0,0.0,11.458806037902832
2008-02-01,25.0,25.0,25.0,25.0,0.0,11.458806037902832
2008-02-06,25.0,25.0,25.0,25.0,0.0,11.458806037902832
2008-02-07,25.0,25.0,25.0,25.0,0.0,11.458806037902832
2008-02-08,25.0,25.0,25.0,25.0,0.0,11.458806037902832
2008-02-11,25.0,25.0,25.0,25.0,0.0,11.458806037902832
2008-02-12,25.0,25.0,25.0,25.0,0.0,11.458806037902832
2008-02-13,25.0,25.0,25.0,25.0,0.0,11.458806037902832
2008-02-14,25.0,25.0,25.0,25.0,0.0,11.458806037902832
2008-02-15,25.0,25.0,25.0,25.0,0.0,11.458806037902832
2008-02-18,25.0,25.0,25.0,25.0,0.0,11.458806037902832
2008-02-19,40.0,25.0,25.0,25.0,0.0,11.458806037902832
2008-02-20,25.0,25.0,25.0,25.0,0.0,11.458806037902832
2008-02-21,25.0,25.0,25.0,25.0,0.0,11.458806037902832
2008-02-22,25.0,25.0,25.0,25.0,0.0,11.458806037902832
2008-02-25,25.0,25.0,25.0,25.0,0.0,11.458806037902832
2008-02-26,25.0,25.0,25.0,25.0,0.0,11.458806037902832
2008-02-27,40.0,25.0,25.0,25.0,0.0,11.458806037902832
2008-02-28,40.0,25.0,25.0,25.0,0.0,11.458806037902832
2008-02-29,40.0,25.0,25.0,25.0,0.0,11.458806037902832
2008-03-03,25.0,25.0,25.0,25.0,0.0,11.458806037902832
2008-03-04,40.0,40.0,40.0,40.0,100.0,18.334089279174805
2008-03-05,40.0,25.0,25.0,25.0,0.0,11.458806037902832
2008-03-06,40.0,25.0,25.0,25.0,0.0,11.458806037902832
2008-03-07,25.0,25.0,25.0,25.0,0.0,11.458806037902832
2008-03-10,39.900001525878906,25.0,25.0,25.0,0.0,11.458806037902832
2008-03-11,25.0,25.0,25.0,25.0,0.0,11.458806037902832
2008-03-12,25.0,25.0,25.0,25.0,0.0,11.458806037902832
2008-03-13,25.0,25.0,25.0,25.0,0.0,11.458806037902832
2008-03-14,25.0,25.0,25.0,25.0,0.0,11.458806037902832
2008-03-17,25.0,25.0,25.0,25.0,0.0,11.458806037902832
2008-03-18,25.0,25.0,25.0,25.0,0.0,11.458806037902832
2008-03-19,39.900001525878906,25.0,25.0,25.0,0.0,11.458806037902832
2008-03-20,25.0,25.0,25.0,25.0,0.0,11.458806037902832
2008-03-24,25.0,25.0,25.0,25.0,0.0,11.458806037902832
2008-03-25,40.0,34.0,34.0,34.0,0.0,15.583974838256836
2008-03-26,34.0,34.0,34.0,34.0,0.0,15.583974838256836
2008-03-27,34.0,34.0,34.0,34.0,0.0,15.583974838256836
2008-03-28,34.0,34.0,34.0,34.0,0.0,15.583974838256836
2008-03-31,34.0,34.0,34.0,34.0,0.0,15.583974838256836
2008-04-01,34.0,34.0,34.0,34.0,0.0,15.583974838256836
2008-04-02,34.0,34.0,34.0,34.0,0.0,15.583974838256836
2008-04-03,34.0,34.0,34.0,34.0,0.0,15.583974838256836
2008-04-04,34.0,34.0,34.0,34.0,0.0,15.583974838256836
2008-04-07,38.0,34.0,34.0,34.0,0.0,15.583974838256836
2008-04-08,34.0,34.0,34.0,34.0,0.0,15.583974838256836
2008-04-09,34.0,34.0,34.0,34.0,0.0,15.583974838256836
2008-04-10,34.0,34.0,34.0,34.0,0.0,15.583974838256836
2008-04-11,34.0,34.0,34.0,34.0,0.0,15.583974838256836
2008-04-14,45.0,35.0,35.0,35.0,0.0,16.042327880859375
2008-04-15,37.0,35.619998931884766,36.0,37.0,1600.0,16.959033966064453
2008-04-16,40.0,40.0,40.0,40.0,100.0,18.334089279174805
2008-04-17,40.0,34.0,34.0,34.0,0.0,15.583974838256836
2008-04-18,36.0,36.0,36.0,36.0,400.0,16.500680923461914
2008-04-22,36.0,36.0,36.0,36.0,0.0,16.500680923461914
2008-04-23,34.0,34.0,34.0,34.0,100.0,15.583974838256836
2008-04-24,34.0,34.0,34.0,34.0,0.0,15.583974838256836
2008-04-25,34.0,34.0,34.0,34.0,0.0,15.583974838256836
2008-04-28,34.0,34.0,34.0,34.0,100.0,15.583974838256836
2008-04-29,34.0,34.0,34.0,34.0,200.0,15.583974838256836
2008-04-30,34.0,34.0,34.0,34.0,0.0,15.583974838256836
2008-05-02,34.0,34.0,34.0,34.0,0.0,15.583974838256836
2008-05-05,34.0,34.0,34.0,34.0,0.0,15.583974838256836
2008-05-06,34.0,34.0,34.0,34.0,0.0,15.583974838256836
2008-05-07,34.0,34.0,34.0,34.0,0.0,15.583974838256836
2008-05-08,34.0,34.0,34.0,34.0,0.0,15.583974838256836
2008-05-09,34.0,34.0,34.0,34.0,0.0,15.583974838256836
2008-05-12,37.0,37.0,37.0,37.0,100.0,16.959033966064453
2008-05-13,37.0,37.0,37.0,37.0,0.0,16.959033966064453
2008-05-14,37.0,37.0,37.0,37.0,0.0,16.959033966064453
2008-05-15,37.0,37.0,37.0,37.0,0.0,16.959033966064453
2008-05-16,37.0,37.0,37.0,37.0,0.0,16.959033966064453
2008-05-19,37.0,37.0,37.0,37.0,0.0,16.959033966064453
2008-05-20,37.0,37.0,37.0,37.0,0.0,16.959033966064453
2008-05-21,37.0,37.0,37.0,37.0,0.0,16.959033966064453
2008-05-23,37.0,37.0,37.0,37.0,0.0,16.959033966064453
2008-05-26,37.0,37.0,37.0,37.0,0.0,16.959033966064453
2008-05-27,37.0,37.0,37.0,37.0,0.0,16.959033966064453
2008-05-28,37.0,37.0,37.0,37.0,0.0,16.959033966064453
2008-05-29,37.0,37.0,37.0,37.0,0.0,16.959033966064453
2008-05-30,37.0,37.0,37.0,37.0,0.0,16.959033966064453
2008-06-02,37.0,37.0,37.0,37.0,0.0,16.959033966064453
2008-06-03,37.0,37.0,37.0,37.0,0.0,16.959033966064453
2008-06-04,37.0,37.0,37.0,37.0,0.0,16.959033966064453
2008-06-05,37.0,37.0,37.0,37.0,0.0,16.959033966064453
2008-06-06,37.0,37.0,37.0,37.0,0.0,16.959033966064453
2008-06-09,37.0,37.0,37.0,37.0,0.0,16.959033966064453
2008-06-10,37.0,37.0,37.0,37.0,0.0,16.959033966064453
2008-06-11,37.0,37.0,37.0,37.0,0.0,16.959033966064453
2008-06-12,37.0,37.0,37.0,37.0,0.0,16.959033966064453
2008-06-13,37.0,37.0,37.0,37.0,0.0,16.959033966064453
2008-06-16,37.0,37.0,37.0,37.0,0.0,16.959033966064453
2008-06-17,37.0,37.0,37.0,37.0,0.0,16.959033966064453
2008-06-18,37.0,37.0,37.0,37.0,0.0,16.959033966064453
2008-06-19,37.0,37.0,37.0,37.0,0.0,16.959033966064453
2008-06-20,37.0,37.0,37.0,37.0,0.0,16.959033966064453
2008-06-23,37.0,37.0,37.0,37.0,0.0,16.959033966064453
2008-06-24,37.0,37.0,37.0,37.0,0.0,16.959033966064453
2008-06-25,37.0,37.0,37.0,37.0,0.0,16.959033966064453
2008-06-26,37.0,37.0,37.0,37.0,0.0,16.959033966064453
2008-06-27,37.0,37.0,37.0,37.0,0.0,16.959033966064453
2008-06-30,37.0,37.0,37.0,37.0,0.0,16.959033966064453
2008-07-01,37.0,37.0,37.0,37.0,0.0,16.959033966064453
2008-07-02,37.0,37.0,37.0,37.0,0.0,16.959033966064453
2008-07-03,37.0,37.0,37.0,37.0,0.0,16.959033966064453
2008-07-04,37.0,37.0,37.0,37.0,0.0,16.959033966064453
2008-07-07,37.0,37.0,37.0,37.0,100.0,16.959033966064453
2008-07-08,37.0,37.0,37.0,37.0,0.0,16.959033966064453
2008-07-10,37.0,37.0,37.0,37.0,0.0,16.959033966064453
2008-07-11,37.0,37.0,37.0,37.0,0.0,16.959033966064453
2008-07-14,37.0,37.0,37.0,37.0,0.0,16.959033966064453
2008-07-15,37.0,37.0,37.0,37.0,0.0,16.959033966064453
2008-07-16,37.0,37.0,37.0,37.0,0.0,16.959033966064453
2008-07-17,37.0,37.0,37.0,37.0,0.0,16.959033966064453
2008-07-18,37.0,37.0,37.0,37.0,0.0,16.959033966064453
2008-07-21,37.0,37.0,37.0,37.0,0.0,16.959033966064453
2008-07-22,37.0,37.0,37.0,37.0,0.0,16.959033966064453
2008-07-23,37.0,37.0,37.0,37.0,0.0,16.959033966064453
2008-07-24,37.0,37.0,37.0,37.0,0.0,16.959033966064453
2008-07-25,37.0,37.0,37.0,37.0,0.0,16.959033966064453
2008-07-28,37.0,37.0,37.0,37.0,0.0,16.959033966064453
2008-07-29,37.0,37.0,37.0,37.0,0.0,16.959033966064453
2008-07-30,37.0,37.0,37.0,37.0,0.0,16.959033966064453
2008-07-31,37.0,37.0,37.0,37.0,0.0,16.959033966064453
2008-08-01,37.0,37.0,37.0,37.0,0.0,16.959033966064453
2008-08-04,37.0,37.0,37.0,37.0,0.0,16.959033966064453
2008-08-05,37.0,37.0,37.0,37.0,0.0,16.959033966064453
2008-08-06,37.0,37.0,37.0,37.0,0.0,16.959033966064453
2008-08-07,37.0,37.0,37.0,37.0,0.0,16.959033966064453
2008-08-08,37.0,37.0,37.0,37.0,0.0,16.959033966064453
2008-08-11,37.0,37.0,37.0,37.0,0.0,16.959033966064453
2008-08-12,37.0,37.0,37.0,37.0,0.0,16.959033966064453
2008-08-13,37.0,37.0,37.0,37.0,0.0,16.959033966064453
2008-08-14,37.0,37.0,37.0,37.0,0.0,16.959033966064453
2008-08-15,37.0,37.0,37.0,37.0,0.0,16.959033966064453
2008-08-18,37.0,37.0,37.0,37.0,0.0,16.959033966064453
2008-08-19,37.0,37.0,37.0,37.0,0.0,16.959033966064453
2008-08-20,37.0,37.0,37.0,37.0,0.0,16.959033966064453
2008-08-21,37.0,37.0,37.0,37.0,0.0,16.959033966064453
2008-08-22,37.0,37.0,37.0,37.0,0.0,16.959033966064453
2008-08-25,37.0,37.0,37.0,37.0,0.0,16.959033966064453
2008-08-26,37.0,37.0,37.0,37.0,0.0,16.959033966064453
2008-08-27,37.0,37.0,37.0,37.0,0.0,16.959033966064453
2008-08-28,37.0,37.0,37.0,37.0,0.0,16.959033966064453
2008-08-29,37.0,37.0,37.0,37.0,0.0,16.959033966064453
2008-09-01,37.0,37.0,37.0,37.0,0.0,16.959033966064453
2008-09-02,37.0,37.0,37.0,37.0,0.0,16.959033966064453
2008-09-03,37.0,37.0,37.0,37.0,0.0,16.959033966064453
2008-09-04,37.0,37.0,37.0,37.0,0.0,16.959033966064453
2008-09-05,37.0,37.0,37.0,37.0,0.0,16.959033966064453
2008-09-08,37.0,37.0,37.0,37.0,0.0,16.959033966064453
2008-09-09,37.0,37.0,37.0,37.0,0.0,16.959033966064453
2008-09-10,37.0,37.0,37.0,37.0,0.0,16.959033966064453
2008-09-11,37.0,37.0,37.0,37.0,0.0,16.959033966064453
2008-09-12,37.0,37.0,37.0,37.0,0.0,16.959033966064453
2008-09-15,37.0,37.0,37.0,37.0,0.0,16.959033966064453
2008-09-16,33.0,33.0,33.0,33.0,100.0,15.12562370300293
2008-09-17,33.0,33.0,33.0,33.0,0.0,15.12562370300293
2008-09-18,33.0,33.0,33.0,33.0,0.0,15.12562370300293
2008-09-19,33.0,33.0,33.0,33.0,0.0,15.12562370300293
2008-09-22,33.0,33.0,33.0,33.0,0.0,15.12562370300293
2008-09-23,33.0,33.0,33.0,33.0,0.0,15.12562370300293
2008-09-24,33.0,33.0,33.0,33.0,0.0,15.12562370300293
2008-09-25,33.0,33.0,33.0,33.0,0.0,15.12562370300293
2008-09-26,33.0,33.0,33.0,33.0,0.0,15.12562370300293
2008-09-29,29.0,29.0,29.0,29.0,100.0,13.292214393615723
2008-09-30,27.0,27.0,27.0,27.0,1100.0,12.375510215759277
2008-10-01,27.0,27.0,27.0,27.0,0.0,12.375510215759277
2008-10-02,27.0,27.0,27.0,27.0,0.0,12.375510215759277
2008-10-03,27.0,27.0,27.0,27.0,0.0,12.375510215759277
2008-10-06,27.0,27.0,27.0,27.0,1000.0,12.375510215759277
2008-10-07,27.0,27.0,27.0,27.0,0.0,12.375510215759277
2008-10-08,27.0,27.0,27.0,27.0,0.0,12.375510215759277
2008-10-09,27.0,27.0,27.0,27.0,0.0,12.375510215759277
2008-10-10,27.0,27.0,27.0,27.0,500.0,12.375510215759277
2008-10-13,27.0,27.0,27.0,27.0,0.0,12.375510215759277
2008-10-14,27.0,27.0,27.0,27.0,0.0,12.375510215759277
2008-10-15,27.0,27.0,27.0,27.0,0.0,12.375510215759277
2008-10-16,27.0,27.0,27.0,27.0,0.0,12.375510215759277
2008-10-17,27.0,27.0,27.0,27.0,0.0,12.375510215759277
2008-10-20,27.0,27.0,27.0,27.0,0.0,12.375510215759277
2008-10-21,27.0,27.0,27.0,27.0,0.0,12.375510215759277
2008-10-22,27.0,27.0,27.0,27.0,0.0,12.375510215759277
2008-10-23,27.0,27.0,27.0,27.0,0.0,12.375510215759277
2008-10-24,27.0,27.0,27.0,27.0,0.0,12.375510215759277
2008-10-27,27.0,27.0,27.0,27.0,0.0,12.375510215759277
2008-10-28,27.0,27.0,27.0,27.0,0.0,12.375510215759277
2008-10-29,27.0,27.0,27.0,27.0,0.0,12.375510215759277
2008-10-30,27.0,27.0,27.0,27.0,0.0,12.375510215759277
2008-10-31,27.0,27.0,27.0,27.0,0.0,12.375510215759277
2008-11-03,27.0,27.0,27.0,27.0,0.0,12.375510215759277
2008-11-04,27.0,27.0,27.0,27.0,0.0,12.375510215759277
2008-11-05,27.0,27.0,27.0,27.0,0.0,12.375510215759277
2008-11-06,27.0,27.0,27.0,27.0,0.0,12.375510215759277
2008-11-07,27.0,27.0,27.0,27.0,0.0,12.375510215759277
2008-11-10,27.0,27.0,27.0,27.0,0.0,12.375510215759277
2008-11-11,27.0,27.0,27.0,27.0,0.0,12.375510215759277
2008-11-12,27.0,27.0,27.0,27.0,0.0,12.375510215759277
2008-11-13,27.0,27.0,27.0,27.0,0.0,12.375510215759277
2008-11-14,27.0,27.0,27.0,27.0,0.0,12.375510215759277
2008-11-17,27.0,27.0,27.0,27.0,0.0,12.375510215759277
2008-11-18,27.0,27.0,27.0,27.0,0.0,12.375510215759277
2008-11-19,27.0,27.0,27.0,27.0,0.0,12.375510215759277
2008-11-21,18.0,18.0,18.0,18.0,100.0,8.250340461730957
2008-11-24,18.0,18.0,18.0,18.0,0.0,8.250340461730957
2008-11-25,18.0,18.0,18.0,18.0,0.0,8.250340461730957
2008-11-26,18.0,18.0,18.0,18.0,0.0,8.250340461730957
2008-11-27,18.0,18.0,18.0,18.0,0.0,8.250340461730957
2008-11-28,18.0,18.0,18.0,18.0,0.0,8.250340461730957
2008-12-01,18.0,18.0,18.0,18.0,0.0,8.250340461730957
2008-12-02,18.0,18.0,18.0,18.0,0.0,8.250340461730957
2008-12-03,18.0,18.0,18.0,18.0,0.0,8.250340461730957
2008-12-04,18.0,18.0,18.0,18.0,0.0,8.250340461730957
2008-12-05,18.0,18.0,18.0,18.0,0.0,8.250340461730957
2008-12-08,18.0,18.0,18.0,18.0,0.0,8.250340461730957
2008-12-09,18.0,18.0,18.0,18.0,0.0,8.250340461730957
2008-12-10,18.0,18.0,18.0,18.0,0.0,8.250340461730957
2008-12-11,18.0,18.0,18.0,18.0,0.0,8.250340461730957
2008-12-12,18.0,18.0,18.0,18.0,0.0,8.250340461730957
2008-12-15,18.0,18.0,18.0,18.0,0.0,8.250340461730957
2008-12-16,18.0,18.0,18.0,18.0,0.0,8.250340461730957
2008-12-17,18.0,18.0,18.0,18.0,0.0,8.250340461730957
2008-12-18,18.0,18.0,18.0,18.0,0.0,8.250340461730957
2008-12-19,18.0,18.0,18.0,18.0,0.0,8.250340461730957
2008-12-22,18.0,18.0,18.0,18.0,0.0,8.250340461730957
2008-12-23,18.0,18.0,18.0,18.0,0.0,8.250340461730957
2008-12-26,18.0,18.0,18.0,18.0,0.0,8.250340461730957
2008-12-29,15.180000305175781,15.180000305175781,15.180000305175781,15.180000305175781,200.0,6.957787036895752
2008-12-30,15.180000305175781,15.180000305175781,15.180000305175781,15.180000305175781,0.0,6.957787036895752
2009-01-02,15.180000305175781,15.180000305175781,15.180000305175781,15.180000305175781,0.0,6.957787036895752
2009-01-05,15.180000305175781,15.180000305175781,15.180000305175781,15.180000305175781,0.0,6.957787036895752
2009-01-06,15.180000305175781,15.180000305175781,15.180000305175781,15.180000305175781,0.0,6.957787036895752
2009-01-07,15.180000305175781,15.180000305175781,15.180000305175781,15.180000305175781,0.0,6.957787036895752
2009-01-08,15.180000305175781,15.180000305175781,15.180000305175781,15.180000305175781,0.0,6.957787036895752
2009-01-09,15.180000305175781,15.180000305175781,15.180000305175781,15.180000305175781,0.0,6.957787036895752
2009-01-12,15.180000305175781,15.180000305175781,15.180000305175781,15.180000305175781,0.0,6.957787036895752
2009-01-13,15.180000305175781,15.180000305175781,15.180000305175781,15.180000305175781,0.0,6.957787036895752
2009-01-14,15.180000305175781,15.180000305175781,15.180000305175781,15.180000305175781,0.0,6.957787036895752
2009-01-15,15.180000305175781,15.180000305175781,15.180000305175781,15.180000305175781,0.0,6.957787036895752
2009-01-16,15.180000305175781,15.180000305175781,15.180000305175781,15.180000305175781,0.0,6.957787036895752
2009-01-19,15.180000305175781,15.180000305175781,15.180000305175781,15.180000305175781,0.0,6.957787036895752
2009-01-20,15.180000305175781,15.180000305175781,15.180000305175781,15.180000305175781,0.0,6.957787036895752
2009-01-21,15.180000305175781,15.180000305175781,15.180000305175781,15.180000305175781,0.0,6.957787036895752
2009-01-22,15.180000305175781,15.180000305175781,15.180000305175781,15.180000305175781,0.0,6.957787036895752
2009-01-23,15.180000305175781,15.180000305175781,15.180000305175781,15.180000305175781,0.0,6.957787036895752
2009-01-26,15.180000305175781,15.180000305175781,15.180000305175781,15.180000305175781,0.0,6.957787036895752
2009-01-27,15.180000305175781,15.180000305175781,15.180000305175781,15.180000305175781,0.0,6.957787036895752
2009-01-28,15.180000305175781,15.180000305175781,15.180000305175781,15.180000305175781,0.0,6.957787036895752
2009-01-29,15.180000305175781,15.180000305175781,15.180000305175781,15.180000305175781,0.0,6.957787036895752
2009-01-30,14.0,14.0,14.0,14.0,2000.0,6.416930198669434
2009-02-02,14.0,14.0,14.0,14.0,0.0,6.416930198669434
2009-02-03,14.0,14.0,14.0,14.0,0.0,6.416930198669434
2009-02-04,14.0,14.0,14.0,14.0,0.0,6.416930198669434
2009-02-05,14.0,14.0,14.0,14.0,0.0,6.416930198669434
2009-02-06,14.0,14.0,14.0,14.0,0.0,6.416930198669434
2009-02-09,14.699999809265137,14.0,14.699999809265137,14.0,300.0,6.416930198669434
2009-02-10,14.699999809265137,14.0,14.699999809265137,14.0,300.0,6.416930198669434
2009-02-11,14.0,14.0,14.0,14.0,0.0,6.416930198669434
2009-02-12,14.0,14.0,14.0,14.0,0.0,6.416930198669434
2009-02-13,14.0,14.0,14.0,14.0,0.0,6.416930198669434
2009-02-16,14.0,14.0,14.0,14.0,0.0,6.416930198669434
2009-02-17,14.0,14.0,14.0,14.0,0.0,6.416930198669434
2009-02-18,14.0,14.0,14.0,14.0,0.0,6.416930198669434
2009-02-19,14.0,14.0,14.0,14.0,0.0,6.416930198669434
2009-02-20,14.0,14.0,14.0,14.0,1000.0,6.416930198669434
2009-02-25,14.0,14.0,14.0,14.0,0.0,6.416930198669434
2009-02-26,14.0,14.0,14.0,14.0,0.0,6.416930198669434
2009-02-27,14.0,14.0,14.0,14.0,0.0,6.416930198669434
2009-03-02,14.0,14.0,14.0,14.0,500.0,6.416930198669434
2009-03-03,14.0,14.0,14.0,14.0,0.0,6.416930198669434
2009-03-04,14.0,14.0,14.0,14.0,0.0,6.416930198669434
2009-03-05,14.0,14.0,14.0,14.0,0.0,6.416930198669434
2009-03-06,14.0,14.0,14.0,14.0,0.0,6.416930198669434
2009-03-09,14.0,14.0,14.0,14.0,0.0,6.416930198669434
2009-03-10,14.0,14.0,14.0,14.0,0.0,6.416930198669434
2009-03-11,14.0,14.0,14.0,14.0,0.0,6.416930198669434
2009-03-12,14.0,14.0,14.0,14.0,0.0,6.416930198669434
2009-03-13,14.0,14.0,14.0,14.0,0.0,6.416930198669434
2009-03-16,14.0,14.0,14.0,14.0,0.0,6.416930198669434
2009-03-17,14.0,14.0,14.0,14.0,300.0,6.416930198669434
2009-03-18,14.0,14.0,14.0,14.0,0.0,6.416930198669434
2009-03-19,14.0,14.0,14.0,14.0,0.0,6.416930198669434
2009-03-20,14.0,14.0,14.0,14.0,0.0,6.416930198669434
2009-03-23,14.0,14.0,14.0,14.0,0.0,6.416930198669434
2009-03-24,14.0,14.0,14.0,14.0,0.0,6.416930198669434
2009-03-25,14.0,14.0,14.0,14.0,0.0,6.416930198669434
2009-03-26,14.0,14.0,14.0,14.0,0.0,6.416930198669434
2009-03-27,14.0,14.0,14.0,14.0,0.0,6.416930198669434
2009-03-30,14.0,14.0,14.0,14.0,0.0,6.416930198669434
2009-03-31,14.0,14.0,14.0,14.0,0.0,6.416930198669434
2009-04-01,14.0,14.0,14.0,14.0,0.0,6.416930198669434
2009-04-02,16.200000762939453,16.200000762939453,16.200000762939453,16.200000762939453,100.0,7.425306797027588
2009-04-03,16.200000762939453,16.200000762939453,16.200000762939453,16.200000762939453,0.0,7.425306797027588
2009-04-06,14.5,14.5,14.5,14.5,100.0,6.646107196807861
2009-04-07,14.5,14.5,14.5,14.5,0.0,6.646107196807861
2009-04-08,14.5,14.5,14.5,14.5,300.0,6.646107196807861
2009-04-09,14.5,14.5,14.5,14.5,400.0,6.646107196807861
2009-04-13,14.5,14.5,14.5,14.5,0.0,6.646107196807861
2009-04-14,14.5,14.5,14.5,14.5,0.0,6.646107196807861
2009-04-15,14.5,14.5,14.5,14.5,0.0,6.646107196807861
2009-04-16,14.5,14.5,14.5,14.5,100.0,6.646107196807861
2009-04-17,14.5,14.5,14.5,14.5,0.0,6.646107196807861
2009-04-20,14.5,14.5,14.5,14.5,0.0,6.646107196807861
2009-04-22,14.5,14.5,14.5,14.5,0.0,6.646107196807861
2009-04-23,14.5,14.5,14.5,14.5,0.0,6.646107196807861
2009-04-24,14.5,14.5,14.5,14.5,0.0,6.646107196807861
2009-04-27,14.5,14.5,14.5,14.5,0.0,6.646107196807861
2009-04-28,14.5,14.5,14.5,14.5,0.0,6.646107196807861
2009-04-29,14.5,14.5,14.5,14.5,0.0,6.646107196807861
2009-04-30,14.5,14.5,14.5,14.5,0.0,6.646107196807861
2009-05-04,14.5,14.5,14.5,14.5,0.0,6.930715560913086
2009-05-05,14.5,14.5,14.5,14.5,0.0,6.930715560913086
2009-05-06,14.5,14.5,14.5,14.5,0.0,6.930715560913086
2009-05-07,14.5,14.5,14.5,14.5,0.0,6.930715560913086
2009-05-08,14.5,14.5,14.5,14.5,0.0,6.930715560913086
2009-05-11,14.5,14.5,14.5,14.5,0.0,6.930715560913086
2009-05-12,14.5,14.5,14.5,14.5,0.0,6.930715560913086
2009-05-13,14.5,14.5,14.5,14.5,0.0,6.930715560913086
2009-05-14,27.790000915527344,27.790000915527344,27.790000915527344,27.790000915527344,100.0,13.283075332641602
2009-05-15,27.790000915527344,27.790000915527344,27.790000915527344,27.790000915527344,0.0,13.283075332641602
2009-05-18,27.790000915527344,27.790000915527344,27.790000915527344,27.790000915527344,0.0,13.283075332641602
2009-05-19,27.790000915527344,27.790000915527344,27.790000915527344,27.790000915527344,0.0,13.283075332641602
2009-05-20,27.790000915527344,27.790000915527344,27.790000915527344,27.790000915527344,0.0,13.283075332641602
2009-05-21,27.790000915527344,27.790000915527344,27.790000915527344,27.790000915527344,0.0,13.283075332641602
2009-05-22,27.790000915527344,27.790000915527344,27.790000915527344,27.790000915527344,0.0,13.283075332641602
2009-05-25,27.790000915527344,27.790000915527344,27.790000915527344,27.790000915527344,0.0,13.283075332641602
2009-05-26,27.790000915527344,27.790000915527344,27.790000915527344,27.790000915527344,0.0,13.283075332641602
2009-05-27,27.790000915527344,27.790000915527344,27.790000915527344,27.790000915527344,0.0,13.283075332641602
2009-05-28,27.790000915527344,27.790000915527344,27.790000915527344,27.790000915527344,0.0,13.283075332641602
2009-05-29,27.790000915527344,27.790000915527344,27.790000915527344,27.790000915527344,0.0,13.283075332641602
2009-06-01,27.790000915527344,27.790000915527344,27.790000915527344,27.790000915527344,0.0,13.283075332641602
2009-06-02,16.010000228881836,16.010000228881836,16.010000228881836,16.010000228881836,100.0,7.652466773986816
2009-06-03,16.010000228881836,16.010000228881836,16.010000228881836,16.010000228881836,0.0,7.652466773986816
2009-06-04,16.010000228881836,16.010000228881836,16.010000228881836,16.010000228881836,0.0,7.652466773986816
2009-06-05,16.010000228881836,16.010000228881836,16.010000228881836,16.010000228881836,0.0,7.652466773986816
2009-06-08,16.010000228881836,16.010000228881836,16.010000228881836,16.010000228881836,0.0,7.652466773986816
2009-06-09,16.010000228881836,16.010000228881836,16.010000228881836,16.010000228881836,0.0,7.652466773986816
2009-06-10,16.010000228881836,16.010000228881836,16.010000228881836,16.010000228881836,0.0,7.652466773986816
2009-06-12,16.010000228881836,16.010000228881836,16.010000228881836,16.010000228881836,0.0,7.652466773986816
2009-06-15,16.010000228881836,16.010000228881836,16.010000228881836,16.010000228881836,0.0,7.652466773986816
2009-06-16,16.010000228881836,16.010000228881836,16.010000228881836,16.010000228881836,0.0,7.652466773986816
2009-06-17,16.010000228881836,16.010000228881836,16.010000228881836,16.010000228881836,0.0,7.652466773986816
2009-06-18,16.010000228881836,16.010000228881836,16.010000228881836,16.010000228881836,0.0,7.652466773986816
2009-06-19,16.010000228881836,16.010000228881836,16.010000228881836,16.010000228881836,0.0,7.652466773986816
2009-06-22,16.010000228881836,16.010000228881836,16.010000228881836,16.010000228881836,0.0,7.652466773986816
2009-06-23,16.010000228881836,16.010000228881836,16.010000228881836,16.010000228881836,0.0,7.652466773986816
2009-06-24,16.010000228881836,16.010000228881836,16.010000228881836,16.010000228881836,0.0,7.652466773986816
2009-06-25,16.010000228881836,16.010000228881836,16.010000228881836,16.010000228881836,0.0,7.652466773986816
2009-06-26,16.010000228881836,16.010000228881836,16.010000228881836,16.010000228881836,0.0,7.652466773986816
2009-06-29,16.010000228881836,16.010000228881836,16.010000228881836,16.010000228881836,0.0,7.652466773986816
2009-06-30,16.010000228881836,16.010000228881836,16.010000228881836,16.010000228881836,0.0,7.652466773986816
2009-07-01,16.010000228881836,16.010000228881836,16.010000228881836,16.010000228881836,0.0,7.652466773986816
2009-07-02,16.010000228881836,16.010000228881836,16.010000228881836,16.010000228881836,0.0,7.652466773986816
2009-07-03,24.989999771118164,24.989999771118164,24.989999771118164,24.989999771118164,100.0,11.944727897644043
2009-07-06,20.0,20.0,20.0,20.0,2300.0,9.559608459472656
2009-07-07,20.0,20.0,20.0,20.0,5000.0,9.559608459472656
2009-07-08,19.010000228881836,19.0,19.010000228881836,19.0,400.0,9.08162784576416
2009-07-09,19.0,19.0,19.0,19.0,0.0,9.08162784576416
2009-07-10,19.0,19.0,19.0,19.0,0.0,9.08162784576416
2009-07-13,19.0,19.0,19.0,19.0,0.0,9.08162784576416
2009-07-14,19.0,19.0,19.0,19.0,0.0,9.08162784576416
2009-07-15,19.0,19.0,19.0,19.0,0.0,9.08162784576416
2009-07-16,19.0,19.0,19.0,19.0,0.0,9.08162784576416
2009-07-17,19.0,19.0,19.0,19.0,0.0,9.08162784576416
2009-07-20,19.0,19.0,19.0,19.0,0.0,9.08162784576416
2009-07-21,19.0,19.0,19.0,19.0,0.0,9.08162784576416
2009-07-22,19.0,19.0,19.0,19.0,0.0,9.08162784576416
2009-07-23,19.0,19.0,19.0,19.0,0.0,9.08162784576416
2009-07-24,19.0,19.0,19.0,19.0,0.0,9.08162784576416
2009-07-27,19.0,19.0,19.0,19.0,0.0,9.08162784576416
2009-07-28,19.0,19.0,19.0,19.0,0.0,9.08162784576416
2009-07-29,19.0,19.0,19.0,19.0,0.0,9.08162784576416
2009-07-30,19.0,19.0,19.0,19.0,0.0,9.08162784576416
2009-07-31,19.0,19.0,19.0,19.0,0.0,9.08162784576416
2009-08-03,19.0,19.0,19.0,19.0,0.0,9.08162784576416
2009-08-04,19.0,19.0,19.0,19.0,0.0,9.08162784576416
2009-08-05,19.0,19.0,19.0,19.0,0.0,9.08162784576416
2009-08-06,19.0,19.0,19.0,19.0,0.0,9.08162784576416
2009-08-07,19.0,19.0,19.0,19.0,0.0,9.08162784576416
2009-08-10,19.0,19.0,19.0,19.0,0.0,9.08162784576416
2009-08-11,19.0,19.0,19.0,19.0,0.0,9.08162784576416
2009-08-12,19.0,19.0,19.0,19.0,0.0,9.08162784576416
2009-08-13,19.0,19.0,19.0,19.0,0.0,9.08162784576416
2009-08-14,19.0,19.0,19.0,19.0,0.0,9.08162784576416
2009-08-17,19.0,19.0,19.0,19.0,0.0,9.08162784576416
2009-08-18,19.0,19.0,19.0,19.0,0.0,9.08162784576416
2009-08-19,19.0,19.0,19.0,19.0,0.0,9.08162784576416
2009-08-20,19.0,19.0,19.0,19.0,0.0,9.08162784576416
2009-08-21,19.0,19.0,19.0,19.0,0.0,9.08162784576416
2009-08-24,19.0,19.0,19.0,19.0,0.0,9.08162784576416
2009-08-25,19.0,19.0,19.0,19.0,0.0,9.08162784576416
2009-08-26,19.0,19.0,19.0,19.0,0.0,9.08162784576416
2009-08-27,19.0,19.0,19.0,19.0,0.0,9.08162784576416
2009-08-28,19.0,19.0,19.0,19.0,0.0,9.08162784576416
2009-08-31,19.0,19.0,19.0,19.0,0.0,9.08162784576416
2009-09-01,19.0,19.0,19.0,19.0,0.0,9.08162784576416
2009-09-02,19.0,19.0,19.0,19.0,0.0,9.08162784576416
2009-09-03,19.0,19.0,19.0,19.0,0.0,9.08162784576416
2009-09-04,19.0,19.0,19.0,19.0,0.0,9.08162784576416
2009-09-08,19.0,19.0,19.0,19.0,0.0,9.08162784576416
2009-09-09,19.0,19.0,19.0,19.0,0.0,9.08162784576416
2009-09-10,19.0,19.0,19.0,19.0,0.0,9.08162784576416
2009-09-11,19.0,19.0,19.0,19.0,0.0,9.08162784576416
2009-09-14,19.0,19.0,19.0,19.0,0.0,9.08162784576416
2009-09-15,19.0,19.0,19.0,19.0,0.0,9.08162784576416
2009-09-16,19.0,19.0,19.0,19.0,0.0,9.08162784576416
2009-09-17,19.0,19.0,19.0,19.0,0.0,9.08162784576416
2009-09-18,19.0,19.0,19.0,19.0,0.0,9.08162784576416
2009-09-21,19.0,19.0,19.0,19.0,0.0,9.08162784576416
2009-09-22,19.0,19.0,19.0,19.0,0.0,9.08162784576416
2009-09-23,19.0,19.0,19.0,19.0,0.0,9.08162784576416
2009-09-24,19.0,19.0,19.0,19.0,0.0,9.08162784576416
2009-09-25,19.0,19.0,19.0,19.0,0.0,9.08162784576416
2009-09-28,20.0,20.0,20.0,20.0,300.0,9.559608459472656
2009-09-29,20.0,20.0,20.0,20.0,0.0,9.559608459472656
2009-09-30,20.0,20.0,20.0,20.0,0.0,9.559608459472656
2009-10-01,20.0,20.0,20.0,20.0,0.0,9.559608459472656
2009-10-02,20.0,20.0,20.0,20.0,0.0,9.559608459472656
2009-10-05,20.0,20.0,20.0,20.0,0.0,9.559608459472656
2009-10-06,20.0,20.0,20.0,20.0,0.0,9.559608459472656
2009-10-07,20.0,20.0,20.0,20.0,0.0,9.559608459472656
2009-10-08,20.0,20.0,20.0,20.0,0.0,9.559608459472656
2009-10-09,20.0,20.0,20.0,20.0,0.0,9.559608459472656
2009-10-13,20.0,20.0,20.0,20.0,0.0,9.559608459472656
2009-10-14,20.0,20.0,20.0,20.0,0.0,9.559608459472656
2009-10-15,20.0,20.0,20.0,20.0,0.0,9.559608459472656
2009-10-16,20.0,20.0,20.0,20.0,0.0,9.559608459472656
2009-10-19,20.0,20.0,20.0,20.0,0.0,9.559608459472656
2009-10-20,20.0,20.0,20.0,20.0,0.0,9.559608459472656
2009-10-21,20.0,20.0,20.0,20.0,0.0,9.559608459472656
2009-10-22,20.0,20.0,20.0,20.0,0.0,9.559608459472656
2009-10-23,20.0,20.0,20.0,20.0,0.0,9.559608459472656
2009-10-26,20.0,20.0,20.0,20.0,0.0,9.559608459472656
2009-10-27,20.0,20.0,20.0,20.0,0.0,9.559608459472656
2009-10-28,20.0,20.0,20.0,20.0,0.0,9.559608459472656
2009-10-29,20.0,20.0,20.0,20.0,0.0,9.559608459472656
2009-10-30,20.0,20.0,20.0,20.0,0.0,9.559608459472656
2009-11-03,20.0,20.0,20.0,20.0,0.0,9.559608459472656
2009-11-04,20.0,20.0,20.0,20.0,0.0,9.559608459472656
2009-11-05,20.0,20.0,20.0,20.0,0.0,9.559608459472656
2009-11-06,20.0,20.0,20.0,20.0,0.0,9.559608459472656
2009-11-09,20.0,20.0,20.0,20.0,0.0,9.559608459472656
2009-11-10,20.0,20.0,20.0,20.0,0.0,9.559608459472656
2009-11-11,20.0,20.0,20.0,20.0,0.0,9.559608459472656
2009-11-12,20.0,20.0,20.0,20.0,0.0,9.559608459472656
2009-11-13,20.0,20.0,20.0,20.0,0.0,9.559608459472656
2009-11-16,20.0,20.0,20.0,20.0,2000.0,9.559608459472656
2009-11-17,20.0,20.0,20.0,20.0,0.0,9.559608459472656
2009-11-18,20.0,20.0,20.0,20.0,0.0,9.559608459472656
2009-11-19,20.0,20.0,20.0,20.0,0.0,9.559608459472656
2009-11-23,20.0,20.0,20.0,20.0,0.0,9.559608459472656
2009-11-24,20.0,20.0,20.0,20.0,0.0,9.559608459472656
2009-11-25,20.0,20.0,20.0,20.0,0.0,9.559608459472656
2009-11-26,20.0,20.0,20.0,20.0,0.0,9.559608459472656
2009-11-27,20.0,20.0,20.0,20.0,0.0,9.559608459472656
2009-11-30,20.0,20.0,20.0,20.0,0.0,9.559608459472656
2009-12-01,20.0,20.0,20.0,20.0,0.0,9.559608459472656
2009-12-02,20.0,20.0,20.0,20.0,0.0,9.559608459472656
2009-12-03,20.0,20.0,20.0,20.0,0.0,9.559608459472656
2009-12-04,20.0,20.0,20.0,20.0,0.0,9.559608459472656
2009-12-07,20.0,20.0,20.0,20.0,0.0,9.559608459472656
2009-12-08,20.0,20.0,20.0,20.0,0.0,9.559608459472656
2009-12-09,20.0,20.0,20.0,20.0,0.0,9.559608459472656
2009-12-10,20.0,20.0,20.0,20.0,0.0,9.559608459472656
2009-12-11,20.0,20.0,20.0,20.0,0.0,9.559608459472656
2009-12-14,20.0,20.0,20.0,20.0,0.0,9.559608459472656
2009-12-15,20.0,20.0,20.0,20.0,0.0,9.559608459472656
2009-12-16,20.0,20.0,20.0,20.0,0.0,9.559608459472656
2009-12-17,20.0,20.0,20.0,20.0,0.0,9.559608459472656
2009-12-18,20.0,20.0,20.0,20.0,0.0,9.559608459472656
2009-12-21,20.0,20.0,20.0,20.0,0.0,9.559608459472656
2009-12-22,20.0,20.0,20.0,20.0,0.0,9.559608459472656
2009-12-23,20.0,20.0,20.0,20.0,0.0,9.559608459472656
2009-12-24,20.0,20.0,20.0,20.0,0.0,9.559608459472656
2009-12-28,20.0,20.0,20.0,20.0,0.0,9.559608459472656
2009-12-29,20.0,20.0,20.0,20.0,0.0,9.559608459472656
2009-12-30,20.0,20.0,20.0,20.0,0.0,9.559608459472656
2010-01-04,20.0,20.0,20.0,20.0,0.0,9.559608459472656
2010-01-05,20.0,20.0,20.0,20.0,0.0,9.559608459472656
2010-01-06,20.0,20.0,20.0,20.0,0.0,9.559608459472656
2010-01-07,20.0,20.0,20.0,20.0,0.0,9.559608459472656
2010-01-08,20.0,20.0,20.0,20.0,0.0,9.559608459472656
2010-01-11,20.0,20.0,20.0,20.0,0.0,9.559608459472656
2010-01-12,20.0,20.0,20.0,20.0,0.0,9.559608459472656
2010-01-13,20.0,20.0,20.0,20.0,0.0,9.559608459472656
2010-01-14,20.0,20.0,20.0,20.0,0.0,9.559608459472656
2010-01-15,20.010000228881836,20.010000228881836,20.010000228881836,20.010000228881836,100.0,9.564388275146484
2010-01-18,20.010000228881836,20.010000228881836,20.010000228881836,20.010000228881836,0.0,9.564388275146484
2010-01-19,20.010000228881836,20.010000228881836,20.010000228881836,20.010000228881836,0.0,9.564388275146484
2010-01-20,20.010000228881836,20.010000228881836,20.010000228881836,20.010000228881836,0.0,9.564388275146484
2010-01-21,20.010000228881836,20.010000228881836,20.010000228881836,20.010000228881836,0.0,9.564388275146484
2010-01-22,20.010000228881836,20.010000228881836,20.010000228881836,20.010000228881836,0.0,9.564388275146484
2010-01-26,20.010000228881836,20.010000228881836,20.010000228881836,20.010000228881836,0.0,9.564388275146484
2010-01-27,20.010000228881836,20.010000228881836,20.010000228881836,20.010000228881836,0.0,9.564388275146484
2010-01-28,20.010000228881836,20.010000228881836,20.010000228881836,20.010000228881836,0.0,9.564388275146484
2010-01-29,20.010000228881836,20.010000228881836,20.010000228881836,20.010000228881836,0.0,9.564388275146484
2010-02-01,20.010000228881836,20.010000228881836,20.010000228881836,20.010000228881836,0.0,9.564388275146484
2010-02-02,20.010000228881836,20.010000228881836,20.010000228881836,20.010000228881836,0.0,9.564388275146484
2010-02-03,20.010000228881836,20.010000228881836,20.010000228881836,20.010000228881836,0.0,9.564388275146484
2010-02-04,20.010000228881836,20.010000228881836,20.010000228881836,20.010000228881836,0.0,9.564388275146484
2010-02-05,20.010000228881836,20.010000228881836,20.010000228881836,20.010000228881836,0.0,9.564388275146484
2010-02-08,20.010000228881836,20.010000228881836,20.010000228881836,20.010000228881836,0.0,9.564388275146484
2010-02-09,20.010000228881836,20.010000228881836,20.010000228881836,20.010000228881836,0.0,9.564388275146484
2010-02-10,20.010000228881836,20.010000228881836,20.010000228881836,20.010000228881836,0.0,9.564388275146484
2010-02-11,20.010000228881836,20.010000228881836,20.010000228881836,20.010000228881836,0.0,9.564388275146484
2010-02-12,20.010000228881836,20.010000228881836,20.010000228881836,20.010000228881836,0.0,9.564388275146484
2010-02-17,20.010000228881836,20.010000228881836,20.010000228881836,20.010000228881836,0.0,9.564388275146484
2010-02-18,20.010000228881836,20.010000228881836,20.010000228881836,20.010000228881836,0.0,9.564388275146484
2010-02-19,20.010000228881836,20.010000228881836,20.010000228881836,20.010000228881836,0.0,9.564388275146484
2010-02-22,20.010000228881836,20.010000228881836,20.010000228881836,20.010000228881836,0.0,9.564388275146484
2010-02-23,20.010000228881836,20.010000228881836,20.010000228881836,20.010000228881836,0.0,9.564388275146484
2010-02-24,20.010000228881836,20.010000228881836,20.010000228881836,20.010000228881836,0.0,9.564388275146484
2010-02-25,20.010000228881836,20.010000228881836,20.010000228881836,20.010000228881836,0.0,9.564388275146484
2010-02-26,20.010000228881836,20.010000228881836,20.010000228881836,20.010000228881836,0.0,9.564388275146484
2010-03-01,20.010000228881836,20.010000228881836,20.010000228881836,20.010000228881836,0.0,9.564388275146484
2010-03-02,20.010000228881836,20.010000228881836,20.010000228881836,20.010000228881836,0.0,9.564388275146484
2010-03-03,20.010000228881836,20.010000228881836,20.010000228881836,20.010000228881836,0.0,9.564388275146484
2010-03-04,20.010000228881836,20.010000228881836,20.010000228881836,20.010000228881836,0.0,9.564388275146484
2010-03-05,20.010000228881836,20.010000228881836,20.010000228881836,20.010000228881836,0.0,9.564388275146484
2010-03-08,20.010000228881836,20.010000228881836,20.010000228881836,20.010000228881836,0.0,9.564388275146484
2010-03-09,20.010000228881836,20.010000228881836,20.010000228881836,20.010000228881836,0.0,9.564388275146484
2010-03-10,20.010000228881836,20.010000228881836,20.010000228881836,20.010000228881836,0.0,9.564388275146484
2010-03-11,20.010000228881836,20.010000228881836,20.010000228881836,20.010000228881836,0.0,9.564388275146484
2010-03-12,20.010000228881836,20.010000228881836,20.010000228881836,20.010000228881836,0.0,9.564388275146484
2010-03-15,20.010000228881836,20.010000228881836,20.010000228881836,20.010000228881836,0.0,9.564388275146484
2010-03-16,20.010000228881836,20.010000228881836,20.010000228881836,20.010000228881836,0.0,9.564388275146484
2010-03-17,20.010000228881836,20.010000228881836,20.010000228881836,20.010000228881836,0.0,9.564388275146484
2010-03-18,20.010000228881836,20.010000228881836,20.010000228881836,20.010000228881836,0.0,9.564388275146484
2010-03-19,20.010000228881836,20.010000228881836,20.010000228881836,20.010000228881836,0.0,9.564388275146484
2010-03-22,20.010000228881836,20.010000228881836,20.010000228881836,20.010000228881836,0.0,9.564388275146484
2010-03-23,20.010000228881836,20.010000228881836,20.010000228881836,20.010000228881836,0.0,9.564388275146484
2010-03-24,20.010000228881836,20.010000228881836,20.010000228881836,20.010000228881836,0.0,9.564388275146484
2010-03-25,20.010000228881836,20.010000228881836,20.010000228881836,20.010000228881836,0.0,9.564388275146484
2010-03-26,20.010000228881836,20.010000228881836,20.010000228881836,20.010000228881836,0.0,9.564388275146484
2010-03-29,20.010000228881836,20.010000228881836,20.010000228881836,20.010000228881836,0.0,9.564388275146484
2010-03-30,20.010000228881836,20.010000228881836,20.010000228881836,20.010000228881836,0.0,9.564388275146484
2010-03-31,20.010000228881836,20.010000228881836,20.010000228881836,20.010000228881836,0.0,9.564388275146484
2010-04-01,20.010000228881836,20.010000228881836,20.010000228881836,20.010000228881836,0.0,9.564388275146484
2010-04-05,20.010000228881836,20.010000228881836,20.010000228881836,20.010000228881836,0.0,9.564388275146484
2010-04-06,20.010000228881836,20.010000228881836,20.010000228881836,20.010000228881836,0.0,9.564388275146484
2010-04-07,20.010000228881836,20.010000228881836,20.010000228881836,20.010000228881836,0.0,9.564388275146484
2010-04-08,20.010000228881836,20.010000228881836,20.010000228881836,20.010000228881836,0.0,9.564388275146484
2010-04-09,20.010000228881836,20.010000228881836,20.010000228881836,20.010000228881836,0.0,9.564388275146484
2010-04-12,20.010000228881836,20.010000228881836,20.010000228881836,20.010000228881836,0.0,9.564388275146484
2010-04-13,20.010000228881836,20.010000228881836,20.010000228881836,20.010000228881836,0.0,9.564388275146484
2010-04-14,20.010000228881836,20.010000228881836,20.010000228881836,20.010000228881836,0.0,9.564388275146484
2010-04-15,20.010000228881836,20.010000228881836,20.010000228881836,20.010000228881836,0.0,9.564388275146484
2010-04-16,20.010000228881836,20.010000228881836,20.010000228881836,20.010000228881836,0.0,9.564388275146484
2010-04-19,20.010000228881836,20.010000228881836,20.010000228881836,20.010000228881836,0.0,9.564388275146484
2010-04-20,20.010000228881836,20.010000228881836,20.010000228881836,20.010000228881836,0.0,9.564388275146484
2010-04-22,20.010000228881836,20.010000228881836,20.010000228881836,20.010000228881836,0.0,9.564388275146484
2010-04-23,20.010000228881836,20.010000228881836,20.010000228881836,20.010000228881836,0.0,9.564388275146484
2010-04-26,20.010000228881836,20.010000228881836,20.010000228881836,20.010000228881836,0.0,9.564388275146484
2010-04-27,20.010000228881836,20.010000228881836,20.010000228881836,20.010000228881836,0.0,9.564388275146484
2010-04-28,20.010000228881836,20.010000228881836,20.010000228881836,20.010000228881836,0.0,9.564388275146484
2010-04-29,20.010000228881836,20.010000228881836,20.010000228881836,20.010000228881836,0.0,9.564388275146484
2010-04-30,20.010000228881836,20.010000228881836,20.010000228881836,20.010000228881836,0.0,9.564388275146484
2010-05-03,20.010000228881836,20.010000228881836,20.010000228881836,20.010000228881836,0.0,9.852534294128418
2010-05-04,20.010000228881836,20.010000228881836,20.010000228881836,20.010000228881836,0.0,9.852534294128418
2010-05-05,20.010000228881836,20.010000228881836,20.010000228881836,20.010000228881836,0.0,9.852534294128418
2010-05-06,20.010000228881836,20.010000228881836,20.010000228881836,20.010000228881836,0.0,9.852534294128418
2010-05-07,20.010000228881836,20.010000228881836,20.010000228881836,20.010000228881836,0.0,9.852534294128418
2010-05-10,20.010000228881836,20.010000228881836,20.010000228881836,20.010000228881836,0.0,9.852534294128418
2010-05-11,20.010000228881836,20.010000228881836,20.010000228881836,20.010000228881836,0.0,9.852534294128418
2010-05-12,20.010000228881836,20.010000228881836,20.010000228881836,20.010000228881836,0.0,9.852534294128418
2010-05-13,20.010000228881836,20.010000228881836,20.010000228881836,20.010000228881836,0.0,9.852534294128418
2010-05-14,20.010000228881836,20.010000228881836,20.010000228881836,20.010000228881836,0.0,9.852534294128418
2010-05-17,20.010000228881836,20.010000228881836,20.010000228881836,20.010000228881836,0.0,9.852534294128418
2010-05-18,20.010000228881836,20.010000228881836,20.010000228881836,20.010000228881836,0.0,9.852534294128418
2010-05-19,20.010000228881836,20.010000228881836,20.010000228881836,20.010000228881836,0.0,9.852534294128418
2010-05-20,20.010000228881836,20.010000228881836,20.010000228881836,20.010000228881836,0.0,9.852534294128418
2010-05-21,20.010000228881836,20.010000228881836,20.010000228881836,20.010000228881836,0.0,9.852534294128418
2010-05-24,20.010000228881836,20.010000228881836,20.010000228881836,20.010000228881836,0.0,9.852534294128418
2010-05-25,20.010000228881836,20.010000228881836,20.010000228881836,20.010000228881836,0.0,9.852534294128418
2010-05-26,20.010000228881836,20.010000228881836,20.010000228881836,20.010000228881836,0.0,9.852534294128418
2010-05-27,20.010000228881836,20.010000228881836,20.010000228881836,20.010000228881836,0.0,9.852534294128418
2010-05-28,20.010000228881836,20.010000228881836,20.010000228881836,20.010000228881836,0.0,9.852534294128418
2010-05-31,20.010000228881836,20.010000228881836,20.010000228881836,20.010000228881836,0.0,9.852534294128418
2010-06-01,20.010000228881836,20.010000228881836,20.010000228881836,20.010000228881836,0.0,9.852534294128418
2010-06-02,20.010000228881836,20.010000228881836,20.010000228881836,20.010000228881836,0.0,9.852534294128418
2010-06-04,20.010000228881836,20.010000228881836,20.010000228881836,20.010000228881836,0.0,9.852534294128418
2010-06-07,20.010000228881836,20.010000228881836,20.010000228881836,20.010000228881836,0.0,9.852534294128418
2010-06-08,20.010000228881836,20.010000228881836,20.010000228881836,20.010000228881836,0.0,9.852534294128418
2010-06-09,20.010000228881836,20.010000228881836,20.010000228881836,20.010000228881836,0.0,9.852534294128418
2010-06-10,20.010000228881836,20.010000228881836,20.010000228881836,20.010000228881836,0.0,9.852534294128418
2010-06-11,20.010000228881836,20.010000228881836,20.010000228881836,20.010000228881836,0.0,9.852534294128418
2010-06-14,20.010000228881836,20.010000228881836,20.010000228881836,20.010000228881836,0.0,9.852534294128418
2010-06-15,20.010000228881836,20.010000228881836,20.010000228881836,20.010000228881836,0.0,9.852534294128418
2010-06-16,20.010000228881836,20.010000228881836,20.010000228881836,20.010000228881836,0.0,9.852534294128418
2010-06-17,20.010000228881836,20.010000228881836,20.010000228881836,20.010000228881836,0.0,9.852534294128418
2010-06-18,20.0,20.0,20.0,20.0,10.0,9.847610473632812
2010-06-21,20.0,20.0,20.0,20.0,0.0,9.847610473632812
2010-06-22,20.0,20.0,20.0,20.0,0.0,9.847610473632812
2010-06-23,20.0,20.0,20.0,20.0,0.0,9.847610473632812
2010-06-24,20.0,20.0,20.0,20.0,0.0,9.847610473632812
2010-06-25,20.0,20.0,20.0,20.0,0.0,9.847610473632812
2010-06-28,20.0,20.0,20.0,20.0,0.0,9.847610473632812
2010-06-29,20.0,20.0,20.0,20.0,0.0,9.847610473632812
2010-06-30,20.0,20.0,20.0,20.0,0.0,9.847610473632812
2010-07-01,20.0,20.0,20.0,20.0,0.0,9.847610473632812
2010-07-02,20.0,20.0,20.0,20.0,0.0,9.847610473632812
2010-07-05,20.0,20.0,20.0,20.0,0.0,9.847610473632812
2010-07-06,20.0,20.0,20.0,20.0,0.0,9.847610473632812
2010-07-07,20.0,20.0,20.0,20.0,0.0,9.847610473632812
2010-07-08,20.0,20.0,20.0,20.0,0.0,9.847610473632812
2010-07-12,20.0,20.0,20.0,20.0,0.0,9.847610473632812
2010-07-13,20.0,20.0,20.0,20.0,0.0,9.847610473632812
2010-07-14,20.0,20.0,20.0,20.0,0.0,9.847610473632812
2010-07-15,20.0,20.0,20.0,20.0,0.0,9.847610473632812
2010-07-16,20.0,20.0,20.0,20.0,0.0,9.847610473632812
2010-07-19,20.0,20.0,20.0,20.0,0.0,9.847610473632812
2010-07-20,20.0,20.0,20.0,20.0,0.0,9.847610473632812
2010-07-21,20.0,20.0,20.0,20.0,0.0,9.847610473632812
2010-07-22,20.0,20.0,20.0,20.0,0.0,9.847610473632812
2010-07-23,20.0,20.0,20.0,20.0,0.0,9.847610473632812
2010-07-26,20.0,20.0,20.0,20.0,0.0,9.847610473632812
2010-07-27,20.0,20.0,20.0,20.0,0.0,9.847610473632812
2010-07-28,20.0,20.0,20.0,20.0,0.0,9.847610473632812
2010-07-29,20.0,20.0,20.0,20.0,0.0,9.847610473632812
2010-07-30,20.0,20.0,20.0,20.0,0.0,9.847610473632812
2010-08-02,20.0,20.0,20.0,20.0,0.0,9.847610473632812
2010-08-03,20.0,20.0,20.0,20.0,0.0,9.847610473632812
2010-08-04,20.0,20.0,20.0,20.0,0.0,9.847610473632812
2010-08-05,20.0,20.0,20.0,20.0,0.0,9.847610473632812
2010-08-06,20.0,20.0,20.0,20.0,0.0,9.847610473632812
2010-08-09,20.0,20.0,20.0,20.0,0.0,9.847610473632812
2010-08-10,20.0,20.0,20.0,20.0,0.0,9.847610473632812
2010-08-11,20.0,20.0,20.0,20.0,0.0,9.847610473632812
2010-08-12,20.0,20.0,20.0,20.0,0.0,9.847610473632812
2010-08-13,20.0,20.0,20.0,20.0,0.0,9.847610473632812
2010-08-16,20.0,20.0,20.0,20.0,0.0,9.847610473632812
2010-08-17,20.0,20.0,20.0,20.0,0.0,9.847610473632812
2010-08-18,20.0,20.0,20.0,20.0,0.0,9.847610473632812
2010-08-19,20.0,20.0,20.0,20.0,0.0,9.847610473632812
2010-08-20,20.0,20.0,20.0,20.0,0.0,9.847610473632812
2010-08-23,20.0,20.0,20.0,20.0,0.0,9.847610473632812
2010-08-24,20.0,20.0,20.0,20.0,0.0,9.847610473632812
2010-08-25,20.0,20.0,20.0,20.0,0.0,9.847610473632812
2010-08-26,20.0,20.0,20.0,20.0,0.0,9.847610473632812
2010-08-27,20.0,20.0,20.0,20.0,0.0,9.847610473632812
2010-08-30,20.0,20.0,20.0,20.0,0.0,9.847610473632812
2010-08-31,20.0,20.0,20.0,20.0,0.0,9.847610473632812
2010-09-01,20.0,20.0,20.0,20.0,0.0,9.847610473632812
2010-09-02,20.0,20.0,20.0,20.0,0.0,9.847610473632812
2010-09-03,20.0,20.0,20.0,20.0,0.0,9.847610473632812
2010-09-06,20.0,20.0,20.0,20.0,0.0,9.847610473632812
2010-09-08,20.0,20.0,20.0,20.0,0.0,9.847610473632812
2010-09-09,20.0,20.0,20.0,20.0,0.0,9.847610473632812
2010-09-10,20.0,20.0,20.0,20.0,0.0,9.847610473632812
2010-09-13,20.0,20.0,20.0,20.0,0.0,9.847610473632812
2010-09-14,20.0,20.0,20.0,20.0,0.0,9.847610473632812
2010-09-15,20.0,20.0,20.0,20.0,0.0,9.847610473632812
2010-09-16,20.0,20.0,20.0,20.0,0.0,9.847610473632812
2010-09-17,20.0,20.0,20.0,20.0,0.0,9.847610473632812
2010-09-20,20.0,20.0,20.0,20.0,0.0,9.847610473632812
2010-09-21,20.0,20.0,20.0,20.0,0.0,9.847610473632812
2010-09-22,20.0,20.0,20.0,20.0,0.0,9.847610473632812
2010-09-23,20.0,20.0,20.0,20.0,0.0,9.847610473632812
2010-09-24,20.0,20.0,20.0,20.0,0.0,9.847610473632812
2010-09-27,20.0,20.0,20.0,20.0,0.0,9.847610473632812
2010-09-28,20.0,20.0,20.0,20.0,0.0,9.847610473632812
2010-09-29,20.0,20.0,20.0,20.0,0.0,9.847610473632812
2010-09-30,20.0,20.0,20.0,20.0,0.0,9.847610473632812
2010-10-01,20.0,20.0,20.0,20.0,0.0,9.847610473632812
2010-10-04,20.0,20.0,20.0,20.0,0.0,9.847610473632812
2010-10-05,20.0,20.0,20.0,20.0,0.0,9.847610473632812
2010-10-06,20.0,20.0,20.0,20.0,0.0,9.847610473632812
2010-10-07,20.0,20.0,20.0,20.0,0.0,9.847610473632812
2010-10-08,20.0,20.0,20.0,20.0,0.0,9.847610473632812
2010-10-11,20.0,20.0,20.0,20.0,0.0,9.847610473632812
2010-10-13,20.0,20.0,20.0,20.0,0.0,9.847610473632812
2010-10-14,20.0,20.0,20.0,20.0,0.0,9.847610473632812
2010-10-15,20.0,20.0,20.0,20.0,0.0,9.847610473632812
2010-10-18,20.0,20.0,20.0,20.0,0.0,9.847610473632812
2010-10-19,20.0,20.0,20.0,20.0,0.0,9.847610473632812
2010-10-20,20.0,20.0,20.0,20.0,0.0,9.847610473632812
2010-10-21,20.0,20.0,20.0,20.0,0.0,9.847610473632812
2010-10-22,20.0,20.0,20.0,20.0,0.0,9.847610473632812
2010-10-25,20.0,20.0,20.0,20.0,0.0,9.847610473632812
2010-10-26,20.0,20.0,20.0,20.0,0.0,9.847610473632812
2010-10-27,17.899999618530273,17.0,17.899999618530273,17.0,26400.0,8.370468139648438
2010-10-28,15.899999618530273,15.899999618530273,15.899999618530273,15.899999618530273,100.0,7.8288493156433105
2010-10-29,17.5,16.0,17.5,16.0,1100.0,7.878087520599365
2010-11-01,16.0,16.0,16.0,16.0,100.0,7.878087520599365
2010-11-03,15.0,15.0,15.0,15.0,100.0,7.385707378387451
2010-11-04,14.5,14.5,14.5,14.5,100.0,7.139516830444336
2010-11-05,15.850000381469727,14.5,15.850000381469727,14.5,800.0,7.139516830444336
2010-11-08,14.5,14.5,14.5,14.5,0.0,7.139516830444336
2010-11-09,14.5,14.5,14.5,14.5,0.0,7.139516830444336
2010-11-10,16.889999389648438,16.889999389648438,16.889999389648438,16.889999389648438,100.0,8.316306114196777
2010-11-11,16.889999389648438,16.889999389648438,16.889999389648438,16.889999389648438,0.0,8.316306114196777
2010-11-12,16.889999389648438,16.889999389648438,16.889999389648438,16.889999389648438,0.0,8.316306114196777
2010-11-16,16.889999389648438,16.889999389648438,16.889999389648438,16.889999389648438,0.0,8.316306114196777
2010-11-17,16.889999389648438,16.889999389648438,16.889999389648438,16.889999389648438,0.0,8.316306114196777
2010-11-18,16.889999389648438,16.889999389648438,16.889999389648438,16.889999389648438,0.0,8.316306114196777
2010-11-19,16.889999389648438,16.889999389648438,16.889999389648438,16.889999389648438,0.0,8.316306114196777
2010-11-22,18.0,14.0,14.0,14.0,0.0,6.8933258056640625
2010-11-23,14.0,14.0,14.0,14.0,0.0,6.8933258056640625
2010-11-24,18.0,13.100000381469727,13.100000381469727,13.100000381469727,0.0,6.4501848220825195
2010-11-25,18.0,13.109999656677246,13.109999656677246,13.109999656677246,0.0,6.455107688903809
2010-11-26,13.109999656677246,13.109999656677246,13.109999656677246,13.109999656677246,0.0,6.455107688903809
2010-11-29,13.109999656677246,13.109999656677246,13.109999656677246,13.109999656677246,0.0,6.455107688903809
2010-11-30,13.109999656677246,13.109999656677246,13.109999656677246,13.109999656677246,0.0,6.455107688903809
2010-12-01,13.109999656677246,13.109999656677246,13.109999656677246,13.109999656677246,0.0,6.455107688903809
2010-12-02,18.0,13.109999656677246,13.109999656677246,13.109999656677246,0.0,6.455107688903809
2010-12-03,18.0,13.109999656677246,13.109999656677246,13.109999656677246,0.0,6.455107688903809
2010-12-06,18.0,13.109999656677246,13.109999656677246,13.109999656677246,0.0,6.455107688903809
2010-12-07,18.0,13.130000114440918,13.130000114440918,13.130000114440918,0.0,6.464955806732178
2010-12-08,13.130000114440918,13.130000114440918,13.130000114440918,13.130000114440918,0.0,6.464955806732178
2010-12-09,13.130000114440918,13.130000114440918,13.130000114440918,13.130000114440918,0.0,6.464955806732178
2010-12-10,13.130000114440918,13.130000114440918,13.130000114440918,13.130000114440918,0.0,6.464955806732178
2010-12-13,13.130000114440918,13.130000114440918,13.130000114440918,13.130000114440918,0.0,6.464955806732178
2010-12-14,13.130000114440918,13.130000114440918,13.130000114440918,13.130000114440918,0.0,6.464955806732178
2010-12-15,13.130000114440918,13.130000114440918,13.130000114440918,13.130000114440918,0.0,6.464955806732178
2010-12-16,13.130000114440918,13.130000114440918,13.130000114440918,13.130000114440918,0.0,6.464955806732178
2010-12-17,13.130000114440918,13.130000114440918,13.130000114440918,13.130000114440918,0.0,6.464955806732178
2010-12-20,13.130000114440918,13.130000114440918,13.130000114440918,13.130000114440918,0.0,6.464955806732178
2010-12-21,13.130000114440918,13.130000114440918,13.130000114440918,13.130000114440918,0.0,6.464955806732178
2010-12-22,13.130000114440918,13.130000114440918,13.130000114440918,13.130000114440918,0.0,6.464955806732178
2010-12-23,13.130000114440918,13.130000114440918,13.130000114440918,13.130000114440918,0.0,6.464955806732178
2010-12-27,18.0,13.130000114440918,13.130000114440918,13.130000114440918,0.0,6.464955806732178
2010-12-28,16.889999389648438,16.889999389648438,16.889999389648438,16.889999389648438,100.0,8.316306114196777
2010-12-29,18.0,13.15999984741211,13.15999984741211,13.15999984741211,0.0,6.479727268218994
2010-12-30,13.15999984741211,13.15999984741211,13.15999984741211,13.15999984741211,0.0,6.479727268218994
2011-01-03,13.15999984741211,13.15999984741211,13.15999984741211,13.15999984741211,0.0,6.479727268218994
2011-01-04,18.0,13.15999984741211,13.15999984741211,13.15999984741211,0.0,6.479727268218994
2011-01-05,13.15999984741211,13.15999984741211,13.15999984741211,13.15999984741211,0.0,6.479727268218994
2011-01-06,13.15999984741211,13.15999984741211,13.15999984741211,13.15999984741211,0.0,6.479727268218994
2011-01-07,13.15999984741211,13.15999984741211,13.15999984741211,13.15999984741211,0.0,6.479727268218994
2011-01-10,18.0,13.15999984741211,13.15999984741211,13.15999984741211,0.0,6.479727268218994
2011-01-11,13.15999984741211,13.15999984741211,13.15999984741211,13.15999984741211,0.0,6.479727268218994
2011-01-12,16.5,16.5,16.5,16.5,100.0,8.12427806854248
2011-02-25,16.0,16.0,16.0,16.0,100.0,7.878087520599365
2011-04-14,17.989999771118164,17.989999771118164,17.989999771118164,17.989999771118164,200.0,8.857925415039062
2011-04-29,18.399999618530273,18.399999618530273,18.399999618530273,18.399999618530273,300.0,9.059802055358887
2011-05-04,17.670000076293945,17.670000076293945,17.670000076293945,17.670000076293945,200.0,9.332226753234863
2011-05-05,17.950000762939453,17.5,17.950000762939453,17.5,500.0,9.242443084716797
2011-05-09,18.0,18.0,18.0,18.0,100.0,9.506511688232422
2011-05-25,29.989999771118164,29.989999771118164,29.989999771118164,29.989999771118164,200.0,15.838903427124023
2011-05-26,30.489999771118164,30.489999771118164,30.489999771118164,30.489999771118164,100.0,16.10297393798828
2011-05-27,30.489999771118164,30.489999771118164,30.489999771118164,30.489999771118164,100.0,16.10297393798828
2011-05-30,29.06999969482422,29.06999969482422,29.06999969482422,29.06999969482422,100.0,15.35301685333252
2011-06-13,27.860000610351562,27.860000610351562,27.860000610351562,27.860000610351562,100.0,14.713968276977539
2011-06-27,32.5099983215332,32.5099983215332,32.5099983215332,32.5099983215332,100.0,17.169816970825195
2011-06-29,33.5,33.5,33.5,33.5,100.0,17.692676544189453
2011-06-30,37.689998626708984,37.689998626708984,37.689998626708984,37.689998626708984,100.0,19.90557861328125
2011-08-18,35.0,34.790000915527344,34.790000915527344,35.0,2100.0,18.484886169433594
2011-08-19,35.0,35.0,35.0,35.0,100.0,18.484886169433594
2011-09-22,34.97999954223633,34.97999954223633,34.97999954223633,34.97999954223633,1600.0,18.474321365356445
2011-10-28,34.9900016784668,34.9900016784668,34.9900016784668,34.9900016784668,100.0,18.479604721069336
2011-11-17,34.9900016784668,34.9900016784668,34.9900016784668,34.9900016784668,0.0,18.479604721069336
2011-11-18,34.9900016784668,34.9900016784668,34.9900016784668,34.9900016784668,0.0,18.479604721069336
2011-11-21,34.9900016784668,34.9900016784668,34.9900016784668,34.9900016784668,0.0,18.479604721069336
2011-11-22,34.9900016784668,34.9900016784668,34.9900016784668,34.9900016784668,0.0,18.479604721069336
2011-11-23,34.9900016784668,34.9900016784668,34.9900016784668,34.9900016784668,0.0,18.479604721069336
2011-11-24,34.9900016784668,34.9900016784668,34.9900016784668,34.9900016784668,0.0,18.479604721069336
2011-11-25,34.9900016784668,34.9900016784668,34.9900016784668,34.9900016784668,0.0,18.479604721069336
2011-11-28,35.0,35.0,35.0,35.0,1600.0,18.484886169433594
2011-11-29,35.0,35.0,35.0,35.0,0.0,18.484886169433594
2011-11-30,37.470001220703125,37.470001220703125,37.470001220703125,37.470001220703125,200.0,19.78938865661621
2011-12-01,37.470001220703125,37.470001220703125,37.470001220703125,37.470001220703125,0.0,19.78938865661621
2011-12-02,37.470001220703125,37.470001220703125,37.470001220703125,37.470001220703125,0.0,19.78938865661621
2011-12-05,37.470001220703125,37.470001220703125,37.470001220703125,37.470001220703125,0.0,19.78938865661621
2011-12-06,37.470001220703125,37.470001220703125,37.470001220703125,37.470001220703125,0.0,19.78938865661621
2011-12-07,37.470001220703125,37.470001220703125,37.470001220703125,37.470001220703125,0.0,19.78938865661621
2011-12-09,37.470001220703125,37.470001220703125,37.470001220703125,37.470001220703125,0.0,19.78938865661621
2011-12-13,37.470001220703125,37.470001220703125,37.470001220703125,37.470001220703125,0.0,19.78938865661621
2011-12-14,37.470001220703125,37.470001220703125,37.470001220703125,37.470001220703125,0.0,19.78938865661621
2011-12-15,37.470001220703125,37.470001220703125,37.470001220703125,37.470001220703125,0.0,19.78938865661621
2011-12-16,37.470001220703125,37.470001220703125,37.470001220703125,37.470001220703125,0.0,19.78938865661621
2011-12-20,37.470001220703125,37.470001220703125,37.470001220703125,37.470001220703125,0.0,19.78938865661621
2011-12-21,37.470001220703125,37.470001220703125,37.470001220703125,37.470001220703125,0.0,19.78938865661621
2011-12-22,37.470001220703125,37.470001220703125,37.470001220703125,37.470001220703125,0.0,19.78938865661621
2011-12-23,37.470001220703125,37.470001220703125,37.470001220703125,37.470001220703125,0.0,19.78938865661621
2011-12-26,37.470001220703125,37.470001220703125,37.470001220703125,37.470001220703125,0.0,19.78938865661621
2011-12-27,37.470001220703125,37.470001220703125,37.470001220703125,37.470001220703125,0.0,19.78938865661621
2011-12-28,37.470001220703125,37.470001220703125,37.470001220703125,37.470001220703125,0.0,19.78938865661621
2011-12-29,37.470001220703125,37.470001220703125,37.470001220703125,37.470001220703125,0.0,19.78938865661621
2012-01-02,37.470001220703125,37.470001220703125,37.470001220703125,37.470001220703125,0.0,19.78938865661621
2012-01-03,37.470001220703125,37.470001220703125,37.470001220703125,37.470001220703125,0.0,19.78938865661621
2012-01-04,37.470001220703125,37.470001220703125,37.470001220703125,37.470001220703125,0.0,19.78938865661621
2012-01-05,37.470001220703125,37.470001220703125,37.470001220703125,37.470001220703125,0.0,19.78938865661621
2012-01-06,37.470001220703125,37.470001220703125,37.470001220703125,37.470001220703125,0.0,19.78938865661621
2012-01-09,37.470001220703125,37.470001220703125,37.470001220703125,37.470001220703125,0.0,19.78938865661621
2012-01-10,37.470001220703125,37.470001220703125,37.470001220703125,37.470001220703125,0.0,19.78938865661621
2012-01-11,37.470001220703125,37.470001220703125,37.470001220703125,37.470001220703125,0.0,19.78938865661621
2012-01-12,37.470001220703125,37.470001220703125,37.470001220703125,37.470001220703125,0.0,19.78938865661621
2012-01-13,37.470001220703125,37.470001220703125,37.470001220703125,37.470001220703125,0.0,19.78938865661621
2012-01-16,37.470001220703125,37.470001220703125,37.470001220703125,37.470001220703125,0.0,19.78938865661621
2012-01-18,37.470001220703125,37.470001220703125,37.470001220703125,37.470001220703125,0.0,19.78938865661621
2012-01-19,37.470001220703125,37.470001220703125,37.470001220703125,37.470001220703125,0.0,19.78938865661621
2012-01-20,37.470001220703125,37.470001220703125,37.470001220703125,37.470001220703125,0.0,19.78938865661621
2012-01-23,37.470001220703125,37.470001220703125,37.470001220703125,37.470001220703125,0.0,19.78938865661621
2012-01-24,37.470001220703125,37.470001220703125,37.470001220703125,37.470001220703125,0.0,19.78938865661621
2012-01-26,37.470001220703125,37.470001220703125,37.470001220703125,37.470001220703125,0.0,19.78938865661621
2012-01-27,37.470001220703125,37.470001220703125,37.470001220703125,37.470001220703125,0.0,19.78938865661621
2012-01-30,37.470001220703125,37.470001220703125,37.470001220703125,37.470001220703125,0.0,19.78938865661621
2012-01-31,37.470001220703125,37.470001220703125,37.470001220703125,37.470001220703125,0.0,19.78938865661621
2012-02-01,37.470001220703125,37.470001220703125,37.470001220703125,37.470001220703125,0.0,19.78938865661621
2012-02-02,37.470001220703125,37.470001220703125,37.470001220703125,37.470001220703125,0.0,19.78938865661621
2012-02-03,37.470001220703125,37.470001220703125,37.470001220703125,37.470001220703125,0.0,19.78938865661621
2012-02-06,37.470001220703125,37.470001220703125,37.470001220703125,37.470001220703125,0.0,19.78938865661621
2012-02-07,37.470001220703125,37.470001220703125,37.470001220703125,37.470001220703125,0.0,19.78938865661621
2012-02-08,37.470001220703125,37.470001220703125,37.470001220703125,37.470001220703125,0.0,19.78938865661621
2012-02-09,37.470001220703125,37.470001220703125,37.470001220703125,37.470001220703125,0.0,19.78938865661621
2012-02-10,37.470001220703125,37.470001220703125,37.470001220703125,37.470001220703125,0.0,19.78938865661621
2012-02-13,37.470001220703125,37.470001220703125,37.470001220703125,37.470001220703125,0.0,19.78938865661621
2012-02-14,37.470001220703125,37.470001220703125,37.470001220703125,37.470001220703125,0.0,19.78938865661621
2012-02-15,37.470001220703125,37.470001220703125,37.470001220703125,37.470001220703125,0.0,19.78938865661621
2012-02-16,37.470001220703125,37.470001220703125,37.470001220703125,37.470001220703125,0.0,19.78938865661621
2012-02-17,37.470001220703125,37.470001220703125,37.470001220703125,37.470001220703125,0.0,19.78938865661621
2012-02-23,37.470001220703125,37.470001220703125,37.470001220703125,37.470001220703125,0.0,19.78938865661621
2012-02-24,37.470001220703125,37.470001220703125,37.470001220703125,37.470001220703125,0.0,19.78938865661621
2012-02-27,37.470001220703125,37.470001220703125,37.470001220703125,37.470001220703125,0.0,19.78938865661621
2012-02-28,37.470001220703125,37.470001220703125,37.470001220703125,37.470001220703125,0.0,19.78938865661621
2012-02-29,37.470001220703125,37.470001220703125,37.470001220703125,37.470001220703125,0.0,19.78938865661621
2012-03-01,37.470001220703125,37.470001220703125,37.470001220703125,37.470001220703125,0.0,19.78938865661621
2012-03-02,37.470001220703125,37.470001220703125,37.470001220703125,37.470001220703125,0.0,19.78938865661621
2012-03-05,37.470001220703125,37.470001220703125,37.470001220703125,37.470001220703125,0.0,19.78938865661621
2012-03-06,37.470001220703125,37.470001220703125,37.470001220703125,37.470001220703125,0.0,19.78938865661621
2012-03-07,37.470001220703125,37.470001220703125,37.470001220703125,37.470001220703125,0.0,19.78938865661621
2012-03-08,37.470001220703125,37.470001220703125,37.470001220703125,37.470001220703125,0.0,19.78938865661621
2012-03-09,37.470001220703125,37.470001220703125,37.470001220703125,37.470001220703125,0.0,19.78938865661621
2012-03-12,37.470001220703125,37.470001220703125,37.470001220703125,37.470001220703125,0.0,19.78938865661621
2012-03-13,37.470001220703125,37.470001220703125,37.470001220703125,37.470001220703125,0.0,19.78938865661621
2012-03-14,37.470001220703125,37.470001220703125,37.470001220703125,37.470001220703125,0.0,19.78938865661621
2012-03-15,37.470001220703125,37.470001220703125,37.470001220703125,37.470001220703125,0.0,19.78938865661621
2012-03-16,37.470001220703125,37.470001220703125,37.470001220703125,37.470001220703125,0.0,19.78938865661621
2012-03-19,37.470001220703125,37.470001220703125,37.470001220703125,37.470001220703125,0.0,19.78938865661621
2012-03-20,37.470001220703125,37.470001220703125,37.470001220703125,37.470001220703125,0.0,19.78938865661621
2012-03-21,37.470001220703125,37.470001220703125,37.470001220703125,37.470001220703125,0.0,19.78938865661621
2012-03-22,37.470001220703125,37.470001220703125,37.470001220703125,37.470001220703125,0.0,19.78938865661621
2012-03-23,37.470001220703125,37.470001220703125,37.470001220703125,37.470001220703125,0.0,19.78938865661621
2012-03-26,37.470001220703125,37.470001220703125,37.470001220703125,37.470001220703125,0.0,19.78938865661621
2012-03-27,37.470001220703125,37.470001220703125,37.470001220703125,37.470001220703125,0.0,19.78938865661621
2012-03-28,37.470001220703125,37.470001220703125,37.470001220703125,37.470001220703125,0.0,19.78938865661621
2012-03-29,37.470001220703125,37.470001220703125,37.470001220703125,37.470001220703125,0.0,19.78938865661621
2012-03-30,37.470001220703125,37.470001220703125,37.470001220703125,37.470001220703125,0.0,19.78938865661621
2012-04-02,49.5,49.5,49.5,49.5,100.0,26.142908096313477
2012-04-03,49.5,49.5,49.5,49.5,0.0,26.142908096313477
2012-04-04,49.5,49.5,49.5,49.5,0.0,26.142908096313477
2012-04-05,49.5,49.5,49.5,49.5,0.0,26.142908096313477
2012-04-09,49.5,49.5,49.5,49.5,0.0,26.142908096313477
2012-04-10,49.5,49.5,49.5,49.5,0.0,26.142908096313477
2012-04-11,49.5,49.5,49.5,49.5,0.0,26.142908096313477
2012-04-12,49.5,49.5,49.5,49.5,0.0,26.142908096313477
2012-04-13,49.5,49.5,49.5,49.5,0.0,26.142908096313477
2012-04-16,49.5,49.5,49.5,49.5,0.0,26.142908096313477
2012-04-17,49.5,49.5,49.5,49.5,0.0,26.142908096313477
2012-04-18,49.5,49.5,49.5,49.5,0.0,26.142908096313477
2012-04-19,49.5,49.5,49.5,49.5,0.0,26.142908096313477
2012-04-20,49.5,49.5,49.5,49.5,0.0,26.142908096313477
2012-04-23,49.5,49.5,49.5,49.5,0.0,26.142908096313477
2012-04-24,49.5,49.5,49.5,49.5,0.0,26.142908096313477
2012-04-25,49.5,49.5,49.5,49.5,0.0,26.142908096313477
2012-04-26,49.5,49.5,49.5,49.5,0.0,26.142908096313477
2012-04-27,49.5,49.5,49.5,49.5,0.0,26.142908096313477
2012-04-30,49.5,49.5,49.5,49.5,0.0,26.142908096313477
2012-05-02,49.5,49.5,49.5,49.5,0.0,32.76136779785156
2012-05-03,49.5,49.5,49.5,49.5,0.0,32.76136779785156
2012-05-04,49.5,49.5,49.5,49.5,0.0,32.76136779785156
2012-05-07,49.5,49.5,49.5,49.5,0.0,32.76136779785156
2012-05-08,49.5,49.5,49.5,49.5,0.0,32.76136779785156
2012-05-09,49.5,49.5,49.5,49.5,0.0,32.76136779785156
2012-05-10,49.5,49.5,49.5,49.5,0.0,32.76136779785156
2012-05-11,49.5,49.5,49.5,49.5,0.0,32.76136779785156
2012-05-14,49.5,49.5,49.5,49.5,0.0,32.76136779785156
2012-05-15,49.5,49.5,49.5,49.5,0.0,32.76136779785156
2012-05-16,36.63999938964844,36.63999938964844,36.63999938964844,36.63999938964844,100.0,24.25002670288086
2012-05-17,36.63999938964844,36.63999938964844,36.63999938964844,36.63999938964844,0.0,24.25002670288086
2012-05-18,36.63999938964844,36.63999938964844,36.63999938964844,36.63999938964844,0.0,24.25002670288086
2012-05-21,36.63999938964844,36.63999938964844,36.63999938964844,36.63999938964844,0.0,24.25002670288086
2012-05-22,45.0,45.0,45.0,45.0,100.0,29.783058166503906
2012-05-23,45.0,45.0,45.0,45.0,0.0,29.783058166503906
2012-05-24,45.0,45.0,45.0,45.0,0.0,29.783058166503906
2012-05-25,45.0,45.0,45.0,45.0,0.0,29.783058166503906
2012-05-28,45.0,45.0,45.0,45.0,0.0,29.783058166503906
2012-05-29,45.0,45.0,45.0,45.0,0.0,29.783058166503906
2012-05-30,45.0,45.0,45.0,45.0,0.0,29.783058166503906
2012-05-31,45.0,45.0,45.0,45.0,0.0,29.783058166503906
2012-06-01,45.0,45.0,45.0,45.0,0.0,29.783058166503906
2012-06-04,45.0,45.0,45.0,45.0,0.0,29.783058166503906
2012-06-05,45.0,45.0,45.0,45.0,0.0,29.783058166503906
2012-06-06,45.0,45.0,45.0,45.0,0.0,29.783058166503906
2012-06-08,45.0,45.0,45.0,45.0,0.0,29.783058166503906
2012-06-11,45.0,45.0,45.0,45.0,0.0,29.783058166503906
2012-06-12,45.0,45.0,45.0,45.0,0.0,29.783058166503906
2012-06-13,45.0,45.0,45.0,45.0,0.0,29.783058166503906
2012-06-14,45.0,45.0,45.0,45.0,0.0,29.783058166503906
2012-06-15,45.0,45.0,45.0,45.0,0.0,29.783058166503906
2012-06-18,45.0,45.0,45.0,45.0,0.0,29.783058166503906
2012-06-19,45.0,45.0,45.0,45.0,0.0,29.783058166503906
2012-06-20,45.0,45.0,45.0,45.0,0.0,29.783058166503906
2012-06-21,45.0,45.0,45.0,45.0,0.0,29.783058166503906
2012-06-22,45.0,45.0,45.0,45.0,0.0,29.783058166503906
2012-06-25,45.0,45.0,45.0,45.0,0.0,29.783058166503906
2012-06-26,45.0,45.0,45.0,45.0,0.0,29.783058166503906
2012-06-27,45.0,45.0,45.0,45.0,0.0,29.783058166503906
2012-06-28,45.0,45.0,45.0,45.0,0.0,29.783058166503906
2012-06-29,45.0,45.0,45.0,45.0,0.0,29.783058166503906
2012-07-02,45.0,45.0,45.0,45.0,0.0,29.783058166503906
2012-07-03,45.0,45.0,45.0,45.0,0.0,29.783058166503906
2012-07-04,45.0,45.0,45.0,45.0,0.0,29.783058166503906
2012-07-05,45.0,45.0,45.0,45.0,0.0,29.783058166503906
2012-07-06,45.0,45.0,45.0,45.0,0.0,29.783058166503906
2012-07-10,45.0,45.0,45.0,45.0,0.0,29.783058166503906
2012-07-11,45.0,45.0,45.0,45.0,0.0,29.783058166503906
2012-07-12,45.0,45.0,45.0,45.0,0.0,29.783058166503906
2012-07-13,45.0,45.0,45.0,45.0,0.0,29.783058166503906
2012-07-16,45.0,45.0,45.0,45.0,0.0,29.783058166503906
2012-07-17,45.0,45.0,45.0,45.0,0.0,29.783058166503906
2012-07-18,45.0,45.0,45.0,45.0,0.0,29.783058166503906
2012-07-19,45.0,45.0,45.0,45.0,0.0,29.783058166503906
2012-07-20,45.0,45.0,45.0,45.0,0.0,29.783058166503906
2012-07-23,45.0,45.0,45.0,45.0,0.0,29.783058166503906
2012-07-24,45.0,45.0,45.0,45.0,0.0,29.783058166503906
2012-07-25,45.0,45.0,45.0,45.0,0.0,29.783058166503906
2012-07-26,45.0,45.0,45.0,45.0,0.0,29.783058166503906
2012-07-27,45.0,45.0,45.0,45.0,0.0,29.783058166503906
2012-07-30,45.0,45.0,45.0,45.0,0.0,29.783058166503906
2012-07-31,45.0,45.0,45.0,45.0,0.0,29.783058166503906
2012-08-01,45.0,45.0,45.0,45.0,0.0,29.783058166503906
2012-08-02,45.0,45.0,45.0,45.0,0.0,29.783058166503906
2012-08-03,45.0,45.0,45.0,45.0,0.0,29.783058166503906
2012-08-06,45.0,45.0,45.0,45.0,0.0,29.783058166503906
2012-08-07,45.0,45.0,45.0,45.0,0.0,29.783058166503906
2012-08-08,45.0,45.0,45.0,45.0,0.0,29.783058166503906
2012-08-09,45.0,45.0,45.0,45.0,0.0,29.783058166503906
2012-08-10,45.0,45.0,45.0,45.0,0.0,29.783058166503906
2012-08-13,45.0,45.0,45.0,45.0,0.0,29.783058166503906
2012-08-14,45.0,45.0,45.0,45.0,0.0,29.783058166503906
2012-08-15,45.0,45.0,45.0,45.0,0.0,29.783058166503906
2012-08-16,45.0,45.0,45.0,45.0,0.0,29.783058166503906
2012-08-17,45.0,45.0,45.0,45.0,0.0,29.783058166503906
2012-08-20,45.0,45.0,45.0,45.0,0.0,29.783058166503906
2012-08-21,45.0,45.0,45.0,45.0,0.0,29.783058166503906
2012-08-22,45.0,45.0,45.0,45.0,0.0,29.783058166503906
2012-08-23,45.0,45.0,45.0,45.0,0.0,29.783058166503906
2012-08-24,45.0,45.0,45.0,45.0,0.0,29.783058166503906
2012-08-27,45.0,45.0,45.0,45.0,0.0,29.783058166503906
2012-08-28,45.0,45.0,45.0,45.0,0.0,29.783058166503906
2012-08-29,45.0,45.0,45.0,45.0,0.0,29.783058166503906
2012-08-30,45.0,45.0,45.0,45.0,0.0,29.783058166503906
2012-08-31,45.0,45.0,45.0,45.0,0.0,29.783058166503906
2012-09-03,45.0,45.0,45.0,45.0,0.0,29.783058166503906
2012-09-04,45.0,45.0,45.0,45.0,0.0,29.783058166503906
2012-09-05,45.0,45.0,45.0,45.0,0.0,29.783058166503906
2012-09-06,45.0,45.0,45.0,45.0,0.0,29.783058166503906
2012-09-10,45.0,45.0,45.0,45.0,0.0,29.783058166503906
2012-09-11,45.0,45.0,45.0,45.0,0.0,29.783058166503906
2012-09-12,45.0,45.0,45.0,45.0,0.0,29.783058166503906
2012-09-13,45.0,45.0,45.0,45.0,0.0,29.783058166503906
2012-09-14,45.0,45.0,45.0,45.0,0.0,29.783058166503906
2012-09-17,45.0,45.0,45.0,45.0,0.0,29.783058166503906
2012-09-18,45.0,45.0,45.0,45.0,0.0,29.783058166503906
2012-09-19,45.0,45.0,45.0,45.0,0.0,29.783058166503906
2012-09-20,45.0,45.0,45.0,45.0,0.0,29.783058166503906
2012-09-21,45.0,45.0,45.0,45.0,0.0,29.783058166503906
2012-09-24,45.0,45.0,45.0,45.0,0.0,29.783058166503906
2012-09-25,45.0,45.0,45.0,45.0,0.0,29.783058166503906
2012-09-26,45.0,45.0,45.0,45.0,0.0,29.783058166503906
2012-09-27,45.0,45.0,45.0,45.0,0.0,29.783058166503906
2012-09-28,45.0,45.0,45.0,45.0,0.0,29.783058166503906
2012-10-01,45.0,45.0,45.0,45.0,0.0,29.783058166503906
2012-10-02,45.0,45.0,45.0,45.0,0.0,29.783058166503906
2012-10-03,45.0,45.0,45.0,45.0,0.0,29.783058166503906
2012-10-04,45.0,45.0,45.0,45.0,0.0,29.783058166503906
2012-10-05,45.0,45.0,45.0,45.0,0.0,29.783058166503906
2012-10-08,45.0,45.0,45.0,45.0,0.0,29.783058166503906
2012-10-09,45.0,45.0,45.0,45.0,0.0,29.783058166503906
2012-10-10,45.0,45.0,45.0,45.0,0.0,29.783058166503906
2012-10-11,45.0,45.0,45.0,45.0,0.0,29.783058166503906
2012-10-15,45.0,45.0,45.0,45.0,0.0,29.783058166503906
2012-10-16,45.0,45.0,45.0,45.0,0.0,29.783058166503906
2012-10-17,45.0,45.0,45.0,45.0,0.0,29.783058166503906
2012-10-18,45.0,45.0,45.0,45.0,0.0,29.783058166503906
2012-10-19,45.0,45.0,45.0,45.0,0.0,29.783058166503906
2012-10-22,45.0,45.0,45.0,45.0,0.0,29.783058166503906
2012-10-23,45.0,45.0,45.0,45.0,0.0,29.783058166503906
2012-10-24,45.0,45.0,45.0,45.0,0.0,29.783058166503906
2012-10-25,45.0,45.0,45.0,45.0,0.0,29.783058166503906
2012-10-26,45.0,45.0,45.0,45.0,0.0,29.783058166503906
2012-10-29,45.0,45.0,45.0,45.0,0.0,29.783058166503906
2012-10-30,45.0,45.0,45.0,45.0,0.0,29.783058166503906
2012-10-31,45.0,45.0,45.0,45.0,0.0,29.783058166503906
2012-11-01,45.0,45.0,45.0,45.0,0.0,29.783058166503906
2012-11-05,45.0,45.0,45.0,45.0,0.0,29.783058166503906
2012-11-06,45.0,45.0,45.0,45.0,0.0,29.783058166503906
2012-11-07,45.0,45.0,45.0,45.0,0.0,29.783058166503906
2012-11-08,45.0,45.0,45.0,45.0,0.0,29.783058166503906
2012-11-09,45.0,45.0,45.0,45.0,0.0,29.783058166503906
2012-11-12,45.0,45.0,45.0,45.0,0.0,29.783058166503906
2012-11-13,45.0,45.0,45.0,45.0,0.0,29.783058166503906
2012-11-14,45.0,45.0,45.0,45.0,0.0,29.783058166503906
2012-11-16,45.0,45.0,45.0,45.0,0.0,29.783058166503906
2012-11-19,45.0,45.0,45.0,45.0,0.0,29.783058166503906
2012-11-21,45.0,45.0,45.0,45.0,0.0,29.783058166503906
2012-11-22,45.0,45.0,45.0,45.0,0.0,29.783058166503906
2012-11-23,45.0,45.0,45.0,45.0,0.0,29.783058166503906
2012-11-26,45.0,45.0,45.0,45.0,0.0,29.783058166503906
2012-11-27,45.0,45.0,45.0,45.0,0.0,29.783058166503906
2012-11-28,45.0,45.0,45.0,45.0,0.0,29.783058166503906
2012-11-29,45.0,45.0,45.0,45.0,0.0,29.783058166503906
2012-11-30,45.0,45.0,45.0,45.0,0.0,29.783058166503906
2012-12-03,45.0,45.0,45.0,45.0,0.0,29.783058166503906
2012-12-04,37.939998626708984,37.939998626708984,37.939998626708984,37.939998626708984,100.0,25.11042594909668
2012-12-05,37.939998626708984,37.939998626708984,37.939998626708984,37.939998626708984,0.0,25.11042594909668
2012-12-06,37.939998626708984,37.939998626708984,37.939998626708984,37.939998626708984,0.0,25.11042594909668
2012-12-07,37.939998626708984,37.939998626708984,37.939998626708984,37.939998626708984,0.0,25.11042594909668
2012-12-10,37.939998626708984,37.939998626708984,37.939998626708984,37.939998626708984,0.0,25.11042594909668
2012-12-11,37.939998626708984,37.939998626708984,37.939998626708984,37.939998626708984,0.0,25.11042594909668
2012-12-12,37.939998626708984,37.939998626708984,37.939998626708984,37.939998626708984,0.0,25.11042594909668
2012-12-13,37.939998626708984,37.939998626708984,37.939998626708984,37.939998626708984,0.0,25.11042594909668
2012-12-14,37.939998626708984,37.939998626708984,37.939998626708984,37.939998626708984,0.0,25.11042594909668
2012-12-17,37.939998626708984,37.939998626708984,37.939998626708984,37.939998626708984,0.0,25.11042594909668
2012-12-18,37.939998626708984,37.939998626708984,37.939998626708984,37.939998626708984,0.0,25.11042594909668
2012-12-19,37.939998626708984,37.939998626708984,37.939998626708984,37.939998626708984,0.0,25.11042594909668
2012-12-20,37.939998626708984,37.939998626708984,37.939998626708984,37.939998626708984,0.0,25.11042594909668
2012-12-21,37.939998626708984,37.939998626708984,37.939998626708984,37.939998626708984,0.0,25.11042594909668
2012-12-26,37.939998626708984,37.939998626708984,37.939998626708984,37.939998626708984,0.0,25.11042594909668
2012-12-27,37.939998626708984,37.939998626708984,37.939998626708984,37.939998626708984,0.0,25.11042594909668
2012-12-28,37.939998626708984,37.939998626708984,37.939998626708984,37.939998626708984,0.0,25.11042594909668
2013-01-02,37.939998626708984,37.939998626708984,37.939998626708984,37.939998626708984,0.0,25.11042594909668
2013-01-03,37.2400016784668,37.2400016784668,37.2400016784668,37.2400016784668,100.0,24.647136688232422
2013-01-04,37.2400016784668,37.2400016784668,37.2400016784668,37.2400016784668,0.0,24.647136688232422
2013-01-07,37.2400016784668,37.2400016784668,37.2400016784668,37.2400016784668,0.0,24.647136688232422
2013-01-08,37.2400016784668,37.2400016784668,37.2400016784668,37.2400016784668,0.0,24.647136688232422
2013-01-09,37.2400016784668,37.2400016784668,37.2400016784668,37.2400016784668,0.0,24.647136688232422
2013-01-10,37.2400016784668,37.2400016784668,37.2400016784668,37.2400016784668,0.0,24.647136688232422
2013-01-11,37.2400016784668,37.2400016784668,37.2400016784668,37.2400016784668,0.0,24.647136688232422
2013-01-14,37.2400016784668,37.2400016784668,37.2400016784668,37.2400016784668,0.0,24.647136688232422
2013-01-15,37.2400016784668,37.2400016784668,37.2400016784668,37.2400016784668,0.0,24.647136688232422
2013-01-16,37.2400016784668,37.2400016784668,37.2400016784668,37.2400016784668,0.0,24.647136688232422
2013-01-17,37.2400016784668,37.2400016784668,37.2400016784668,37.2400016784668,0.0,24.647136688232422
2013-01-18,37.2400016784668,37.2400016784668,37.2400016784668,37.2400016784668,0.0,24.647136688232422
2013-01-21,37.2400016784668,37.2400016784668,37.2400016784668,37.2400016784668,0.0,24.647136688232422
2013-01-22,37.2400016784668,37.2400016784668,37.2400016784668,37.2400016784668,0.0,24.647136688232422
2013-01-23,37.2400016784668,37.2400016784668,37.2400016784668,37.2400016784668,0.0,24.647136688232422
2013-01-24,37.2400016784668,37.2400016784668,37.2400016784668,37.2400016784668,0.0,24.647136688232422
2013-01-28,37.2400016784668,37.2400016784668,37.2400016784668,37.2400016784668,0.0,24.647136688232422
2013-01-29,37.2400016784668,37.2400016784668,37.2400016784668,37.2400016784668,0.0,24.647136688232422
2013-01-30,31.860000610351562,31.860000610351562,31.860000610351562,31.860000610351562,100.0,21.08640480041504
2013-01-31,31.860000610351562,31.860000610351562,31.860000610351562,31.860000610351562,0.0,21.08640480041504
2013-02-01,31.860000610351562,31.860000610351562,31.860000610351562,31.860000610351562,0.0,21.08640480041504
2013-02-04,31.860000610351562,31.860000610351562,31.860000610351562,31.860000610351562,0.0,21.08640480041504
2013-02-05,31.860000610351562,31.860000610351562,31.860000610351562,31.860000610351562,0.0,21.08640480041504
2013-02-06,31.860000610351562,31.860000610351562,31.860000610351562,31.860000610351562,0.0,21.08640480041504
2013-02-07,31.860000610351562,31.860000610351562,31.860000610351562,31.860000610351562,0.0,21.08640480041504
2013-02-08,31.860000610351562,31.860000610351562,31.860000610351562,31.860000610351562,0.0,21.08640480041504
2013-02-13,31.860000610351562,31.860000610351562,31.860000610351562,31.860000610351562,0.0,21.08640480041504
2013-02-14,31.860000610351562,31.860000610351562,31.860000610351562,31.860000610351562,0.0,21.08640480041504
2013-02-15,31.860000610351562,31.860000610351562,31.860000610351562,31.860000610351562,0.0,21.08640480041504
2013-02-18,31.860000610351562,31.860000610351562,31.860000610351562,31.860000610351562,0.0,21.08640480041504
2013-02-19,31.860000610351562,31.860000610351562,31.860000610351562,31.860000610351562,0.0,21.08640480041504
2013-02-20,31.860000610351562,31.860000610351562,31.860000610351562,31.860000610351562,0.0,21.08640480041504
2013-02-21,31.860000610351562,31.860000610351562,31.860000610351562,31.860000610351562,0.0,21.08640480041504
2013-02-22,31.860000610351562,31.860000610351562,31.860000610351562,31.860000610351562,0.0,21.08640480041504
2013-02-25,31.860000610351562,31.860000610351562,31.860000610351562,31.860000610351562,0.0,21.08640480041504
2013-02-26,31.860000610351562,31.860000610351562,31.860000610351562,31.860000610351562,0.0,21.08640480041504
2013-02-27,31.860000610351562,31.860000610351562,31.860000610351562,31.860000610351562,0.0,21.08640480041504
2013-02-28,31.860000610351562,31.860000610351562,31.860000610351562,31.860000610351562,0.0,21.08640480041504
2013-03-01,31.860000610351562,31.860000610351562,31.860000610351562,31.860000610351562,0.0,21.08640480041504
2013-03-04,31.860000610351562,31.860000610351562,31.860000610351562,31.860000610351562,0.0,21.08640480041504
2013-03-05,31.860000610351562,31.860000610351562,31.860000610351562,31.860000610351562,100.0,21.08640480041504
2013-03-06,31.860000610351562,31.860000610351562,31.860000610351562,31.860000610351562,0.0,21.08640480041504
2013-03-07,31.860000610351562,31.860000610351562,31.860000610351562,31.860000610351562,0.0,21.08640480041504
2013-03-08,31.860000610351562,31.860000610351562,31.860000610351562,31.860000610351562,0.0,21.08640480041504
2013-03-11,31.860000610351562,31.860000610351562,31.860000610351562,31.860000610351562,0.0,21.08640480041504
2013-03-12,31.860000610351562,31.860000610351562,31.860000610351562,31.860000610351562,0.0,21.08640480041504
2013-03-13,31.860000610351562,31.860000610351562,31.860000610351562,31.860000610351562,0.0,21.08640480041504
2013-03-14,31.860000610351562,31.860000610351562,31.860000610351562,31.860000610351562,0.0,21.08640480041504
2013-03-15,31.860000610351562,31.860000610351562,31.860000610351562,31.860000610351562,0.0,21.08640480041504
2013-03-18,31.860000610351562,31.860000610351562,31.860000610351562,31.860000610351562,0.0,21.08640480041504
2013-03-19,31.860000610351562,31.860000610351562,31.860000610351562,31.860000610351562,0.0,21.08640480041504
2013-03-20,31.860000610351562,31.860000610351562,31.860000610351562,31.860000610351562,0.0,21.08640480041504
2013-03-21,31.860000610351562,31.860000610351562,31.860000610351562,31.860000610351562,0.0,21.08640480041504
2013-03-22,31.860000610351562,31.860000610351562,31.860000610351562,31.860000610351562,0.0,21.08640480041504
2013-03-25,31.860000610351562,31.860000610351562,31.860000610351562,31.860000610351562,0.0,21.08640480041504
2013-03-26,31.860000610351562,31.860000610351562,31.860000610351562,31.860000610351562,0.0,21.08640480041504
2013-03-27,31.860000610351562,31.860000610351562,31.860000610351562,31.860000610351562,0.0,21.08640480041504
2013-03-28,31.860000610351562,31.860000610351562,31.860000610351562,31.860000610351562,0.0,21.08640480041504
2013-04-01,31.860000610351562,31.860000610351562,31.860000610351562,31.860000610351562,0.0,21.08640480041504
2013-04-02,31.860000610351562,31.860000610351562,31.860000610351562,31.860000610351562,0.0,21.08640480041504
2013-04-03,31.860000610351562,31.860000610351562,31.860000610351562,31.860000610351562,0.0,21.08640480041504
2013-04-04,31.860000610351562,31.860000610351562,31.860000610351562,31.860000610351562,0.0,21.08640480041504
2013-04-05,31.860000610351562,31.860000610351562,31.860000610351562,31.860000610351562,0.0,21.08640480041504
2013-04-08,31.860000610351562,31.860000610351562,31.860000610351562,31.860000610351562,0.0,21.08640480041504
2013-04-09,31.860000610351562,31.860000610351562,31.860000610351562,31.860000610351562,0.0,21.08640480041504
2013-04-10,31.860000610351562,31.860000610351562,31.860000610351562,31.860000610351562,0.0,21.08640480041504
2013-04-11,31.860000610351562,31.860000610351562,31.860000610351562,31.860000610351562,0.0,21.08640480041504
2013-04-12,31.860000610351562,31.860000610351562,31.860000610351562,31.860000610351562,0.0,21.08640480041504
2013-04-15,31.860000610351562,31.860000610351562,31.860000610351562,31.860000610351562,0.0,21.08640480041504
2013-04-16,31.860000610351562,31.860000610351562,31.860000610351562,31.860000610351562,0.0,21.08640480041504
2013-04-17,31.860000610351562,31.860000610351562,31.860000610351562,31.860000610351562,0.0,21.08640480041504
2013-04-18,31.860000610351562,31.860000610351562,31.860000610351562,31.860000610351562,0.0,21.08640480041504
2013-04-19,31.860000610351562,31.860000610351562,31.860000610351562,31.860000610351562,0.0,21.08640480041504
2013-04-22,31.860000610351562,31.860000610351562,31.860000610351562,31.860000610351562,0.0,21.08640480041504
2013-04-23,31.860000610351562,31.860000610351562,31.860000610351562,31.860000610351562,0.0,21.08640480041504
2013-04-24,31.860000610351562,31.860000610351562,31.860000610351562,31.860000610351562,0.0,21.08640480041504
2013-04-25,31.860000610351562,31.860000610351562,31.860000610351562,31.860000610351562,0.0,21.08640480041504
2013-04-26,31.860000610351562,31.860000610351562,31.860000610351562,31.860000610351562,0.0,21.08640480041504
2013-04-29,31.860000610351562,31.860000610351562,31.860000610351562,31.860000610351562,0.0,21.08640480041504
2013-04-30,31.860000610351562,31.860000610351562,31.860000610351562,31.860000610351562,0.0,21.08640480041504
2013-05-02,31.860000610351562,31.860000610351562,31.860000610351562,31.860000610351562,0.0,21.08640480041504
2013-05-03,31.860000610351562,31.860000610351562,31.860000610351562,31.860000610351562,0.0,21.08640480041504
2013-05-06,31.860000610351562,31.860000610351562,31.860000610351562,31.860000610351562,0.0,21.08640480041504
2013-05-07,31.860000610351562,31.860000610351562,31.860000610351562,31.860000610351562,0.0,21.08640480041504
2013-05-08,31.860000610351562,31.860000610351562,31.860000610351562,31.860000610351562,0.0,21.08640480041504
2013-05-09,31.860000610351562,31.860000610351562,31.860000610351562,31.860000610351562,0.0,21.08640480041504
2013-05-10,31.860000610351562,31.860000610351562,31.860000610351562,31.860000610351562,0.0,21.08640480041504
2013-05-13,31.860000610351562,31.860000610351562,31.860000610351562,31.860000610351562,0.0,21.08640480041504
2013-05-14,31.860000610351562,31.860000610351562,31.860000610351562,31.860000610351562,0.0,21.08640480041504
2013-05-15,31.860000610351562,31.860000610351562,31.860000610351562,31.860000610351562,0.0,21.08640480041504
2013-05-16,31.860000610351562,31.860000610351562,31.860000610351562,31.860000610351562,0.0,21.08640480041504
2013-05-17,31.860000610351562,31.860000610351562,31.860000610351562,31.860000610351562,0.0,21.08640480041504
2013-05-20,31.860000610351562,31.860000610351562,31.860000610351562,31.860000610351562,0.0,21.08640480041504
2013-05-21,31.860000610351562,31.860000610351562,31.860000610351562,31.860000610351562,0.0,21.08640480041504
2013-05-22,31.860000610351562,31.860000610351562,31.860000610351562,31.860000610351562,0.0,21.08640480041504
2013-05-23,31.860000610351562,31.860000610351562,31.860000610351562,31.860000610351562,0.0,21.08640480041504
2013-05-24,31.860000610351562,31.860000610351562,31.860000610351562,31.860000610351562,0.0,21.08640480041504
2013-05-27,31.860000610351562,31.860000610351562,31.860000610351562,31.860000610351562,0.0,21.08640480041504
2013-05-28,31.860000610351562,31.860000610351562,31.860000610351562,31.860000610351562,0.0,21.08640480041504
2013-05-29,31.860000610351562,31.860000610351562,31.860000610351562,31.860000610351562,0.0,21.08640480041504
2013-05-31,31.860000610351562,31.860000610351562,31.860000610351562,31.860000610351562,0.0,21.08640480041504
2013-06-03,31.860000610351562,31.860000610351562,31.860000610351562,31.860000610351562,0.0,21.08640480041504
2013-06-04,31.860000610351562,31.860000610351562,31.860000610351562,31.860000610351562,0.0,21.08640480041504
2013-06-05,31.860000610351562,31.860000610351562,31.860000610351562,31.860000610351562,0.0,21.08640480041504
2013-06-06,31.860000610351562,31.860000610351562,31.860000610351562,31.860000610351562,0.0,21.08640480041504
2013-06-07,31.860000610351562,31.860000610351562,31.860000610351562,31.860000610351562,0.0,21.08640480041504
2013-06-10,31.860000610351562,31.860000610351562,31.860000610351562,31.860000610351562,0.0,21.08640480041504
2013-06-11,31.860000610351562,31.860000610351562,31.860000610351562,31.860000610351562,0.0,21.08640480041504
2013-06-12,31.860000610351562,31.860000610351562,31.860000610351562,31.860000610351562,0.0,21.08640480041504
2013-06-13,31.860000610351562,31.860000610351562,31.860000610351562,31.860000610351562,0.0,21.08640480041504
2013-06-14,31.860000610351562,31.860000610351562,31.860000610351562,31.860000610351562,0.0,21.08640480041504
2013-06-17,31.860000610351562,31.860000610351562,31.860000610351562,31.860000610351562,0.0,21.08640480041504
2013-06-18,31.860000610351562,31.860000610351562,31.860000610351562,31.860000610351562,0.0,21.08640480041504
2013-06-19,31.860000610351562,31.860000610351562,31.860000610351562,31.860000610351562,0.0,21.08640480041504
2013-06-20,31.860000610351562,31.860000610351562,31.860000610351562,31.860000610351562,0.0,21.08640480041504
2013-06-21,31.860000610351562,31.860000610351562,31.860000610351562,31.860000610351562,0.0,21.08640480041504
2013-06-24,31.860000610351562,31.860000610351562,31.860000610351562,31.860000610351562,0.0,21.08640480041504
2013-06-25,31.860000610351562,31.860000610351562,31.860000610351562,31.860000610351562,0.0,21.08640480041504
2013-06-26,31.860000610351562,31.860000610351562,31.860000610351562,31.860000610351562,0.0,21.08640480041504
2013-06-27,31.860000610351562,31.860000610351562,31.860000610351562,31.860000610351562,0.0,21.08640480041504
2013-06-28,31.860000610351562,31.860000610351562,31.860000610351562,31.860000610351562,0.0,21.08640480041504
2013-07-01,31.860000610351562,31.860000610351562,31.860000610351562,31.860000610351562,0.0,21.08640480041504
2013-07-02,31.860000610351562,31.860000610351562,31.860000610351562,31.860000610351562,0.0,21.08640480041504
2013-07-03,31.860000610351562,31.860000610351562,31.860000610351562,31.860000610351562,0.0,21.08640480041504
2013-07-04,31.860000610351562,31.860000610351562,31.860000610351562,31.860000610351562,0.0,21.08640480041504
2013-07-05,31.860000610351562,31.860000610351562,31.860000610351562,31.860000610351562,0.0,21.08640480041504
2013-07-08,31.860000610351562,31.860000610351562,31.860000610351562,31.860000610351562,0.0,21.08640480041504
2013-07-10,31.860000610351562,31.860000610351562,31.860000610351562,31.860000610351562,0.0,21.08640480041504
2013-07-11,31.860000610351562,31.860000610351562,31.860000610351562,31.860000610351562,0.0,21.08640480041504
2013-07-12,31.860000610351562,31.860000610351562,31.860000610351562,31.860000610351562,0.0,21.08640480041504
2013-07-15,31.860000610351562,31.860000610351562,31.860000610351562,31.860000610351562,0.0,21.08640480041504
2013-07-16,31.860000610351562,31.860000610351562,31.860000610351562,31.860000610351562,0.0,21.08640480041504
2013-07-17,31.860000610351562,31.860000610351562,31.860000610351562,31.860000610351562,0.0,21.08640480041504
2013-07-18,31.860000610351562,31.860000610351562,31.860000610351562,31.860000610351562,0.0,21.08640480041504
2013-07-19,31.860000610351562,31.860000610351562,31.860000610351562,31.860000610351562,0.0,21.08640480041504
2013-07-22,31.860000610351562,31.860000610351562,31.860000610351562,31.860000610351562,0.0,21.08640480041504
2013-07-23,31.860000610351562,31.860000610351562,31.860000610351562,31.860000610351562,0.0,21.08640480041504
2013-07-24,31.860000610351562,31.860000610351562,31.860000610351562,31.860000610351562,0.0,21.08640480041504
2013-07-25,31.860000610351562,31.860000610351562,31.860000610351562,31.860000610351562,0.0,21.08640480041504
2013-07-26,31.860000610351562,31.860000610351562,31.860000610351562,31.860000610351562,0.0,21.08640480041504
2013-07-29,31.860000610351562,31.860000610351562,31.860000610351562,31.860000610351562,0.0,21.08640480041504
2013-07-30,31.860000610351562,31.860000610351562,31.860000610351562,31.860000610351562,0.0,21.08640480041504
2013-07-31,31.860000610351562,31.860000610351562,31.860000610351562,31.860000610351562,0.0,21.08640480041504
2013-08-01,31.860000610351562,31.860000610351562,31.860000610351562,31.860000610351562,0.0,21.08640480041504
2013-08-02,31.860000610351562,31.860000610351562,31.860000610351562,31.860000610351562,0.0,21.08640480041504
2013-08-05,31.860000610351562,31.860000610351562,31.860000610351562,31.860000610351562,0.0,21.08640480041504
2013-08-06,31.860000610351562,31.860000610351562,31.860000610351562,31.860000610351562,0.0,21.08640480041504
2013-08-07,31.860000610351562,31.860000610351562,31.860000610351562,31.860000610351562,0.0,21.08640480041504
2013-08-08,31.860000610351562,31.860000610351562,31.860000610351562,31.860000610351562,0.0,21.08640480041504
2013-08-09,31.860000610351562,31.860000610351562,31.860000610351562,31.860000610351562,0.0,21.08640480041504
2013-08-12,31.860000610351562,31.860000610351562,31.860000610351562,31.860000610351562,0.0,21.08640480041504
2013-08-13,31.860000610351562,31.860000610351562,31.860000610351562,31.860000610351562,0.0,21.08640480041504
2013-08-14,31.860000610351562,31.860000610351562,31.860000610351562,31.860000610351562,0.0,21.08640480041504
2013-08-15,31.860000610351562,31.860000610351562,31.860000610351562,31.860000610351562,0.0,21.08640480041504
2013-08-16,31.860000610351562,31.860000610351562,31.860000610351562,31.860000610351562,0.0,21.08640480041504
2013-08-19,31.860000610351562,31.860000610351562,31.860000610351562,31.860000610351562,0.0,21.08640480041504
2013-08-20,31.860000610351562,31.860000610351562,31.860000610351562,31.860000610351562,0.0,21.08640480041504
2013-08-21,31.860000610351562,31.860000610351562,31.860000610351562,31.860000610351562,0.0,21.08640480041504
2013-08-22,31.860000610351562,31.860000610351562,31.860000610351562,31.860000610351562,0.0,21.08640480041504
2013-08-23,31.860000610351562,31.860000610351562,31.860000610351562,31.860000610351562,0.0,21.08640480041504
2013-08-26,31.860000610351562,31.860000610351562,31.860000610351562,31.860000610351562,0.0,21.08640480041504
2013-08-27,31.860000610351562,31.860000610351562,31.860000610351562,31.860000610351562,0.0,21.08640480041504
2013-08-28,31.860000610351562,31.860000610351562,31.860000610351562,31.860000610351562,0.0,21.08640480041504
2013-08-29,31.860000610351562,31.860000610351562,31.860000610351562,31.860000610351562,0.0,21.08640480041504
2013-08-30,31.860000610351562,31.860000610351562,31.860000610351562,31.860000610351562,0.0,21.08640480041504
2013-09-02,31.860000610351562,31.860000610351562,31.860000610351562,31.860000610351562,0.0,21.08640480041504
2013-09-03,31.860000610351562,31.860000610351562,31.860000610351562,31.860000610351562,0.0,21.08640480041504
2013-09-04,31.860000610351562,31.860000610351562,31.860000610351562,31.860000610351562,0.0,21.08640480041504
2013-09-05,31.860000610351562,31.860000610351562,31.860000610351562,31.860000610351562,0.0,21.08640480041504
2013-09-06,31.860000610351562,31.860000610351562,31.860000610351562,31.860000610351562,0.0,21.08640480041504
2013-09-09,31.860000610351562,31.860000610351562,31.860000610351562,31.860000610351562,0.0,21.08640480041504
2013-09-10,31.860000610351562,31.860000610351562,31.860000610351562,31.860000610351562,0.0,21.08640480041504
2013-09-11,31.860000610351562,31.860000610351562,31.860000610351562,31.860000610351562,0.0,21.08640480041504
2013-09-12,31.860000610351562,31.860000610351562,31.860000610351562,31.860000610351562,0.0,21.08640480041504
2013-09-13,31.860000610351562,31.860000610351562,31.860000610351562,31.860000610351562,0.0,21.08640480041504
2013-09-16,31.860000610351562,31.860000610351562,31.860000610351562,31.860000610351562,0.0,21.08640480041504
2013-09-17,31.860000610351562,31.860000610351562,31.860000610351562,31.860000610351562,0.0,21.08640480041504
2013-09-18,31.860000610351562,31.860000610351562,31.860000610351562,31.860000610351562,0.0,21.08640480041504
2013-09-19,31.860000610351562,31.860000610351562,31.860000610351562,31.860000610351562,0.0,21.08640480041504
2013-09-20,31.860000610351562,31.860000610351562,31.860000610351562,31.860000610351562,0.0,21.08640480041504
2013-09-23,31.860000610351562,31.860000610351562,31.860000610351562,31.860000610351562,0.0,21.08640480041504
2013-09-24,31.860000610351562,31.860000610351562,31.860000610351562,31.860000610351562,0.0,21.08640480041504
2013-09-25,31.860000610351562,31.860000610351562,31.860000610351562,31.860000610351562,0.0,21.08640480041504
2013-09-26,31.860000610351562,31.860000610351562,31.860000610351562,31.860000610351562,0.0,21.08640480041504
2013-09-27,31.860000610351562,31.860000610351562,31.860000610351562,31.860000610351562,0.0,21.08640480041504
2013-09-30,31.860000610351562,31.860000610351562,31.860000610351562,31.860000610351562,0.0,21.08640480041504
2013-10-01,31.860000610351562,31.860000610351562,31.860000610351562,31.860000610351562,0.0,21.08640480041504
2013-10-02,31.860000610351562,31.860000610351562,31.860000610351562,31.860000610351562,0.0,21.08640480041504
2013-10-03,31.860000610351562,31.860000610351562,31.860000610351562,31.860000610351562,0.0,21.08640480041504
2013-10-04,31.860000610351562,31.860000610351562,31.860000610351562,31.860000610351562,0.0,21.08640480041504
2013-10-07,31.860000610351562,31.860000610351562,31.860000610351562,31.860000610351562,0.0,21.08640480041504
2013-10-08,31.860000610351562,31.860000610351562,31.860000610351562,31.860000610351562,0.0,21.08640480041504
2013-10-09,31.860000610351562,31.860000610351562,31.860000610351562,31.860000610351562,0.0,21.08640480041504
2013-10-10,31.860000610351562,31.860000610351562,31.860000610351562,31.860000610351562,0.0,21.08640480041504
2013-10-11,31.860000610351562,31.860000610351562,31.860000610351562,31.860000610351562,0.0,21.08640480041504
2013-10-14,31.860000610351562,31.860000610351562,31.860000610351562,31.860000610351562,0.0,21.08640480041504
2013-10-15,31.860000610351562,31.860000610351562,31.860000610351562,31.860000610351562,0.0,21.08640480041504
2013-10-16,31.860000610351562,31.860000610351562,31.860000610351562,31.860000610351562,0.0,21.08640480041504
2013-10-17,31.860000610351562,31.860000610351562,31.860000610351562,31.860000610351562,0.0,21.08640480041504
2013-10-18,31.860000610351562,31.860000610351562,31.860000610351562,31.860000610351562,0.0,21.08640480041504
2013-10-21,31.860000610351562,31.860000610351562,31.860000610351562,31.860000610351562,0.0,21.08640480041504
2013-10-22,31.860000610351562,31.860000610351562,31.860000610351562,31.860000610351562,0.0,21.08640480041504
2013-10-23,31.860000610351562,31.860000610351562,31.860000610351562,31.860000610351562,0.0,21.08640480041504
2013-10-24,31.860000610351562,31.860000610351562,31.860000610351562,31.860000610351562,0.0,21.08640480041504
2013-10-25,31.860000610351562,31.860000610351562,31.860000610351562,31.860000610351562,0.0,21.08640480041504
2013-10-28,31.860000610351562,31.860000610351562,31.860000610351562,31.860000610351562,0.0,21.08640480041504
2013-10-29,31.860000610351562,31.860000610351562,31.860000610351562,31.860000610351562,0.0,21.08640480041504
2013-10-30,31.860000610351562,31.860000610351562,31.860000610351562,31.860000610351562,0.0,21.08640480041504
2013-10-31,31.860000610351562,31.860000610351562,31.860000610351562,31.860000610351562,0.0,21.08640480041504
2013-11-01,31.860000610351562,31.860000610351562,31.860000610351562,31.860000610351562,0.0,21.08640480041504
2013-11-04,31.860000610351562,31.860000610351562,31.860000610351562,31.860000610351562,0.0,21.08640480041504
2013-11-05,31.860000610351562,31.860000610351562,31.860000610351562,31.860000610351562,0.0,21.08640480041504
2013-11-06,31.860000610351562,31.860000610351562,31.860000610351562,31.860000610351562,0.0,21.08640480041504
2013-11-07,31.860000610351562,31.860000610351562,31.860000610351562,31.860000610351562,0.0,21.08640480041504
2013-11-08,31.860000610351562,31.860000610351562,31.860000610351562,31.860000610351562,0.0,21.08640480041504
2013-11-11,31.860000610351562,31.860000610351562,31.860000610351562,31.860000610351562,0.0,21.08640480041504
2013-11-12,31.860000610351562,31.860000610351562,31.860000610351562,31.860000610351562,0.0,21.08640480041504
2013-11-13,31.860000610351562,31.860000610351562,31.860000610351562,31.860000610351562,0.0,21.08640480041504
2013-11-14,31.860000610351562,31.860000610351562,31.860000610351562,31.860000610351562,0.0,21.08640480041504
2013-11-18,31.860000610351562,31.860000610351562,31.860000610351562,31.860000610351562,0.0,21.08640480041504
2013-11-19,31.860000610351562,31.860000610351562,31.860000610351562,31.860000610351562,0.0,21.08640480041504
2013-11-21,31.860000610351562,31.860000610351562,31.860000610351562,31.860000610351562,0.0,21.08640480041504
2013-11-22,31.860000610351562,31.860000610351562,31.860000610351562,31.860000610351562,0.0,21.08640480041504
2013-11-25,31.860000610351562,31.860000610351562,31.860000610351562,31.860000610351562,0.0,21.08640480041504
2013-11-26,31.860000610351562,31.860000610351562,31.860000610351562,31.860000610351562,0.0,21.08640480041504
2013-11-27,31.860000610351562,31.860000610351562,31.860000610351562,31.860000610351562,0.0,21.08640480041504
2013-11-28,31.860000610351562,31.860000610351562,31.860000610351562,31.860000610351562,0.0,21.08640480041504
2013-11-29,31.860000610351562,31.860000610351562,31.860000610351562,31.860000610351562,0.0,21.08640480041504
2013-12-02,31.860000610351562,31.860000610351562,31.860000610351562,31.860000610351562,0.0,21.08640480041504
2013-12-03,31.860000610351562,31.860000610351562,31.860000610351562,31.860000610351562,0.0,21.08640480041504
2013-12-04,31.860000610351562,31.860000610351562,31.860000610351562,31.860000610351562,0.0,21.08640480041504
2013-12-05,31.860000610351562,31.860000610351562,31.860000610351562,31.860000610351562,0.0,21.08640480041504
2013-12-06,31.860000610351562,31.860000610351562,31.860000610351562,31.860000610351562,0.0,21.08640480041504
2013-12-09,31.860000610351562,31.860000610351562,31.860000610351562,31.860000610351562,0.0,21.08640480041504
2013-12-10,31.860000610351562,31.860000610351562,31.860000610351562,31.860000610351562,0.0,21.08640480041504
2013-12-11,31.860000610351562,31.860000610351562,31.860000610351562,31.860000610351562,0.0,21.08640480041504
2013-12-12,31.860000610351562,31.860000610351562,31.860000610351562,31.860000610351562,0.0,21.08640480041504
2013-12-13,31.860000610351562,31.860000610351562,31.860000610351562,31.860000610351562,0.0,21.08640480041504
2013-12-16,31.860000610351562,31.860000610351562,31.860000610351562,31.860000610351562,0.0,21.08640480041504
2013-12-17,31.860000610351562,31.860000610351562,31.860000610351562,31.860000610351562,0.0,21.08640480041504
2013-12-18,31.860000610351562,31.860000610351562,31.860000610351562,31.860000610351562,0.0,21.08640480041504
2013-12-19,31.860000610351562,31.860000610351562,31.860000610351562,31.860000610351562,0.0,21.08640480041504
2013-12-20,31.860000610351562,31.860000610351562,31.860000610351562,31.860000610351562,0.0,21.08640480041504
2013-12-23,31.860000610351562,31.860000610351562,31.860000610351562,31.860000610351562,0.0,21.08640480041504
2013-12-26,31.860000610351562,31.860000610351562,31.860000610351562,31.860000610351562,0.0,21.08640480041504
2013-12-27,31.860000610351562,31.860000610351562,31.860000610351562,31.860000610351562,0.0,21.08640480041504
2013-12-30,31.860000610351562,31.860000610351562,31.860000610351562,31.860000610351562,0.0,21.08640480041504
2014-01-02,31.860000610351562,31.860000610351562,31.860000610351562,31.860000610351562,0.0,21.08640480041504
2014-01-03,31.860000610351562,31.860000610351562,31.860000610351562,31.860000610351562,0.0,21.08640480041504
2014-01-06,31.860000610351562,31.860000610351562,31.860000610351562,31.860000610351562,0.0,21.08640480041504
2014-01-07,31.860000610351562,31.860000610351562,31.860000610351562,31.860000610351562,0.0,21.08640480041504
2014-01-08,31.860000610351562,31.860000610351562,31.860000610351562,31.860000610351562,0.0,21.08640480041504
2014-01-09,31.860000610351562,31.860000610351562,31.860000610351562,31.860000610351562,0.0,21.08640480041504
2014-01-10,31.860000610351562,31.860000610351562,31.860000610351562,31.860000610351562,0.0,21.08640480041504
2014-01-13,31.860000610351562,31.860000610351562,31.860000610351562,31.860000610351562,0.0,21.08640480041504
2014-01-14,31.860000610351562,31.860000610351562,31.860000610351562,31.860000610351562,0.0,21.08640480041504
2014-01-15,31.860000610351562,31.860000610351562,31.860000610351562,31.860000610351562,0.0,21.08640480041504
2014-01-16,31.860000610351562,31.860000610351562,31.860000610351562,31.860000610351562,0.0,21.08640480041504
2014-01-17,31.860000610351562,31.860000610351562,31.860000610351562,31.860000610351562,0.0,21.08640480041504
2014-01-20,31.860000610351562,31.860000610351562,31.860000610351562,31.860000610351562,0.0,21.08640480041504
2014-01-21,31.860000610351562,31.860000610351562,31.860000610351562,31.860000610351562,0.0,21.08640480041504
2014-01-22,31.860000610351562,31.860000610351562,31.860000610351562,31.860000610351562,0.0,21.08640480041504
2014-01-23,31.860000610351562,31.860000610351562,31.860000610351562,31.860000610351562,0.0,21.08640480041504
2014-01-24,31.860000610351562,31.860000610351562,31.860000610351562,31.860000610351562,0.0,21.08640480041504
2014-01-27,31.860000610351562,31.860000610351562,31.860000610351562,31.860000610351562,0.0,21.08640480041504
2014-01-28,31.860000610351562,31.860000610351562,31.860000610351562,31.860000610351562,0.0,21.08640480041504
2014-01-29,31.860000610351562,31.860000610351562,31.860000610351562,31.860000610351562,0.0,21.08640480041504
2014-01-30,31.860000610351562,31.860000610351562,31.860000610351562,31.860000610351562,0.0,21.08640480041504
2014-01-31,31.860000610351562,31.860000610351562,31.860000610351562,31.860000610351562,0.0,21.08640480041504
2014-02-03,31.860000610351562,31.860000610351562,31.860000610351562,31.860000610351562,0.0,21.08640480041504
2014-02-04,31.860000610351562,31.860000610351562,31.860000610351562,31.860000610351562,0.0,21.08640480041504
2014-02-05,31.860000610351562,31.860000610351562,31.860000610351562,31.860000610351562,0.0,21.08640480041504
2014-02-06,31.860000610351562,31.860000610351562,31.860000610351562,31.860000610351562,0.0,21.08640480041504
2014-02-07,31.860000610351562,31.860000610351562,31.860000610351562,31.860000610351562,0.0,21.08640480041504
2014-02-10,31.860000610351562,31.860000610351562,31.860000610351562,31.860000610351562,0.0,21.08640480041504
2014-02-11,31.860000610351562,31.860000610351562,31.860000610351562,31.860000610351562,300.0,21.08640480041504
2014-02-12,31.860000610351562,31.860000610351562,31.860000610351562,31.860000610351562,0.0,21.08640480041504
2014-02-13,31.860000610351562,31.860000610351562,31.860000610351562,31.860000610351562,0.0,21.08640480041504
2014-02-14,31.860000610351562,31.860000610351562,31.860000610351562,31.860000610351562,0.0,21.08640480041504
2014-02-17,31.860000610351562,31.860000610351562,31.860000610351562,31.860000610351562,0.0,21.08640480041504
2014-02-18,31.860000610351562,31.860000610351562,31.860000610351562,31.860000610351562,0.0,21.08640480041504
2014-02-19,31.860000610351562,31.860000610351562,31.860000610351562,31.860000610351562,0.0,21.08640480041504
2014-02-20,31.860000610351562,31.860000610351562,31.860000610351562,31.860000610351562,0.0,21.08640480041504
2014-02-21,31.860000610351562,31.860000610351562,31.860000610351562,31.860000610351562,0.0,21.08640480041504
2014-02-24,31.860000610351562,31.860000610351562,31.860000610351562,31.860000610351562,0.0,21.08640480041504
2014-02-25,31.860000610351562,31.860000610351562,31.860000610351562,31.860000610351562,0.0,21.08640480041504
2014-02-26,31.860000610351562,31.860000610351562,31.860000610351562,31.860000610351562,0.0,21.08640480041504
2014-02-27,31.860000610351562,31.860000610351562,31.860000610351562,31.860000610351562,0.0,21.08640480041504
2014-02-28,31.860000610351562,31.860000610351562,31.860000610351562,31.860000610351562,0.0,21.08640480041504
2014-03-05,31.860000610351562,31.860000610351562,31.860000610351562,31.860000610351562,0.0,21.08640480041504
2014-03-06,31.860000610351562,31.860000610351562,31.860000610351562,31.860000610351562,0.0,21.08640480041504
2014-03-07,31.860000610351562,31.860000610351562,31.860000610351562,31.860000610351562,0.0,21.08640480041504
2014-03-10,31.860000610351562,31.860000610351562,31.860000610351562,31.860000610351562,0.0,21.08640480041504
2014-03-11,31.860000610351562,31.860000610351562,31.860000610351562,31.860000610351562,0.0,21.08640480041504
2014-03-12,31.860000610351562,31.860000610351562,31.860000610351562,31.860000610351562,0.0,21.08640480041504
2014-03-13,31.860000610351562,31.860000610351562,31.860000610351562,31.860000610351562,0.0,21.08640480041504
2014-03-14,31.860000610351562,31.860000610351562,31.860000610351562,31.860000610351562,0.0,21.08640480041504
2014-03-17,31.860000610351562,31.860000610351562,31.860000610351562,31.860000610351562,0.0,21.08640480041504
2014-03-18,31.860000610351562,31.860000610351562,31.860000610351562,31.860000610351562,0.0,21.08640480041504
2014-03-19,31.860000610351562,31.860000610351562,31.860000610351562,31.860000610351562,0.0,21.08640480041504
2014-03-20,31.860000610351562,31.860000610351562,31.860000610351562,31.860000610351562,0.0,21.08640480041504
2014-03-21,31.860000610351562,31.860000610351562,31.860000610351562,31.860000610351562,0.0,21.08640480041504
2014-03-24,31.0,31.0,31.0,31.0,100.0,20.5172176361084
2014-03-25,31.0,31.0,31.0,31.0,0.0,20.5172176361084
2014-03-26,31.0,31.0,31.0,31.0,0.0,20.5172176361084
2014-03-27,31.0,31.0,31.0,31.0,0.0,20.5172176361084
2014-03-28,31.0,31.0,31.0,31.0,0.0,20.5172176361084
2014-03-31,31.0,31.0,31.0,31.0,0.0,20.5172176361084
2014-04-01,34.84000015258789,34.84000015258789,34.84000015258789,34.84000015258789,200.0,23.058706283569336
2014-04-02,34.84000015258789,34.84000015258789,34.84000015258789,34.84000015258789,0.0,23.058706283569336
2014-04-03,34.84000015258789,34.84000015258789,34.84000015258789,34.84000015258789,0.0,23.058706283569336
2014-04-04,34.84000015258789,34.84000015258789,34.84000015258789,34.84000015258789,0.0,23.058706283569336
2014-04-07,40.0099983215332,40.0099983215332,40.0099983215332,40.0099983215332,300.0,26.480445861816406
2014-04-08,40.0099983215332,40.0099983215332,40.0099983215332,40.0099983215332,0.0,26.480445861816406
2014-04-09,40.0099983215332,40.0099983215332,40.0099983215332,40.0099983215332,0.0,26.480445861816406
2014-04-10,40.0099983215332,40.0099983215332,40.0099983215332,40.0099983215332,0.0,26.480445861816406
2014-04-11,40.0099983215332,40.0099983215332,40.0099983215332,40.0099983215332,0.0,26.480445861816406
2014-04-14,40.0099983215332,40.0099983215332,40.0099983215332,40.0099983215332,0.0,26.480445861816406
2014-04-15,40.0099983215332,40.0099983215332,40.0099983215332,40.0099983215332,0.0,26.480445861816406
2014-04-16,40.0099983215332,40.0099983215332,40.0099983215332,40.0099983215332,0.0,26.480445861816406
2014-04-17,40.0099983215332,40.0099983215332,40.0099983215332,40.0099983215332,0.0,26.480445861816406
2014-04-22,40.0099983215332,40.0099983215332,40.0099983215332,40.0099983215332,0.0,26.480445861816406
2014-04-23,40.0099983215332,40.0099983215332,40.0099983215332,40.0099983215332,0.0,26.480445861816406
2014-04-24,40.0099983215332,40.0099983215332,40.0099983215332,40.0099983215332,0.0,26.480445861816406
2014-04-25,40.0099983215332,40.0099983215332,40.0099983215332,40.0099983215332,0.0,26.480445861816406
2014-04-28,40.0099983215332,40.0099983215332,40.0099983215332,40.0099983215332,0.0,26.480445861816406
2014-04-29,40.0099983215332,40.0099983215332,40.0099983215332,40.0099983215332,0.0,26.480445861816406
2014-04-30,40.0099983215332,40.0099983215332,40.0099983215332,40.0099983215332,0.0,26.480445861816406
2014-05-02,40.0099983215332,40.0099983215332,40.0099983215332,40.0099983215332,0.0,28.095535278320312
2014-05-05,40.0099983215332,40.0099983215332,40.0099983215332,40.0099983215332,0.0,28.095535278320312
2014-05-06,40.0099983215332,40.0099983215332,40.0099983215332,40.0099983215332,0.0,28.095535278320312
2014-05-07,40.0099983215332,40.0099983215332,40.0099983215332,40.0099983215332,0.0,28.095535278320312
2014-05-08,40.0099983215332,40.0099983215332,40.0099983215332,40.0099983215332,0.0,28.095535278320312
2014-05-09,40.0099983215332,40.0099983215332,40.0099983215332,40.0099983215332,0.0,28.095535278320312
2014-05-12,40.0099983215332,40.0099983215332,40.0099983215332,40.0099983215332,0.0,28.095535278320312
2014-05-13,40.0099983215332,40.0099983215332,40.0099983215332,40.0099983215332,0.0,28.095535278320312
2014-05-14,40.0099983215332,40.0099983215332,40.0099983215332,40.0099983215332,0.0,28.095535278320312
2014-05-15,40.0099983215332,40.0099983215332,40.0099983215332,40.0099983215332,0.0,28.095535278320312
2014-05-16,40.0099983215332,40.0099983215332,40.0099983215332,40.0099983215332,0.0,28.095535278320312
2014-05-19,40.0099983215332,40.0099983215332,40.0099983215332,40.0099983215332,0.0,28.095535278320312
2014-05-20,40.0099983215332,40.0099983215332,40.0099983215332,40.0099983215332,0.0,28.095535278320312
2014-05-21,40.0099983215332,40.0099983215332,40.0099983215332,40.0099983215332,0.0,28.095535278320312
2014-05-22,40.0099983215332,40.0099983215332,40.0099983215332,40.0099983215332,0.0,28.095535278320312
2014-05-23,40.0099983215332,40.0099983215332,40.0099983215332,40.0099983215332,0.0,28.095535278320312
2014-05-26,40.0099983215332,40.0099983215332,40.0099983215332,40.0099983215332,0.0,28.095535278320312
2014-05-27,40.0099983215332,40.0099983215332,40.0099983215332,40.0099983215332,0.0,28.095535278320312
2014-05-28,40.0099983215332,40.0099983215332,40.0099983215332,40.0099983215332,0.0,28.095535278320312
2014-05-29,40.0099983215332,40.0099983215332,40.0099983215332,40.0099983215332,0.0,28.095535278320312
2014-05-30,40.0099983215332,40.0099983215332,40.0099983215332,40.0099983215332,0.0,28.095535278320312
2014-06-02,40.0099983215332,40.0099983215332,40.0099983215332,40.0099983215332,0.0,28.095535278320312
2014-06-03,40.0099983215332,40.0099983215332,40.0099983215332,40.0099983215332,0.0,28.095535278320312
2014-06-04,40.0099983215332,40.0099983215332,40.0099983215332,40.0099983215332,0.0,28.095535278320312
2014-06-05,40.0099983215332,40.0099983215332,40.0099983215332,40.0099983215332,0.0,28.095535278320312
2014-06-06,40.0099983215332,40.0099983215332,40.0099983215332,40.0099983215332,0.0,28.095535278320312
2014-06-09,40.0099983215332,40.0099983215332,40.0099983215332,40.0099983215332,0.0,28.095535278320312
2014-06-10,40.0099983215332,40.0099983215332,40.0099983215332,40.0099983215332,0.0,28.095535278320312
2014-06-11,40.0099983215332,40.0099983215332,40.0099983215332,40.0099983215332,0.0,28.095535278320312
2014-06-13,40.0099983215332,40.0099983215332,40.0099983215332,40.0099983215332,0.0,28.095535278320312
2014-06-16,40.0099983215332,40.0099983215332,40.0099983215332,40.0099983215332,0.0,28.095535278320312
2014-06-17,40.0099983215332,40.0099983215332,40.0099983215332,40.0099983215332,0.0,28.095535278320312
2014-06-18,40.0099983215332,40.0099983215332,40.0099983215332,40.0099983215332,0.0,28.095535278320312
2014-06-20,40.0099983215332,40.0099983215332,40.0099983215332,40.0099983215332,0.0,28.095535278320312
2014-06-23,40.0099983215332,40.0099983215332,40.0099983215332,40.0099983215332,0.0,28.095535278320312
2014-06-24,40.0099983215332,40.0099983215332,40.0099983215332,40.0099983215332,0.0,28.095535278320312
2014-06-25,40.0099983215332,40.0099983215332,40.0099983215332,40.0099983215332,0.0,28.095535278320312
2014-06-26,40.0099983215332,40.0099983215332,40.0099983215332,40.0099983215332,0.0,28.095535278320312
2014-06-27,40.0099983215332,40.0099983215332,40.0099983215332,40.0099983215332,0.0,28.095535278320312
2014-06-30,40.0099983215332,40.0099983215332,40.0099983215332,40.0099983215332,0.0,28.095535278320312
2014-07-01,40.0099983215332,40.0099983215332,40.0099983215332,40.0099983215332,0.0,28.095535278320312
2014-07-02,40.0099983215332,40.0099983215332,40.0099983215332,40.0099983215332,0.0,28.095535278320312
2014-07-03,40.0099983215332,40.0099983215332,40.0099983215332,40.0099983215332,0.0,28.095535278320312
2014-07-04,40.0099983215332,40.0099983215332,40.0099983215332,40.0099983215332,0.0,28.095535278320312
2014-07-07,40.0099983215332,40.0099983215332,40.0099983215332,40.0099983215332,0.0,28.095535278320312
2014-07-08,40.0099983215332,40.0099983215332,40.0099983215332,40.0099983215332,0.0,28.095535278320312
2014-07-10,40.0099983215332,40.0099983215332,40.0099983215332,40.0099983215332,0.0,28.095535278320312
2014-07-11,40.0099983215332,40.0099983215332,40.0099983215332,40.0099983215332,0.0,28.095535278320312
2014-07-14,40.0099983215332,40.0099983215332,40.0099983215332,40.0099983215332,0.0,28.095535278320312
2014-07-15,40.0099983215332,40.0099983215332,40.0099983215332,40.0099983215332,0.0,28.095535278320312
2014-07-16,40.0099983215332,40.0099983215332,40.0099983215332,40.0099983215332,0.0,28.095535278320312
2014-07-17,40.0099983215332,40.0099983215332,40.0099983215332,40.0099983215332,0.0,34.05339050292969
2014-07-18,40.0099983215332,40.0099983215332,40.0099983215332,40.0099983215332,0.0,34.05339050292969
2014-07-21,40.0099983215332,40.0099983215332,40.0099983215332,40.0099983215332,0.0,34.05339050292969
2014-07-22,40.0099983215332,40.0099983215332,40.0099983215332,40.0099983215332,0.0,34.05339050292969
2014-07-23,40.0099983215332,40.0099983215332,40.0099983215332,40.0099983215332,0.0,34.05339050292969
2014-07-24,40.0099983215332,40.0099983215332,40.0099983215332,40.0099983215332,0.0,34.05339050292969
2014-07-25,40.0099983215332,40.0099983215332,40.0099983215332,40.0099983215332,0.0,34.05339050292969
2014-07-28,40.0099983215332,40.0099983215332,40.0099983215332,40.0099983215332,0.0,34.05339050292969
2014-07-29,40.0099983215332,40.0099983215332,40.0099983215332,40.0099983215332,0.0,34.05339050292969
2014-07-30,40.0099983215332,40.0099983215332,40.0099983215332,40.0099983215332,0.0,34.05339050292969
2014-07-31,40.0099983215332,40.0099983215332,40.0099983215332,40.0099983215332,0.0,34.05339050292969
2014-08-01,40.0099983215332,40.0099983215332,40.0099983215332,40.0099983215332,0.0,34.05339050292969
2014-08-04,40.0099983215332,40.0099983215332,40.0099983215332,40.0099983215332,0.0,34.05339050292969
2014-08-05,40.0099983215332,40.0099983215332,40.0099983215332,40.0099983215332,0.0,34.05339050292969
2014-08-06,40.0099983215332,40.0099983215332,40.0099983215332,40.0099983215332,0.0,34.05339050292969
2014-08-07,40.0099983215332,40.0099983215332,40.0099983215332,40.0099983215332,0.0,34.05339050292969
2014-08-08,40.0099983215332,40.0099983215332,40.0099983215332,40.0099983215332,0.0,34.05339050292969
2014-08-11,40.0099983215332,40.0099983215332,40.0099983215332,40.0099983215332,0.0,34.05339050292969
2014-08-12,40.0099983215332,40.0099983215332,40.0099983215332,40.0099983215332,0.0,34.05339050292969
2014-08-13,40.0099983215332,40.0099983215332,40.0099983215332,40.0099983215332,0.0,34.05339050292969
2014-08-14,40.0099983215332,40.0099983215332,40.0099983215332,40.0099983215332,0.0,34.05339050292969
2014-08-15,40.0099983215332,40.0099983215332,40.0099983215332,40.0099983215332,0.0,34.05339050292969
2014-08-18,40.0099983215332,40.0099983215332,40.0099983215332,40.0099983215332,0.0,34.05339050292969
2014-08-19,40.0099983215332,40.0099983215332,40.0099983215332,40.0099983215332,0.0,34.05339050292969
2014-08-20,40.0099983215332,40.0099983215332,40.0099983215332,40.0099983215332,0.0,34.05339050292969
2014-08-21,40.0099983215332,40.0099983215332,40.0099983215332,40.0099983215332,0.0,34.05339050292969
2014-08-22,40.0099983215332,40.0099983215332,40.0099983215332,40.0099983215332,0.0,34.05339050292969
2014-08-25,40.0099983215332,40.0099983215332,40.0099983215332,40.0099983215332,0.0,34.05339050292969
2014-08-26,40.0099983215332,40.0099983215332,40.0099983215332,40.0099983215332,0.0,34.05339050292969
2014-08-27,40.0099983215332,40.0099983215332,40.0099983215332,40.0099983215332,0.0,34.05339050292969
2014-08-28,40.0099983215332,40.0099983215332,40.0099983215332,40.0099983215332,0.0,34.05339050292969
2014-08-29,40.0099983215332,40.0099983215332,40.0099983215332,40.0099983215332,0.0,34.05339050292969
2014-09-01,40.0099983215332,40.0099983215332,40.0099983215332,40.0099983215332,0.0,34.05339050292969
2014-09-02,40.0099983215332,40.0099983215332,40.0099983215332,40.0099983215332,0.0,34.05339050292969
2014-09-03,40.0099983215332,40.0099983215332,40.0099983215332,40.0099983215332,0.0,34.05339050292969
2014-09-04,40.0099983215332,40.0099983215332,40.0099983215332,40.0099983215332,0.0,34.05339050292969
2014-09-05,40.0099983215332,40.0099983215332,40.0099983215332,40.0099983215332,0.0,34.05339050292969
2014-09-08,40.0099983215332,40.0099983215332,40.0099983215332,40.0099983215332,0.0,34.05339050292969
2014-09-09,40.0099983215332,40.0099983215332,40.0099983215332,40.0099983215332,0.0,34.05339050292969
2014-09-10,40.0099983215332,40.0099983215332,40.0099983215332,40.0099983215332,0.0,34.05339050292969
2014-09-11,40.0099983215332,40.0099983215332,40.0099983215332,40.0099983215332,0.0,34.05339050292969
2014-09-12,40.0099983215332,40.0099983215332,40.0099983215332,40.0099983215332,0.0,34.05339050292969
2014-09-15,40.0099983215332,40.0099983215332,40.0099983215332,40.0099983215332,0.0,34.05339050292969
2014-09-16,40.0099983215332,40.0099983215332,40.0099983215332,40.0099983215332,0.0,34.05339050292969
2014-09-17,40.0099983215332,40.0099983215332,40.0099983215332,40.0099983215332,0.0,34.05339050292969
2014-09-18,40.0099983215332,40.0099983215332,40.0099983215332,40.0099983215332,0.0,34.05339050292969
2014-09-19,40.0099983215332,40.0099983215332,40.0099983215332,40.0099983215332,0.0,34.05339050292969
2014-09-22,40.0099983215332,40.0099983215332,40.0099983215332,40.0099983215332,0.0,34.05339050292969
2014-09-23,40.0099983215332,40.0099983215332,40.0099983215332,40.0099983215332,0.0,34.05339050292969
2014-09-24,40.0099983215332,40.0099983215332,40.0099983215332,40.0099983215332,0.0,34.05339050292969
2014-09-25,40.0099983215332,40.0099983215332,40.0099983215332,40.0099983215332,0.0,34.05339050292969
2014-09-26,40.0099983215332,40.0099983215332,40.0099983215332,40.0099983215332,0.0,34.05339050292969
2014-09-29,40.0099983215332,40.0099983215332,40.0099983215332,40.0099983215332,0.0,34.05339050292969
2014-09-30,40.0099983215332,40.0099983215332,40.0099983215332,40.0099983215332,0.0,34.05339050292969
2014-10-01,40.0099983215332,40.0099983215332,40.0099983215332,40.0099983215332,0.0,34.05339050292969
2014-10-02,40.0099983215332,40.0099983215332,40.0099983215332,40.0099983215332,0.0,34.05339050292969
2014-10-03,40.0099983215332,40.0099983215332,40.0099983215332,40.0099983215332,0.0,34.05339050292969
2014-10-06,40.0099983215332,40.0099983215332,40.0099983215332,40.0099983215332,0.0,34.05339050292969
2014-10-07,40.0099983215332,40.0099983215332,40.0099983215332,40.0099983215332,0.0,34.05339050292969
2014-10-08,40.0099983215332,40.0099983215332,40.0099983215332,40.0099983215332,0.0,34.05339050292969
2014-10-09,40.0099983215332,40.0099983215332,40.0099983215332,40.0099983215332,0.0,34.05339050292969
2014-10-10,40.0099983215332,40.0099983215332,40.0099983215332,40.0099983215332,0.0,34.05339050292969
2014-10-13,40.0099983215332,40.0099983215332,40.0099983215332,40.0099983215332,0.0,34.05339050292969
2014-10-14,40.0099983215332,40.0099983215332,40.0099983215332,40.0099983215332,0.0,34.05339050292969
2014-10-15,40.0099983215332,40.0099983215332,40.0099983215332,40.0099983215332,0.0,34.05339050292969
2014-10-16,40.0099983215332,40.0099983215332,40.0099983215332,40.0099983215332,0.0,34.05339050292969
2014-10-17,40.0099983215332,40.0099983215332,40.0099983215332,40.0099983215332,0.0,34.05339050292969
2014-10-20,40.0099983215332,40.0099983215332,40.0099983215332,40.0099983215332,0.0,34.05339050292969
2014-10-21,40.0099983215332,40.0099983215332,40.0099983215332,40.0099983215332,0.0,34.05339050292969
2014-10-22,40.0099983215332,40.0099983215332,40.0099983215332,40.0099983215332,0.0,34.05339050292969
2014-10-23,40.0099983215332,40.0099983215332,40.0099983215332,40.0099983215332,0.0,34.05339050292969
2014-10-24,40.0099983215332,40.0099983215332,40.0099983215332,40.0099983215332,0.0,34.05339050292969
2014-10-27,40.0099983215332,40.0099983215332,40.0099983215332,40.0099983215332,0.0,34.05339050292969
2014-10-28,40.0099983215332,40.0099983215332,40.0099983215332,40.0099983215332,0.0,34.05339050292969
2014-10-29,40.0099983215332,40.0099983215332,40.0099983215332,40.0099983215332,0.0,34.05339050292969
2014-10-30,40.0099983215332,40.0099983215332,40.0099983215332,40.0099983215332,0.0,34.05339050292969
2014-10-31,40.0099983215332,40.0099983215332,40.0099983215332,40.0099983215332,0.0,34.05339050292969
2014-11-03,40.0099983215332,40.0099983215332,40.0099983215332,40.0099983215332,0.0,34.05339050292969
2014-11-04,40.0099983215332,40.0099983215332,40.0099983215332,40.0099983215332,0.0,34.05339050292969
2014-11-05,40.0099983215332,40.0099983215332,40.0099983215332,40.0099983215332,0.0,34.05339050292969
2014-11-06,40.0099983215332,40.0099983215332,40.0099983215332,40.0099983215332,0.0,34.05339050292969
2014-11-07,40.0099983215332,40.0099983215332,40.0099983215332,40.0099983215332,0.0,34.05339050292969
2014-11-10,40.0099983215332,40.0099983215332,40.0099983215332,40.0099983215332,0.0,34.05339050292969
2014-11-11,40.0099983215332,40.0099983215332,40.0099983215332,40.0099983215332,0.0,34.05339050292969
2014-11-12,40.0099983215332,40.0099983215332,40.0099983215332,40.0099983215332,0.0,34.05339050292969
2014-11-13,40.0099983215332,40.0099983215332,40.0099983215332,40.0099983215332,0.0,34.05339050292969
2014-11-14,40.0099983215332,40.0099983215332,40.0099983215332,40.0099983215332,0.0,34.05339050292969
2014-11-17,40.0099983215332,40.0099983215332,40.0099983215332,40.0099983215332,0.0,34.05339050292969
2014-11-18,40.0099983215332,40.0099983215332,40.0099983215332,40.0099983215332,0.0,34.05339050292969
2014-11-19,40.0099983215332,40.0099983215332,40.0099983215332,40.0099983215332,0.0,34.05339050292969
2014-11-21,40.0099983215332,40.0099983215332,40.0099983215332,40.0099983215332,0.0,34.05339050292969
2014-11-24,40.0099983215332,40.0099983215332,40.0099983215332,40.0099983215332,0.0,34.05339050292969
2014-11-25,40.0099983215332,40.0099983215332,40.0099983215332,40.0099983215332,0.0,34.05339050292969
2014-11-26,40.0099983215332,40.0099983215332,40.0099983215332,40.0099983215332,0.0,34.05339050292969
2014-11-27,40.0099983215332,40.0099983215332,40.0099983215332,40.0099983215332,0.0,34.05339050292969
2014-11-28,40.0099983215332,40.0099983215332,40.0099983215332,40.0099983215332,0.0,34.05339050292969
2014-12-01,40.0099983215332,40.0099983215332,40.0099983215332,40.0099983215332,0.0,34.05339050292969
2014-12-02,40.0099983215332,40.0099983215332,40.0099983215332,40.0099983215332,0.0,34.05339050292969
2014-12-03,40.0099983215332,40.0099983215332,40.0099983215332,40.0099983215332,0.0,34.05339050292969
2014-12-04,40.0099983215332,40.0099983215332,40.0099983215332,40.0099983215332,0.0,34.05339050292969
2014-12-05,40.0099983215332,40.0099983215332,40.0099983215332,40.0099983215332,0.0,34.05339050292969
2014-12-08,40.0099983215332,40.0099983215332,40.0099983215332,40.0099983215332,0.0,34.05339050292969
2014-12-09,40.0099983215332,40.0099983215332,40.0099983215332,40.0099983215332,0.0,34.05339050292969
2014-12-10,40.0099983215332,40.0099983215332,40.0099983215332,40.0099983215332,0.0,34.05339050292969
2014-12-11,40.0099983215332,40.0099983215332,40.0099983215332,40.0099983215332,0.0,34.05339050292969
2014-12-12,40.0099983215332,40.0099983215332,40.0099983215332,40.0099983215332,0.0,34.05339050292969
2014-12-15,40.0099983215332,40.0099983215332,40.0099983215332,40.0099983215332,0.0,34.05339050292969
2014-12-16,40.0099983215332,40.0099983215332,40.0099983215332,40.0099983215332,0.0,34.05339050292969
2014-12-17,40.0099983215332,40.0099983215332,40.0099983215332,40.0099983215332,0.0,34.05339050292969
2014-12-18,40.0099983215332,40.0099983215332,40.0099983215332,40.0099983215332,0.0,34.05339050292969
2014-12-19,40.0099983215332,40.0099983215332,40.0099983215332,40.0099983215332,0.0,34.05339050292969
2014-12-22,40.0099983215332,40.0099983215332,40.0099983215332,40.0099983215332,0.0,34.05339050292969
2014-12-23,40.0099983215332,40.0099983215332,40.0099983215332,40.0099983215332,0.0,34.05339050292969
2014-12-26,40.0099983215332,40.0099983215332,40.0099983215332,40.0099983215332,0.0,34.05339050292969
2014-12-29,40.0099983215332,40.0099983215332,40.0099983215332,40.0099983215332,0.0,34.05339050292969
2014-12-30,40.0099983215332,40.0099983215332,40.0099983215332,40.0099983215332,0.0,34.05339050292969
2015-01-02,40.0099983215332,40.0099983215332,40.0099983215332,40.0099983215332,0.0,34.05339050292969
2015-01-05,40.0099983215332,40.0099983215332,40.0099983215332,40.0099983215332,0.0,34.05339050292969
2015-01-06,40.0099983215332,40.0099983215332,40.0099983215332,40.0099983215332,0.0,34.05339050292969
2015-01-07,40.0099983215332,40.0099983215332,40.0099983215332,40.0099983215332,0.0,34.05339050292969
2015-01-08,40.0099983215332,40.0099983215332,40.0099983215332,40.0099983215332,0.0,34.05339050292969
2015-01-09,40.0099983215332,40.0099983215332,40.0099983215332,40.0099983215332,0.0,34.05339050292969
2015-01-12,40.0099983215332,40.0099983215332,40.0099983215332,40.0099983215332,0.0,34.05339050292969
2015-01-13,40.0099983215332,40.0099983215332,40.0099983215332,40.0099983215332,0.0,34.05339050292969
2015-01-14,40.0099983215332,40.0099983215332,40.0099983215332,40.0099983215332,0.0,34.05339050292969
2015-01-15,40.0099983215332,40.0099983215332,40.0099983215332,40.0099983215332,0.0,34.05339050292969
2015-01-16,40.0099983215332,40.0099983215332,40.0099983215332,40.0099983215332,0.0,34.05339050292969
2015-01-19,40.0099983215332,40.0099983215332,40.0099983215332,40.0099983215332,0.0,34.05339050292969
2015-01-20,40.0099983215332,40.0099983215332,40.0099983215332,40.0099983215332,0.0,34.05339050292969
2015-01-21,40.0099983215332,40.0099983215332,40.0099983215332,40.0099983215332,0.0,34.05339050292969
2015-01-22,40.0099983215332,40.0099983215332,40.0099983215332,40.0099983215332,0.0,34.05339050292969
2015-01-23,40.0099983215332,40.0099983215332,40.0099983215332,40.0099983215332,0.0,34.05339050292969
2015-01-26,40.0099983215332,40.0099983215332,40.0099983215332,40.0099983215332,0.0,34.05339050292969
2015-01-27,40.0099983215332,40.0099983215332,40.0099983215332,40.0099983215332,0.0,34.05339050292969
2015-01-28,40.0099983215332,40.0099983215332,40.0099983215332,40.0099983215332,0.0,34.05339050292969
2015-01-29,40.0099983215332,40.0099983215332,40.0099983215332,40.0099983215332,0.0,34.05339050292969
2015-01-30,40.0099983215332,40.0099983215332,40.0099983215332,40.0099983215332,0.0,34.05339050292969
2015-02-02,40.0099983215332,40.0099983215332,40.0099983215332,40.0099983215332,0.0,34.05339050292969
2015-02-03,40.0099983215332,40.0099983215332,40.0099983215332,40.0099983215332,0.0,34.05339050292969
2015-02-04,40.0099983215332,40.0099983215332,40.0099983215332,40.0099983215332,0.0,34.05339050292969
2015-02-05,40.0099983215332,40.0099983215332,40.0099983215332,40.0099983215332,0.0,34.05339050292969
2015-02-06,40.0099983215332,40.0099983215332,40.0099983215332,40.0099983215332,0.0,34.05339050292969
2015-02-09,32.970001220703125,32.970001220703125,32.970001220703125,32.970001220703125,100.0,28.061494827270508
2015-02-10,32.970001220703125,32.970001220703125,32.970001220703125,32.970001220703125,0.0,28.061494827270508
2015-02-11,32.970001220703125,32.970001220703125,32.970001220703125,32.970001220703125,0.0,28.061494827270508
2015-02-12,32.970001220703125,32.970001220703125,32.970001220703125,32.970001220703125,0.0,28.061494827270508
2015-02-13,32.970001220703125,32.970001220703125,32.970001220703125,32.970001220703125,0.0,28.061494827270508
2015-02-18,32.970001220703125,32.970001220703125,32.970001220703125,32.970001220703125,0.0,28.061494827270508
2015-02-19,32.970001220703125,32.970001220703125,32.970001220703125,32.970001220703125,0.0,28.061494827270508
2015-02-20,32.970001220703125,32.970001220703125,32.970001220703125,32.970001220703125,0.0,28.061494827270508
2015-02-23,32.970001220703125,32.970001220703125,32.970001220703125,32.970001220703125,0.0,28.061494827270508
2015-02-24,32.970001220703125,32.970001220703125,32.970001220703125,32.970001220703125,0.0,28.061494827270508
2015-02-25,32.970001220703125,32.970001220703125,32.970001220703125,32.970001220703125,0.0,28.061494827270508
2015-02-26,32.970001220703125,32.970001220703125,32.970001220703125,32.970001220703125,0.0,28.061494827270508
2015-02-27,32.970001220703125,32.970001220703125,32.970001220703125,32.970001220703125,0.0,28.061494827270508
2015-03-02,32.970001220703125,32.970001220703125,32.970001220703125,32.970001220703125,0.0,28.061494827270508
2015-03-03,32.970001220703125,32.970001220703125,32.970001220703125,32.970001220703125,0.0,28.061494827270508
2015-03-04,32.970001220703125,32.970001220703125,32.970001220703125,32.970001220703125,0.0,28.061494827270508
2015-03-05,33.13999938964844,33.13999938964844,33.13999938964844,33.13999938964844,200.0,28.2061824798584
2015-03-06,33.0,32.9900016784668,32.9900016784668,33.0,300.0,28.087026596069336
2015-03-09,33.0,33.0,33.0,33.0,0.0,28.087026596069336
2015-03-10,33.0,33.0,33.0,33.0,0.0,28.087026596069336
2015-03-11,33.0,33.0,33.0,33.0,0.0,28.087026596069336
2015-03-12,33.0,33.0,33.0,33.0,0.0,28.087026596069336
2015-03-13,33.0,33.0,33.0,33.0,0.0,28.087026596069336
2015-03-16,33.0,33.0,33.0,33.0,0.0,28.087026596069336
2015-03-17,33.0,33.0,33.0,33.0,0.0,28.087026596069336
2015-03-18,33.0,33.0,33.0,33.0,0.0,28.087026596069336
2015-03-19,33.0,33.0,33.0,33.0,0.0,28.087026596069336
2015-03-20,33.0,33.0,33.0,33.0,0.0,28.087026596069336
2015-03-23,33.0,33.0,33.0,33.0,0.0,28.087026596069336
2015-03-24,33.0,33.0,33.0,33.0,0.0,28.087026596069336
2015-03-25,33.0,33.0,33.0,33.0,0.0,28.087026596069336
2015-03-26,33.0,33.0,33.0,33.0,0.0,28.087026596069336
2015-03-27,33.0,33.0,33.0,33.0,0.0,28.087026596069336
2015-03-30,33.0,33.0,33.0,33.0,0.0,28.087026596069336
2015-03-31,33.0,33.0,33.0,33.0,0.0,28.087026596069336
2015-04-01,33.0,33.0,33.0,33.0,0.0,28.087026596069336
2015-04-02,33.0,33.0,33.0,33.0,0.0,28.087026596069336
2015-04-06,33.0,33.0,33.0,33.0,0.0,28.087026596069336
2015-04-07,33.0,33.0,33.0,33.0,0.0,28.087026596069336
2015-04-08,33.0,33.0,33.0,33.0,0.0,28.087026596069336
2015-04-09,33.0,33.0,33.0,33.0,0.0,28.087026596069336
2015-04-10,33.0,33.0,33.0,33.0,0.0,28.087026596069336
2015-04-13,33.0,33.0,33.0,33.0,0.0,28.087026596069336
2015-04-14,33.0,33.0,33.0,33.0,0.0,28.087026596069336
2015-04-15,33.0,33.0,33.0,33.0,0.0,28.087026596069336
2015-04-16,33.0,33.0,33.0,33.0,0.0,28.087026596069336
2015-04-17,33.0099983215332,33.0099983215332,33.0099983215332,33.0099983215332,200.0,28.095535278320312
2015-04-20,33.0099983215332,33.0099983215332,33.0099983215332,33.0099983215332,0.0,28.095535278320312
2015-04-22,33.0099983215332,33.0099983215332,33.0099983215332,33.0099983215332,0.0,28.095535278320312
2015-04-23,33.0099983215332,33.0099983215332,33.0099983215332,33.0099983215332,0.0,28.095535278320312
2015-04-24,33.0099983215332,33.0099983215332,33.0099983215332,33.0099983215332,0.0,28.095535278320312
2015-04-27,33.0099983215332,33.0099983215332,33.0099983215332,33.0099983215332,0.0,28.095535278320312
2015-04-28,33.0099983215332,33.0099983215332,33.0099983215332,33.0099983215332,0.0,28.095535278320312
2015-04-29,33.0099983215332,33.0099983215332,33.0099983215332,33.0099983215332,0.0,28.095535278320312
2015-04-30,33.0099983215332,33.0099983215332,33.0099983215332,33.0099983215332,0.0,28.095535278320312
2015-05-04,33.0099983215332,33.0099983215332,33.0099983215332,33.0099983215332,0.0,28.095535278320312
2015-05-05,33.0099983215332,33.0099983215332,33.0099983215332,33.0099983215332,0.0,28.095535278320312
2015-05-06,33.0099983215332,33.0099983215332,33.0099983215332,33.0099983215332,0.0,28.095535278320312
2015-05-07,33.0099983215332,33.0099983215332,33.0099983215332,33.0099983215332,0.0,28.095535278320312
2015-05-08,33.0099983215332,33.0099983215332,33.0099983215332,33.0099983215332,0.0,28.095535278320312
2015-05-11,33.0099983215332,33.0099983215332,33.0099983215332,33.0099983215332,0.0,28.095535278320312
2015-05-12,33.0099983215332,33.0099983215332,33.0099983215332,33.0099983215332,0.0,28.095535278320312
2015-05-13,33.0099983215332,33.0099983215332,33.0099983215332,33.0099983215332,0.0,28.095535278320312
2015-05-14,33.0099983215332,33.0099983215332,33.0099983215332,33.0099983215332,0.0,28.095535278320312
2015-05-15,33.0099983215332,33.0099983215332,33.0099983215332,33.0099983215332,0.0,28.095535278320312
2015-05-18,33.0099983215332,33.0099983215332,33.0099983215332,33.0099983215332,0.0,28.095535278320312
2015-05-19,33.0099983215332,33.0099983215332,33.0099983215332,33.0099983215332,0.0,28.095535278320312
2015-05-20,33.0099983215332,33.0099983215332,33.0099983215332,33.0099983215332,0.0,28.095535278320312
2015-05-21,33.0099983215332,33.0099983215332,33.0099983215332,33.0099983215332,0.0,28.095535278320312
2015-05-22,33.0099983215332,33.0099983215332,33.0099983215332,33.0099983215332,0.0,28.095535278320312
2015-05-25,33.0099983215332,33.0099983215332,33.0099983215332,33.0099983215332,0.0,28.095535278320312
2015-05-26,33.0099983215332,33.0099983215332,33.0099983215332,33.0099983215332,0.0,28.095535278320312
2015-05-27,33.0099983215332,33.0099983215332,33.0099983215332,33.0099983215332,0.0,28.095535278320312
2015-05-28,33.0099983215332,33.0099983215332,33.0099983215332,33.0099983215332,0.0,28.095535278320312
2015-05-29,33.0099983215332,33.0099983215332,33.0099983215332,33.0099983215332,0.0,28.095535278320312
2015-06-01,33.0099983215332,33.0099983215332,33.0099983215332,33.0099983215332,0.0,28.095535278320312
2015-06-02,33.0099983215332,33.0099983215332,33.0099983215332,33.0099983215332,0.0,28.095535278320312
2015-06-03,33.0099983215332,33.0099983215332,33.0099983215332,33.0099983215332,0.0,28.095535278320312
2015-06-05,33.0099983215332,33.0099983215332,33.0099983215332,33.0099983215332,0.0,28.095535278320312
2015-06-08,33.0099983215332,33.0099983215332,33.0099983215332,33.0099983215332,0.0,28.095535278320312
2015-06-09,33.0099983215332,33.0099983215332,33.0099983215332,33.0099983215332,0.0,28.095535278320312
2015-06-10,33.0099983215332,33.0099983215332,33.0099983215332,33.0099983215332,0.0,28.095535278320312
2015-06-11,33.0099983215332,33.0099983215332,33.0099983215332,33.0099983215332,0.0,28.095535278320312
2015-06-12,33.0099983215332,33.0099983215332,33.0099983215332,33.0099983215332,0.0,28.095535278320312
2015-06-15,33.0099983215332,33.0099983215332,33.0099983215332,33.0099983215332,0.0,28.095535278320312
2015-06-16,33.0099983215332,33.0099983215332,33.0099983215332,33.0099983215332,0.0,28.095535278320312
2015-06-17,33.0099983215332,33.0099983215332,33.0099983215332,33.0099983215332,0.0,28.095535278320312
2015-06-18,34.90999984741211,34.900001525878906,34.90999984741211,34.900001525878906,400.0,29.704158782958984
2015-06-19,34.900001525878906,34.900001525878906,34.900001525878906,34.900001525878906,0.0,29.704158782958984
2015-06-22,34.900001525878906,34.900001525878906,34.900001525878906,34.900001525878906,0.0,29.704158782958984
2015-06-23,34.900001525878906,34.900001525878906,34.900001525878906,34.900001525878906,0.0,29.704158782958984
2015-06-24,34.900001525878906,34.900001525878906,34.900001525878906,34.900001525878906,0.0,29.704158782958984
2015-06-25,34.900001525878906,34.900001525878906,34.900001525878906,34.900001525878906,0.0,29.704158782958984
2015-06-26,34.900001525878906,34.900001525878906,34.900001525878906,34.900001525878906,0.0,29.704158782958984
2015-06-29,34.900001525878906,34.900001525878906,34.900001525878906,34.900001525878906,0.0,29.704158782958984
2015-06-30,34.900001525878906,34.900001525878906,34.900001525878906,34.900001525878906,0.0,29.704158782958984
2015-07-01,34.900001525878906,34.900001525878906,34.900001525878906,34.900001525878906,0.0,29.704158782958984
2015-07-02,34.900001525878906,34.900001525878906,34.900001525878906,34.900001525878906,0.0,29.704158782958984
2015-07-03,34.900001525878906,34.900001525878906,34.900001525878906,34.900001525878906,0.0,29.704158782958984
2015-07-06,34.900001525878906,34.900001525878906,34.900001525878906,34.900001525878906,0.0,29.704158782958984
2015-07-07,34.900001525878906,34.900001525878906,34.900001525878906,34.900001525878906,0.0,29.704158782958984
2015-07-08,34.900001525878906,34.900001525878906,34.900001525878906,34.900001525878906,0.0,29.704158782958984
2015-07-10,36.0,35.0,36.0,35.0,100.0,29.78927230834961
2015-07-13,35.0,35.0,35.0,35.0,0.0,29.78927230834961
2015-07-14,35.0,35.0,35.0,35.0,0.0,29.78927230834961
2015-07-15,35.0,35.0,35.0,35.0,0.0,29.78927230834961
2015-07-16,35.0,35.0,35.0,35.0,0.0,29.78927230834961
2015-07-17,35.0,35.0,35.0,35.0,0.0,29.78927230834961
2015-07-20,35.0,35.0,35.0,35.0,0.0,29.78927230834961
2015-07-21,35.0,35.0,35.0,35.0,0.0,29.78927230834961
2015-07-22,35.0,35.0,35.0,35.0,0.0,29.78927230834961
2015-07-23,35.0,35.0,35.0,35.0,0.0,29.78927230834961
2015-07-24,35.0,35.0,35.0,35.0,0.0,29.78927230834961
2015-07-27,35.0,35.0,35.0,35.0,0.0,29.78927230834961
2015-07-28,35.0,35.0,35.0,35.0,0.0,29.78927230834961
2015-07-29,35.0,35.0,35.0,35.0,0.0,29.78927230834961
2015-07-30,35.0,35.0,35.0,35.0,0.0,29.78927230834961
2015-07-31,35.0,35.0,35.0,35.0,0.0,29.78927230834961
2015-08-03,35.0,35.0,35.0,35.0,0.0,29.78927230834961
2015-08-04,35.0,35.0,35.0,35.0,0.0,29.78927230834961
2015-08-05,35.0,35.0,35.0,35.0,0.0,29.78927230834961
2015-08-06,31.010000228881836,31.010000228881836,31.010000228881836,31.010000228881836,100.0,26.393293380737305
2015-08-07,31.010000228881836,31.010000228881836,31.010000228881836,31.010000228881836,0.0,26.393293380737305
2015-08-10,31.010000228881836,31.010000228881836,31.010000228881836,31.010000228881836,0.0,26.393293380737305
2015-08-11,31.010000228881836,31.010000228881836,31.010000228881836,31.010000228881836,0.0,26.393293380737305
2015-08-12,31.010000228881836,31.010000228881836,31.010000228881836,31.010000228881836,0.0,26.393293380737305
2015-08-13,31.010000228881836,31.010000228881836,31.010000228881836,31.010000228881836,0.0,26.393293380737305
2015-08-14,31.010000228881836,31.010000228881836,31.010000228881836,31.010000228881836,0.0,26.393293380737305
2015-08-17,31.010000228881836,31.010000228881836,31.010000228881836,31.010000228881836,0.0,26.393293380737305
2015-08-18,31.010000228881836,31.010000228881836,31.010000228881836,31.010000228881836,0.0,26.393293380737305
2015-08-19,31.010000228881836,31.010000228881836,31.010000228881836,31.010000228881836,0.0,26.393293380737305
2015-08-20,31.010000228881836,31.010000228881836,31.010000228881836,31.010000228881836,0.0,26.393293380737305
2015-08-21,31.010000228881836,31.010000228881836,31.010000228881836,31.010000228881836,0.0,26.393293380737305
2015-08-24,31.010000228881836,31.010000228881836,31.010000228881836,31.010000228881836,0.0,26.393293380737305
2015-08-25,31.010000228881836,31.010000228881836,31.010000228881836,31.010000228881836,0.0,26.393293380737305
2015-08-26,31.010000228881836,31.010000228881836,31.010000228881836,31.010000228881836,0.0,26.393293380737305
2015-08-27,31.010000228881836,31.010000228881836,31.010000228881836,31.010000228881836,0.0,26.393293380737305
2015-08-28,31.010000228881836,31.010000228881836,31.010000228881836,31.010000228881836,0.0,26.393293380737305
2015-08-31,31.010000228881836,31.010000228881836,31.010000228881836,31.010000228881836,0.0,26.393293380737305
2015-09-01,31.010000228881836,31.010000228881836,31.010000228881836,31.010000228881836,0.0,26.393293380737305
2015-09-02,31.010000228881836,31.010000228881836,31.010000228881836,31.010000228881836,0.0,26.393293380737305
2015-09-03,31.010000228881836,31.010000228881836,31.010000228881836,31.010000228881836,0.0,26.393293380737305
2015-09-04,31.010000228881836,31.010000228881836,31.010000228881836,31.010000228881836,0.0,26.393293380737305
2015-09-08,31.010000228881836,31.010000228881836,31.010000228881836,31.010000228881836,0.0,26.393293380737305
2015-09-09,31.010000228881836,31.010000228881836,31.010000228881836,31.010000228881836,0.0,26.393293380737305
2015-09-10,31.010000228881836,31.010000228881836,31.010000228881836,31.010000228881836,0.0,26.393293380737305
2015-09-11,31.010000228881836,31.010000228881836,31.010000228881836,31.010000228881836,0.0,26.393293380737305
2015-09-14,31.010000228881836,31.010000228881836,31.010000228881836,31.010000228881836,0.0,26.393293380737305
2015-09-15,31.010000228881836,31.010000228881836,31.010000228881836,31.010000228881836,0.0,26.393293380737305
2015-09-16,31.010000228881836,31.010000228881836,31.010000228881836,31.010000228881836,0.0,26.393293380737305
2015-09-17,31.010000228881836,31.010000228881836,31.010000228881836,31.010000228881836,0.0,26.393293380737305
2015-09-18,31.010000228881836,31.010000228881836,31.010000228881836,31.010000228881836,0.0,26.393293380737305
2015-09-21,31.010000228881836,31.010000228881836,31.010000228881836,31.010000228881836,0.0,26.393293380737305
2015-09-22,31.010000228881836,31.010000228881836,31.010000228881836,31.010000228881836,0.0,26.393293380737305
2015-09-23,31.010000228881836,31.010000228881836,31.010000228881836,31.010000228881836,0.0,26.393293380737305
2015-09-24,31.010000228881836,31.010000228881836,31.010000228881836,31.010000228881836,0.0,26.393293380737305
2015-09-25,31.010000228881836,31.010000228881836,31.010000228881836,31.010000228881836,0.0,26.393293380737305
2015-09-28,31.010000228881836,31.010000228881836,31.010000228881836,31.010000228881836,0.0,26.393293380737305
2015-09-29,31.010000228881836,31.010000228881836,31.010000228881836,31.010000228881836,0.0,26.393293380737305
2015-09-30,31.010000228881836,31.010000228881836,31.010000228881836,31.010000228881836,0.0,26.393293380737305
2015-10-01,31.010000228881836,31.010000228881836,31.010000228881836,31.010000228881836,0.0,26.393293380737305
2015-10-02,31.010000228881836,31.010000228881836,31.010000228881836,31.010000228881836,0.0,26.393293380737305
2015-10-05,31.010000228881836,31.010000228881836,31.010000228881836,31.010000228881836,0.0,26.393293380737305
2015-10-06,31.010000228881836,31.010000228881836,31.010000228881836,31.010000228881836,0.0,26.393293380737305
2015-10-07,31.010000228881836,31.010000228881836,31.010000228881836,31.010000228881836,0.0,26.393293380737305
2015-10-08,31.010000228881836,31.010000228881836,31.010000228881836,31.010000228881836,0.0,26.393293380737305
2015-10-09,31.010000228881836,31.010000228881836,31.010000228881836,31.010000228881836,0.0,26.393293380737305
2015-10-13,31.010000228881836,31.010000228881836,31.010000228881836,31.010000228881836,0.0,26.393293380737305
2015-10-14,31.010000228881836,31.010000228881836,31.010000228881836,31.010000228881836,0.0,26.393293380737305
2015-10-15,31.010000228881836,31.010000228881836,31.010000228881836,31.010000228881836,0.0,26.393293380737305
2015-10-16,31.010000228881836,31.010000228881836,31.010000228881836,31.010000228881836,0.0,26.393293380737305
2015-10-19,31.010000228881836,31.010000228881836,31.010000228881836,31.010000228881836,0.0,26.393293380737305
2015-10-20,31.010000228881836,31.010000228881836,31.010000228881836,31.010000228881836,0.0,26.393293380737305
2015-10-21,31.010000228881836,31.010000228881836,31.010000228881836,31.010000228881836,0.0,26.393293380737305
2015-10-22,31.010000228881836,31.010000228881836,31.010000228881836,31.010000228881836,0.0,26.393293380737305
2015-10-23,31.010000228881836,31.010000228881836,31.010000228881836,31.010000228881836,0.0,26.393293380737305
2015-10-26,31.010000228881836,31.010000228881836,31.010000228881836,31.010000228881836,0.0,26.393293380737305
2015-10-27,31.010000228881836,31.010000228881836,31.010000228881836,31.010000228881836,0.0,26.393293380737305
2015-10-28,31.010000228881836,31.010000228881836,31.010000228881836,31.010000228881836,0.0,26.393293380737305
2015-10-29,31.010000228881836,31.010000228881836,31.010000228881836,31.010000228881836,0.0,26.393293380737305
2015-10-30,31.010000228881836,31.010000228881836,31.010000228881836,31.010000228881836,0.0,26.393293380737305
2015-11-03,31.010000228881836,31.010000228881836,31.010000228881836,31.010000228881836,0.0,26.393293380737305
2015-11-04,31.010000228881836,31.010000228881836,31.010000228881836,31.010000228881836,0.0,26.393293380737305
2015-11-05,31.010000228881836,31.010000228881836,31.010000228881836,31.010000228881836,0.0,26.393293380737305
2015-11-06,31.010000228881836,31.010000228881836,31.010000228881836,31.010000228881836,0.0,26.393293380737305
2015-11-09,31.010000228881836,31.010000228881836,31.010000228881836,31.010000228881836,0.0,26.393293380737305
2015-11-10,31.010000228881836,31.010000228881836,31.010000228881836,31.010000228881836,0.0,26.393293380737305
2015-11-11,31.010000228881836,31.010000228881836,31.010000228881836,31.010000228881836,0.0,26.393293380737305
2015-11-12,31.010000228881836,31.010000228881836,31.010000228881836,31.010000228881836,0.0,26.393293380737305
2015-11-13,31.010000228881836,31.010000228881836,31.010000228881836,31.010000228881836,0.0,26.393293380737305
2015-11-16,31.010000228881836,31.010000228881836,31.010000228881836,31.010000228881836,0.0,26.393293380737305
2015-11-17,31.010000228881836,31.010000228881836,31.010000228881836,31.010000228881836,0.0,26.393293380737305
2015-11-18,31.010000228881836,31.010000228881836,31.010000228881836,31.010000228881836,0.0,26.393293380737305
2015-11-19,31.010000228881836,31.010000228881836,31.010000228881836,31.010000228881836,0.0,26.393293380737305
2015-11-23,31.010000228881836,31.010000228881836,31.010000228881836,31.010000228881836,0.0,26.393293380737305
2015-11-24,31.010000228881836,31.010000228881836,31.010000228881836,31.010000228881836,0.0,26.393293380737305
2015-11-25,31.010000228881836,31.010000228881836,31.010000228881836,31.010000228881836,0.0,26.393293380737305
2015-11-26,31.010000228881836,31.010000228881836,31.010000228881836,31.010000228881836,0.0,26.393293380737305
2015-11-27,31.010000228881836,31.010000228881836,31.010000228881836,31.010000228881836,0.0,26.393293380737305
2015-11-30,31.010000228881836,31.010000228881836,31.010000228881836,31.010000228881836,0.0,26.393293380737305
2015-12-01,31.010000228881836,31.010000228881836,31.010000228881836,31.010000228881836,0.0,26.393293380737305
2015-12-02,31.010000228881836,31.010000228881836,31.010000228881836,31.010000228881836,0.0,26.393293380737305
2015-12-03,31.010000228881836,31.010000228881836,31.010000228881836,31.010000228881836,0.0,26.393293380737305
2015-12-04,31.010000228881836,31.010000228881836,31.010000228881836,31.010000228881836,0.0,26.393293380737305
2015-12-07,31.010000228881836,31.010000228881836,31.010000228881836,31.010000228881836,0.0,26.393293380737305
2015-12-08,31.010000228881836,31.010000228881836,31.010000228881836,31.010000228881836,0.0,26.393293380737305
2015-12-09,31.010000228881836,31.010000228881836,31.010000228881836,31.010000228881836,0.0,26.393293380737305
2015-12-10,31.010000228881836,31.010000228881836,31.010000228881836,31.010000228881836,0.0,26.393293380737305
2015-12-11,31.010000228881836,31.010000228881836,31.010000228881836,31.010000228881836,0.0,26.393293380737305
2015-12-14,31.010000228881836,31.010000228881836,31.010000228881836,31.010000228881836,0.0,26.393293380737305
2015-12-15,31.010000228881836,31.010000228881836,31.010000228881836,31.010000228881836,0.0,26.393293380737305
2015-12-16,31.010000228881836,31.010000228881836,31.010000228881836,31.010000228881836,0.0,26.393293380737305
2015-12-17,31.010000228881836,31.010000228881836,31.010000228881836,31.010000228881836,0.0,26.393293380737305
2015-12-18,31.010000228881836,31.010000228881836,31.010000228881836,31.010000228881836,0.0,26.393293380737305
2015-12-21,31.010000228881836,31.010000228881836,31.010000228881836,31.010000228881836,0.0,26.393293380737305
2015-12-22,31.010000228881836,31.010000228881836,31.010000228881836,31.010000228881836,0.0,26.393293380737305
2015-12-23,31.010000228881836,31.010000228881836,31.010000228881836,31.010000228881836,0.0,26.393293380737305
2015-12-28,31.010000228881836,31.010000228881836,31.010000228881836,31.010000228881836,0.0,26.393293380737305
2015-12-29,31.010000228881836,31.010000228881836,31.010000228881836,31.010000228881836,0.0,26.393293380737305
2015-12-30,31.010000228881836,31.010000228881836,31.010000228881836,31.010000228881836,0.0,26.393293380737305
2016-01-04,31.010000228881836,31.010000228881836,31.010000228881836,31.010000228881836,0.0,26.393293380737305
2016-01-05,31.010000228881836,31.010000228881836,31.010000228881836,31.010000228881836,0.0,26.393293380737305
2016-01-06,31.010000228881836,31.010000228881836,31.010000228881836,31.010000228881836,0.0,26.393293380737305
2016-01-07,31.010000228881836,31.010000228881836,31.010000228881836,31.010000228881836,0.0,26.393293380737305
2016-01-08,31.010000228881836,31.010000228881836,31.010000228881836,31.010000228881836,0.0,26.393293380737305
2016-01-11,31.010000228881836,31.010000228881836,31.010000228881836,31.010000228881836,0.0,26.393293380737305
2016-01-12,31.010000228881836,31.010000228881836,31.010000228881836,31.010000228881836,0.0,26.393293380737305
2016-01-13,31.010000228881836,31.010000228881836,31.010000228881836,31.010000228881836,0.0,26.393293380737305
2016-01-14,31.010000228881836,31.010000228881836,31.010000228881836,31.010000228881836,0.0,26.393293380737305
2016-01-15,31.010000228881836,31.010000228881836,31.010000228881836,31.010000228881836,0.0,26.393293380737305
2016-01-18,31.010000228881836,31.010000228881836,31.010000228881836,31.010000228881836,0.0,26.393293380737305
2016-01-19,31.010000228881836,31.010000228881836,31.010000228881836,31.010000228881836,0.0,26.393293380737305
2016-01-20,31.010000228881836,31.010000228881836,31.010000228881836,31.010000228881836,0.0,26.393293380737305
2016-01-21,31.010000228881836,31.010000228881836,31.010000228881836,31.010000228881836,0.0,26.393293380737305
2016-01-22,31.010000228881836,31.010000228881836,31.010000228881836,31.010000228881836,0.0,26.393293380737305
2016-01-26,31.010000228881836,31.010000228881836,31.010000228881836,31.010000228881836,0.0,26.393293380737305
2016-01-27,31.010000228881836,31.010000228881836,31.010000228881836,31.010000228881836,0.0,26.393293380737305
2016-01-28,31.010000228881836,31.010000228881836,31.010000228881836,31.010000228881836,0.0,26.393293380737305
2016-01-29,31.010000228881836,31.010000228881836,31.010000228881836,31.010000228881836,0.0,26.393293380737305
2016-02-01,31.010000228881836,31.010000228881836,31.010000228881836,31.010000228881836,0.0,26.393293380737305
2016-02-02,31.010000228881836,31.010000228881836,31.010000228881836,31.010000228881836,0.0,26.393293380737305
2016-02-03,31.010000228881836,31.010000228881836,31.010000228881836,31.010000228881836,0.0,26.393293380737305
2016-02-04,31.010000228881836,31.010000228881836,31.010000228881836,31.010000228881836,0.0,26.393293380737305
2016-02-05,31.010000228881836,31.010000228881836,31.010000228881836,31.010000228881836,0.0,26.393293380737305
2016-02-10,31.010000228881836,31.010000228881836,31.010000228881836,31.010000228881836,0.0,26.393293380737305
2016-02-11,31.010000228881836,31.010000228881836,31.010000228881836,31.010000228881836,0.0,26.393293380737305
2016-02-12,31.010000228881836,31.010000228881836,31.010000228881836,31.010000228881836,0.0,26.393293380737305
2016-02-15,31.010000228881836,31.010000228881836,31.010000228881836,31.010000228881836,0.0,26.393293380737305
2016-02-16,31.010000228881836,31.010000228881836,31.010000228881836,31.010000228881836,0.0,26.393293380737305
2016-02-17,31.010000228881836,31.010000228881836,31.010000228881836,31.010000228881836,0.0,26.393293380737305
2016-02-18,31.010000228881836,31.010000228881836,31.010000228881836,31.010000228881836,0.0,26.393293380737305
2016-02-19,31.010000228881836,31.010000228881836,31.010000228881836,31.010000228881836,0.0,26.393293380737305
2016-02-22,31.010000228881836,31.010000228881836,31.010000228881836,31.010000228881836,0.0,26.393293380737305
2016-02-23,31.010000228881836,31.010000228881836,31.010000228881836,31.010000228881836,0.0,26.393293380737305
2016-02-24,31.010000228881836,31.010000228881836,31.010000228881836,31.010000228881836,0.0,26.393293380737305
2016-02-25,31.010000228881836,31.010000228881836,31.010000228881836,31.010000228881836,0.0,26.393293380737305
2016-02-26,31.010000228881836,31.010000228881836,31.010000228881836,31.010000228881836,0.0,26.393293380737305
2016-02-29,31.010000228881836,31.010000228881836,31.010000228881836,31.010000228881836,0.0,26.393293380737305
2016-03-01,31.010000228881836,31.010000228881836,31.010000228881836,31.010000228881836,0.0,26.393293380737305
2016-03-02,31.010000228881836,31.010000228881836,31.010000228881836,31.010000228881836,0.0,26.393293380737305
2016-03-03,31.010000228881836,31.010000228881836,31.010000228881836,31.010000228881836,0.0,26.393293380737305
2016-03-04,31.010000228881836,31.010000228881836,31.010000228881836,31.010000228881836,0.0,26.393293380737305
2016-03-07,31.010000228881836,31.010000228881836,31.010000228881836,31.010000228881836,0.0,26.393293380737305
2016-03-08,31.010000228881836,31.010000228881836,31.010000228881836,31.010000228881836,0.0,26.393293380737305
2016-03-09,31.010000228881836,31.010000228881836,31.010000228881836,31.010000228881836,0.0,26.393293380737305
2016-03-10,31.010000228881836,31.010000228881836,31.010000228881836,31.010000228881836,0.0,26.393293380737305
2016-03-11,31.010000228881836,31.010000228881836,31.010000228881836,31.010000228881836,0.0,26.393293380737305
2016-03-14,31.010000228881836,31.010000228881836,31.010000228881836,31.010000228881836,0.0,26.393293380737305
2016-03-15,31.010000228881836,31.010000228881836,31.010000228881836,31.010000228881836,0.0,26.393293380737305
2016-03-16,31.010000228881836,31.010000228881836,31.010000228881836,31.010000228881836,0.0,26.393293380737305
2016-03-17,31.010000228881836,31.010000228881836,31.010000228881836,31.010000228881836,0.0,26.393293380737305
2016-03-18,31.010000228881836,31.010000228881836,31.010000228881836,31.010000228881836,0.0,26.393293380737305
2016-03-21,31.010000228881836,31.010000228881836,31.010000228881836,31.010000228881836,0.0,26.393293380737305
2016-03-22,31.010000228881836,31.010000228881836,31.010000228881836,31.010000228881836,0.0,26.393293380737305
2016-03-23,31.010000228881836,31.010000228881836,31.010000228881836,31.010000228881836,0.0,26.393293380737305
2016-03-24,31.010000228881836,31.010000228881836,31.010000228881836,31.010000228881836,0.0,26.393293380737305
2016-03-28,31.010000228881836,31.010000228881836,31.010000228881836,31.010000228881836,0.0,26.393293380737305
2016-03-29,31.010000228881836,31.010000228881836,31.010000228881836,31.010000228881836,0.0,26.393293380737305
2016-03-30,31.010000228881836,31.010000228881836,31.010000228881836,31.010000228881836,0.0,26.393293380737305
2016-03-31,31.010000228881836,31.010000228881836,31.010000228881836,31.010000228881836,0.0,26.393293380737305
2016-04-01,31.010000228881836,31.010000228881836,31.010000228881836,31.010000228881836,0.0,26.393293380737305
2016-04-04,31.010000228881836,31.010000228881836,31.010000228881836,31.010000228881836,0.0,26.393293380737305
2016-04-05,31.010000228881836,31.010000228881836,31.010000228881836,31.010000228881836,0.0,26.393293380737305
2016-04-06,31.010000228881836,31.010000228881836,31.010000228881836,31.010000228881836,0.0,26.393293380737305
2016-04-07,31.010000228881836,31.010000228881836,31.010000228881836,31.010000228881836,0.0,26.393293380737305
2016-04-08,31.010000228881836,31.010000228881836,31.010000228881836,31.010000228881836,0.0,26.393293380737305
2016-04-11,31.010000228881836,31.010000228881836,31.010000228881836,31.010000228881836,0.0,26.393293380737305
2016-04-12,31.010000228881836,31.010000228881836,31.010000228881836,31.010000228881836,0.0,26.393293380737305
2016-04-13,31.010000228881836,31.010000228881836,31.010000228881836,31.010000228881836,0.0,26.393293380737305
2016-04-14,31.010000228881836,31.010000228881836,31.010000228881836,31.010000228881836,0.0,26.393293380737305
2016-04-15,31.010000228881836,31.010000228881836,31.010000228881836,31.010000228881836,0.0,26.393293380737305
2016-04-18,31.010000228881836,31.010000228881836,31.010000228881836,31.010000228881836,0.0,26.393293380737305
2016-04-19,31.010000228881836,31.010000228881836,31.010000228881836,31.010000228881836,0.0,26.393293380737305
2016-04-20,30.0,30.0,30.0,30.0,1000.0,25.533660888671875
2016-04-22,30.0,30.0,30.0,30.0,0.0,25.533660888671875
2016-04-25,30.0,30.0,30.0,30.0,0.0,25.533660888671875
2016-04-26,30.0,30.0,30.0,30.0,0.0,25.533660888671875
2016-04-27,30.0,30.0,30.0,30.0,0.0,25.533660888671875
2016-04-28,30.0,30.0,30.0,30.0,0.0,25.533660888671875
2016-04-29,30.0,30.0,30.0,30.0,0.0,25.533660888671875
2016-05-02,30.0,30.0,30.0,30.0,0.0,25.533660888671875
2016-05-03,30.0,30.0,30.0,30.0,0.0,25.533660888671875
2016-05-04,30.0,30.0,30.0,30.0,0.0,25.533660888671875
2016-05-05,30.0,30.0,30.0,30.0,0.0,25.533660888671875
2016-05-06,31.0,31.0,31.0,31.0,1300.0,26.384782791137695
2016-05-09,31.0,31.0,31.0,31.0,0.0,26.384782791137695
2016-05-10,31.0,31.0,31.0,31.0,0.0,26.384782791137695
2016-05-11,31.0,31.0,31.0,31.0,0.0,26.384782791137695
2016-05-12,31.0,31.0,31.0,31.0,0.0,26.384782791137695
2016-05-13,31.0,31.0,31.0,31.0,0.0,26.384782791137695
2016-05-16,31.0,31.0,31.0,31.0,100.0,26.384782791137695
2016-05-17,31.0,31.0,31.0,31.0,0.0,26.384782791137695
2016-05-18,31.0,31.0,31.0,31.0,0.0,26.384782791137695
2016-05-19,31.0,31.0,31.0,31.0,0.0,26.384782791137695
2016-05-20,31.0,31.0,31.0,31.0,0.0,26.384782791137695
2016-05-23,31.0,31.0,31.0,31.0,0.0,26.384782791137695
2016-05-24,31.0,31.0,31.0,31.0,0.0,26.384782791137695
2016-05-25,31.0,31.0,31.0,31.0,0.0,26.384782791137695
2016-05-27,31.0,31.0,31.0,31.0,0.0,26.384782791137695
2016-05-30,31.0,31.0,31.0,31.0,0.0,26.384782791137695
2016-05-31,31.0,31.0,31.0,31.0,0.0,26.384782791137695
2016-06-01,31.0,31.0,31.0,31.0,0.0,26.384782791137695
2016-06-02,31.0,31.0,31.0,31.0,0.0,26.384782791137695
2016-06-03,31.0,31.0,31.0,31.0,0.0,26.384782791137695
2016-06-06,31.0,31.0,31.0,31.0,0.0,26.384782791137695
2016-06-07,31.0,31.0,31.0,31.0,0.0,26.384782791137695
2016-06-08,31.0,31.0,31.0,31.0,0.0,26.384782791137695
2016-06-09,31.0,31.0,31.0,31.0,0.0,26.384782791137695
2016-06-10,31.0,31.0,31.0,31.0,0.0,26.384782791137695
2016-06-13,31.0,31.0,31.0,31.0,0.0,26.384782791137695
2016-06-14,31.0,31.0,31.0,31.0,0.0,26.384782791137695
2016-06-15,31.0,31.0,31.0,31.0,0.0,26.384782791137695
2016-06-16,31.0,31.0,31.0,31.0,0.0,26.384782791137695
2016-06-17,31.0,31.0,31.0,31.0,0.0,26.384782791137695
2016-06-20,31.0,31.0,31.0,31.0,0.0,26.384782791137695
2016-06-21,31.0,31.0,31.0,31.0,0.0,26.384782791137695
2016-06-22,31.0,31.0,31.0,31.0,0.0,26.384782791137695
2016-06-23,31.0,31.0,31.0,31.0,0.0,26.384782791137695
2016-06-24,31.0,31.0,31.0,31.0,0.0,26.384782791137695
2016-06-27,31.0,31.0,31.0,31.0,0.0,26.384782791137695
2016-06-28,31.0,31.0,31.0,31.0,0.0,26.384782791137695
2016-06-29,31.0,31.0,31.0,31.0,0.0,26.384782791137695
2016-06-30,31.0,31.0,31.0,31.0,0.0,26.384782791137695
2016-07-01,31.0,31.0,31.0,31.0,0.0,26.384782791137695
2016-07-04,31.0,31.0,31.0,31.0,0.0,26.384782791137695
2016-07-05,31.0,31.0,31.0,31.0,0.0,26.384782791137695
2016-07-06,31.0,31.0,31.0,31.0,0.0,26.384782791137695
2016-07-07,31.0,31.0,31.0,31.0,0.0,26.384782791137695
2016-07-08,31.0,31.0,31.0,31.0,0.0,26.384782791137695
2016-07-11,31.0,31.0,31.0,31.0,0.0,26.384782791137695
2016-07-12,31.0,31.0,31.0,31.0,0.0,26.384782791137695
2016-07-13,31.0,31.0,31.0,31.0,0.0,26.384782791137695
2016-07-14,31.0,31.0,31.0,31.0,0.0,26.384782791137695
2016-07-15,31.0,31.0,31.0,31.0,0.0,26.384782791137695
2016-07-18,31.0,31.0,31.0,31.0,0.0,26.384782791137695
2016-07-19,31.0,31.0,31.0,31.0,0.0,26.384782791137695
2016-07-20,31.0,31.0,31.0,31.0,0.0,26.384782791137695
2016-07-21,31.0,31.0,31.0,31.0,0.0,26.384782791137695
2016-07-22,31.0,31.0,31.0,31.0,0.0,26.384782791137695
2016-07-25,31.0,31.0,31.0,31.0,0.0,26.384782791137695
2016-07-26,31.0,31.0,31.0,31.0,0.0,26.384782791137695
2016-07-27,31.0,31.0,31.0,31.0,0.0,26.384782791137695
2016-07-28,31.0,31.0,31.0,31.0,0.0,26.384782791137695
2016-07-29,31.0,31.0,31.0,31.0,0.0,26.384782791137695
2016-08-01,31.0,31.0,31.0,31.0,0.0,26.384782791137695
2016-08-02,31.0,31.0,31.0,31.0,0.0,26.384782791137695
2016-08-03,31.0,31.0,31.0,31.0,0.0,26.384782791137695
2016-08-04,31.0,31.0,31.0,31.0,0.0,26.384782791137695
2016-08-05,31.0,31.0,31.0,31.0,0.0,26.384782791137695
2016-08-08,31.0,31.0,31.0,31.0,0.0,26.384782791137695
2016-08-09,31.0,31.0,31.0,31.0,0.0,26.384782791137695
2016-08-10,31.0,31.0,31.0,31.0,0.0,26.384782791137695
2016-08-11,31.0,31.0,31.0,31.0,0.0,26.384782791137695
2016-08-12,31.0,31.0,31.0,31.0,0.0,26.384782791137695
2016-08-15,31.0,31.0,31.0,31.0,0.0,26.384782791137695
2016-08-16,31.0,31.0,31.0,31.0,0.0,26.384782791137695
2016-08-17,31.0,31.0,31.0,31.0,0.0,26.384782791137695
2016-08-18,31.0,31.0,31.0,31.0,0.0,26.384782791137695
2016-08-19,31.0,31.0,31.0,31.0,0.0,26.384782791137695
2016-08-22,31.0,31.0,31.0,31.0,0.0,26.384782791137695
2016-08-23,31.0,31.0,31.0,31.0,0.0,26.384782791137695
2016-08-24,31.0,31.0,31.0,31.0,0.0,26.384782791137695
2016-08-25,31.0,31.0,31.0,31.0,0.0,26.384782791137695
2016-08-26,31.0,31.0,31.0,31.0,0.0,26.384782791137695
2016-08-29,31.0,31.0,31.0,31.0,0.0,26.384782791137695
2016-08-30,31.0,31.0,31.0,31.0,0.0,26.384782791137695
2016-08-31,31.0,31.0,31.0,31.0,0.0,26.384782791137695
2016-09-01,31.0,31.0,31.0,31.0,0.0,26.384782791137695
2016-09-02,31.0,31.0,31.0,31.0,0.0,26.384782791137695
2016-09-05,31.0,31.0,31.0,31.0,0.0,26.384782791137695
2016-09-06,31.0,31.0,31.0,31.0,0.0,26.384782791137695
2016-09-08,31.0,31.0,31.0,31.0,0.0,26.384782791137695
2016-09-09,31.0,31.0,31.0,31.0,0.0,26.384782791137695
2016-09-12,31.0,31.0,31.0,31.0,0.0,26.384782791137695
2016-09-13,31.0,31.0,31.0,31.0,0.0,26.384782791137695
2016-09-14,31.0,31.0,31.0,31.0,0.0,26.384782791137695
2016-09-15,31.0,31.0,31.0,31.0,0.0,26.384782791137695
2016-09-16,31.0,31.0,31.0,31.0,0.0,26.384782791137695
2016-09-19,31.0,31.0,31.0,31.0,0.0,26.384782791137695
2016-09-20,31.0,31.0,31.0,31.0,0.0,26.384782791137695
2016-09-21,31.0,31.0,31.0,31.0,0.0,26.384782791137695
2016-09-22,31.0,31.0,31.0,31.0,0.0,26.384782791137695
2016-09-23,30.0,30.0,30.0,30.0,100.0,25.533660888671875
2016-09-26,30.0,30.0,30.0,30.0,0.0,25.533660888671875
2016-09-27,30.0,30.0,30.0,30.0,0.0,25.533660888671875
2016-09-28,30.0,30.0,30.0,30.0,0.0,25.533660888671875
2016-09-29,30.0,30.0,30.0,30.0,0.0,25.533660888671875
2016-09-30,30.0,30.0,30.0,30.0,0.0,25.533660888671875
2016-10-03,30.0,30.0,30.0,30.0,0.0,25.533660888671875
2016-10-04,30.0,30.0,30.0,30.0,0.0,25.533660888671875
2016-10-05,30.0,30.0,30.0,30.0,0.0,25.533660888671875
2016-10-06,30.0,30.0,30.0,30.0,0.0,25.533660888671875
2016-10-07,30.0,30.0,30.0,30.0,0.0,25.533660888671875
2016-10-10,30.0,30.0,30.0,30.0,0.0,25.533660888671875
2016-10-11,30.0,30.0,30.0,30.0,0.0,25.533660888671875
2016-10-13,30.0,30.0,30.0,30.0,0.0,25.533660888671875
2016-10-14,30.0,30.0,30.0,30.0,0.0,25.533660888671875
2016-10-17,30.0,30.0,30.0,30.0,0.0,25.533660888671875
2016-10-18,30.0,30.0,30.0,30.0,0.0,25.533660888671875
2016-10-19,30.0,30.0,30.0,30.0,0.0,25.533660888671875
2016-10-20,30.0,30.0,30.0,30.0,0.0,25.533660888671875
2016-10-21,30.0,30.0,30.0,30.0,0.0,25.533660888671875
2016-10-24,30.0,30.0,30.0,30.0,0.0,25.533660888671875
2016-10-25,30.0,30.0,30.0,30.0,0.0,25.533660888671875
2016-10-26,30.0,30.0,30.0,30.0,0.0,25.533660888671875
2016-10-27,30.0,30.0,30.0,30.0,0.0,25.533660888671875
2016-10-28,30.0,30.0,30.0,30.0,0.0,25.533660888671875
2016-10-31,30.0,30.0,30.0,30.0,0.0,25.533660888671875
2016-11-01,30.0,30.0,30.0,30.0,0.0,25.533660888671875
2016-11-03,30.0,30.0,30.0,30.0,0.0,25.533660888671875
2016-11-04,30.0,30.0,30.0,30.0,0.0,25.533660888671875
2016-11-07,30.0,30.0,30.0,30.0,0.0,25.533660888671875
2016-11-08,30.0,30.0,30.0,30.0,0.0,25.533660888671875
2016-11-09,30.0,30.0,30.0,30.0,0.0,25.533660888671875
2016-11-10,30.0,30.0,30.0,30.0,0.0,25.533660888671875
2016-11-11,30.0,30.0,30.0,30.0,0.0,25.533660888671875
2016-11-14,30.0,30.0,30.0,30.0,0.0,25.533660888671875
2016-11-16,30.0,30.0,30.0,30.0,0.0,25.533660888671875
2016-11-17,30.0,30.0,30.0,30.0,0.0,25.533660888671875
2016-11-18,30.0,30.0,30.0,30.0,0.0,25.533660888671875
2016-11-21,30.0,30.0,30.0,30.0,0.0,25.533660888671875
2016-11-22,30.0,30.0,30.0,30.0,0.0,25.533660888671875
2016-11-23,30.0,30.0,30.0,30.0,0.0,25.533660888671875
2016-11-24,30.0,30.0,30.0,30.0,0.0,25.533660888671875
2016-11-25,30.0,30.0,30.0,30.0,0.0,25.533660888671875
2016-11-28,30.0,30.0,30.0,30.0,0.0,25.533660888671875
2016-11-29,30.0,30.0,30.0,30.0,0.0,25.533660888671875
2016-11-30,30.0,30.0,30.0,30.0,0.0,25.533660888671875
2016-12-01,30.0,30.0,30.0,30.0,0.0,25.533660888671875
2016-12-02,30.0,30.0,30.0,30.0,0.0,25.533660888671875
2016-12-05,30.0,30.0,30.0,30.0,0.0,25.533660888671875
2016-12-06,30.0,30.0,30.0,30.0,0.0,25.533660888671875
2016-12-07,30.0,30.0,30.0,30.0,0.0,25.533660888671875
2016-12-08,30.0,30.0,30.0,30.0,0.0,25.533660888671875
2016-12-09,30.0,30.0,30.0,30.0,0.0,25.533660888671875
2016-12-12,30.0,30.0,30.0,30.0,0.0,25.533660888671875
2016-12-13,30.0,30.0,30.0,30.0,0.0,25.533660888671875
2016-12-14,30.0,30.0,30.0,30.0,0.0,25.533660888671875
2016-12-15,30.0,30.0,30.0,30.0,0.0,25.533660888671875
2016-12-16,30.0,30.0,30.0,30.0,0.0,25.533660888671875
2016-12-19,30.0,30.0,30.0,30.0,0.0,25.533660888671875
2016-12-20,30.0,30.0,30.0,30.0,0.0,25.533660888671875
2016-12-21,30.0,30.0,30.0,30.0,0.0,25.533660888671875
2016-12-22,30.0,30.0,30.0,30.0,0.0,25.533660888671875
2016-12-23,30.0,30.0,30.0,30.0,0.0,25.533660888671875
2016-12-26,30.0,30.0,30.0,30.0,0.0,25.533660888671875
2016-12-27,30.0,30.0,30.0,30.0,0.0,25.533660888671875
2016-12-28,30.0,30.0,30.0,30.0,0.0,25.533660888671875
2016-12-29,30.0,30.0,30.0,30.0,0.0,25.533660888671875
2017-01-02,30.0,30.0,30.0,30.0,0.0,25.533660888671875
2017-01-03,30.0,30.0,30.0,30.0,0.0,25.533660888671875
2017-01-04,30.0,30.0,30.0,30.0,0.0,25.533660888671875
2017-01-05,30.0,30.0,30.0,30.0,0.0,25.533660888671875
2017-01-06,30.0,30.0,30.0,30.0,0.0,25.533660888671875
2017-01-09,30.0,30.0,30.0,30.0,0.0,25.533660888671875
2017-01-10,30.0,30.0,30.0,30.0,0.0,25.533660888671875
2017-01-11,30.0,30.0,30.0,30.0,0.0,25.533660888671875
2017-01-12,30.0,30.0,30.0,30.0,0.0,25.533660888671875
2017-01-13,30.0,30.0,30.0,30.0,0.0,25.533660888671875
2017-01-16,30.0,30.0,30.0,30.0,0.0,25.533660888671875
2017-01-17,30.0,30.0,30.0,30.0,0.0,25.533660888671875
2017-01-18,30.0,30.0,30.0,30.0,0.0,25.533660888671875
2017-01-19,30.0,30.0,30.0,30.0,0.0,25.533660888671875
2017-01-20,30.0,30.0,30.0,30.0,0.0,25.533660888671875
2017-01-23,30.0,30.0,30.0,30.0,0.0,25.533660888671875
2017-01-24,30.0,30.0,30.0,30.0,0.0,25.533660888671875
2017-01-26,30.0,30.0,30.0,30.0,0.0,25.533660888671875
2017-01-27,30.0,30.0,30.0,30.0,0.0,25.533660888671875
2017-01-30,30.0,30.0,30.0,30.0,0.0,25.533660888671875
2017-01-31,30.0,30.0,30.0,30.0,0.0,25.533660888671875
2017-02-01,30.0,30.0,30.0,30.0,0.0,25.533660888671875
2017-02-02,30.0,30.0,30.0,30.0,0.0,25.533660888671875
2017-02-03,30.0,30.0,30.0,30.0,0.0,25.533660888671875
2017-02-06,30.0,30.0,30.0,30.0,0.0,25.533660888671875
2017-02-07,30.0,30.0,30.0,30.0,0.0,25.533660888671875
2017-02-08,30.0,30.0,30.0,30.0,0.0,25.533660888671875
2017-02-09,30.0,30.0,30.0,30.0,0.0,25.533660888671875
2017-02-10,30.0,30.0,30.0,30.0,0.0,25.533660888671875
2017-02-13,30.0,30.0,30.0,30.0,0.0,25.533660888671875
2017-02-14,30.0,30.0,30.0,30.0,0.0,25.533660888671875
2017-02-15,30.0,30.0,30.0,30.0,0.0,25.533660888671875
2017-02-16,30.0,30.0,30.0,30.0,0.0,25.533660888671875
2017-02-17,30.0,30.0,30.0,30.0,0.0,25.533660888671875
2017-02-20,30.0,30.0,30.0,30.0,0.0,25.533660888671875
2017-02-21,30.0,30.0,30.0,30.0,0.0,25.533660888671875
2017-02-22,30.0,30.0,30.0,30.0,0.0,25.533660888671875
2017-02-23,30.0,30.0,30.0,30.0,0.0,25.533660888671875
2017-02-24,30.0,30.0,30.0,30.0,0.0,25.533660888671875
2017-03-01,30.0,30.0,30.0,30.0,0.0,25.533660888671875
2017-03-02,30.0,30.0,30.0,30.0,0.0,25.533660888671875
2017-03-03,30.0,30.0,30.0,30.0,0.0,25.533660888671875
2017-03-06,30.0,30.0,30.0,30.0,0.0,25.533660888671875
2017-03-07,30.0,30.0,30.0,30.0,500.0,25.533660888671875
2017-03-08,30.0,30.0,30.0,30.0,0.0,25.533660888671875
2017-03-09,30.0,30.0,30.0,30.0,0.0,25.533660888671875
2017-03-10,30.0,30.0,30.0,30.0,0.0,25.533660888671875
2017-03-13,30.0,30.0,30.0,30.0,0.0,25.533660888671875
2017-03-14,30.0,30.0,30.0,30.0,0.0,25.533660888671875
2017-03-15,30.0,30.0,30.0,30.0,0.0,25.533660888671875
2017-03-16,30.0,30.0,30.0,30.0,0.0,25.533660888671875
2017-03-17,30.0,30.0,30.0,30.0,0.0,25.533660888671875
2017-03-20,30.0,30.0,30.0,30.0,0.0,25.533660888671875
2017-03-21,30.0,30.0,30.0,30.0,0.0,25.533660888671875
2017-03-22,30.0,30.0,30.0,30.0,0.0,25.533660888671875
2017-03-23,30.0,30.0,30.0,30.0,0.0,25.533660888671875
2017-03-24,30.0,30.0,30.0,30.0,0.0,25.533660888671875
2017-03-27,30.0,30.0,30.0,30.0,0.0,25.533660888671875
2017-03-28,30.0,30.0,30.0,30.0,0.0,25.533660888671875
2017-03-29,30.0,30.0,30.0,30.0,0.0,25.533660888671875
2017-03-30,30.0,30.0,30.0,30.0,0.0,25.533660888671875
2017-03-31,30.0,30.0,30.0,30.0,0.0,25.533660888671875
2017-04-03,30.0,30.0,30.0,30.0,0.0,25.533660888671875
2017-04-04,30.0,30.0,30.0,30.0,0.0,25.533660888671875
2017-04-05,30.0,30.0,30.0,30.0,0.0,25.533660888671875
2017-04-06,30.0,30.0,30.0,30.0,0.0,25.533660888671875
2017-04-07,30.0,30.0,30.0,30.0,0.0,25.533660888671875
2017-04-10,30.0,30.0,30.0,30.0,0.0,25.533660888671875
2017-04-11,30.0,30.0,30.0,30.0,0.0,25.533660888671875
2017-04-12,30.0,30.0,30.0,30.0,0.0,25.533660888671875
2017-04-13,30.0,30.0,30.0,30.0,0.0,25.533660888671875
2017-04-17,30.0,30.0,30.0,30.0,0.0,25.533660888671875
2017-04-18,30.0,30.0,30.0,30.0,0.0,25.533660888671875
2017-04-19,30.0,30.0,30.0,30.0,0.0,25.533660888671875
2017-04-20,30.0,30.0,30.0,30.0,0.0,25.533660888671875
2017-04-24,30.0,30.0,30.0,30.0,0.0,25.533660888671875
2017-04-25,30.0,30.0,30.0,30.0,0.0,25.533660888671875
2017-04-26,30.0,30.0,30.0,30.0,0.0,25.533660888671875
2017-04-27,30.0,30.0,30.0,30.0,0.0,25.533660888671875
2017-04-28,30.0,30.0,30.0,30.0,0.0,25.533660888671875
2017-05-02,30.0,30.0,30.0,30.0,0.0,25.533660888671875
2017-05-03,30.0,30.0,30.0,30.0,0.0,25.533660888671875
2017-05-04,30.0,30.0,30.0,30.0,0.0,25.533660888671875
2017-05-05,30.0,30.0,30.0,30.0,0.0,25.533660888671875
2017-05-08,30.0,30.0,30.0,30.0,0.0,25.533660888671875
2017-05-09,30.0,30.0,30.0,30.0,0.0,25.533660888671875
2017-05-10,30.0,30.0,30.0,30.0,0.0,25.533660888671875
2017-05-11,30.0,30.0,30.0,30.0,0.0,25.533660888671875
2017-05-12,30.0,30.0,30.0,30.0,0.0,25.533660888671875
2017-05-15,30.0,30.0,30.0,30.0,0.0,25.533660888671875
2017-05-16,30.0,30.0,30.0,30.0,0.0,25.533660888671875
2017-05-17,30.0,30.0,30.0,30.0,0.0,25.533660888671875
2017-05-18,30.0,30.0,30.0,30.0,0.0,25.533660888671875
2017-05-19,30.0,30.0,30.0,30.0,0.0,25.533660888671875
2017-05-22,30.0,30.0,30.0,30.0,0.0,25.533660888671875
2017-05-23,30.0,30.0,30.0,30.0,0.0,25.533660888671875
2017-05-24,30.0,30.0,30.0,30.0,0.0,25.533660888671875
2017-05-25,30.0,30.0,30.0,30.0,0.0,25.533660888671875
2017-05-26,30.0,30.0,30.0,30.0,0.0,25.533660888671875
2017-05-29,30.0,30.0,30.0,30.0,0.0,25.533660888671875
2017-05-30,30.0,30.0,30.0,30.0,0.0,25.533660888671875
2017-05-31,30.0,30.0,30.0,30.0,0.0,25.533660888671875
2017-06-01,30.0,30.0,30.0,30.0,0.0,25.533660888671875
2017-06-02,30.0,30.0,30.0,30.0,0.0,25.533660888671875
2017-06-05,30.0,30.0,30.0,30.0,0.0,25.533660888671875
2017-06-06,30.0,30.0,30.0,30.0,0.0,25.533660888671875
2017-06-07,30.0,30.0,30.0,30.0,0.0,25.533660888671875
2017-06-08,30.0,30.0,30.0,30.0,0.0,25.533660888671875
2017-06-09,30.0,30.0,30.0,30.0,0.0,25.533660888671875
2017-06-12,30.0,30.0,30.0,30.0,0.0,25.533660888671875
2017-06-13,30.0,30.0,30.0,30.0,0.0,25.533660888671875
2017-06-14,30.0,30.0,30.0,30.0,0.0,25.533660888671875
2017-06-15,30.0,30.0,30.0,30.0,0.0,25.533660888671875
2017-06-16,30.0,30.0,30.0,30.0,0.0,25.533660888671875
2017-06-19,30.0,30.0,30.0,30.0,0.0,25.533660888671875
2017-06-20,30.0,30.0,30.0,30.0,0.0,25.533660888671875
2017-06-21,30.0,30.0,30.0,30.0,0.0,25.533660888671875
2017-06-22,30.0,30.0,30.0,30.0,0.0,25.533660888671875
2017-06-23,30.0,30.0,30.0,30.0,0.0,25.533660888671875
2017-06-26,30.0,30.0,30.0,30.0,0.0,25.533660888671875
2017-06-27,30.0,30.0,30.0,30.0,0.0,25.533660888671875
2017-06-28,30.0,30.0,30.0,30.0,0.0,25.533660888671875
2017-06-29,30.0,30.0,30.0,30.0,0.0,25.533660888671875
2017-06-30,30.0,30.0,30.0,30.0,0.0,25.533660888671875
2017-07-03,30.0,30.0,30.0,30.0,0.0,25.533660888671875
2017-07-04,30.0,30.0,30.0,30.0,0.0,25.533660888671875
2017-07-05,30.0,30.0,30.0,30.0,0.0,25.533660888671875
2017-07-06,30.0,30.0,30.0,30.0,0.0,25.533660888671875
2017-07-07,30.0,30.0,30.0,30.0,0.0,25.533660888671875
2017-07-10,30.0,30.0,30.0,30.0,0.0,25.533660888671875
2017-07-11,30.0,30.0,30.0,30.0,0.0,25.533660888671875
2017-07-12,30.0,30.0,30.0,30.0,0.0,25.533660888671875
2017-07-13,30.0,30.0,30.0,30.0,0.0,25.533660888671875
2017-07-14,30.0,30.0,30.0,30.0,0.0,25.533660888671875
2017-07-17,30.0,30.0,30.0,30.0,0.0,25.533660888671875
2017-07-18,30.0,30.0,30.0,30.0,0.0,25.533660888671875
2017-07-19,30.0,30.0,30.0,30.0,0.0,25.533660888671875
2017-07-20,30.0,30.0,30.0,30.0,0.0,25.533660888671875
2017-07-21,30.0,30.0,30.0,30.0,0.0,25.533660888671875
2017-07-24,30.0,30.0,30.0,30.0,0.0,25.533660888671875
2017-07-25,30.0,30.0,30.0,30.0,0.0,25.533660888671875
2017-07-26,30.0,30.0,30.0,30.0,0.0,25.533660888671875
2017-07-27,30.0,30.0,30.0,30.0,0.0,25.533660888671875
2017-07-28,30.0,30.0,30.0,30.0,0.0,25.533660888671875
2017-07-31,30.0,30.0,30.0,30.0,0.0,25.533660888671875
2017-08-01,30.0,30.0,30.0,30.0,0.0,25.533660888671875
2017-08-02,30.0,30.0,30.0,30.0,0.0,25.533660888671875
2017-08-03,30.0,30.0,30.0,30.0,0.0,25.533660888671875
2017-08-04,30.0,30.0,30.0,30.0,0.0,25.533660888671875
2017-08-07,30.0,30.0,30.0,30.0,0.0,25.533660888671875
2017-08-08,30.0,30.0,30.0,30.0,0.0,25.533660888671875
2017-08-09,30.0,30.0,30.0,30.0,0.0,25.533660888671875
2017-08-10,30.0,30.0,30.0,30.0,0.0,25.533660888671875
2017-08-11,30.0,30.0,30.0,30.0,0.0,25.533660888671875
2017-08-14,30.0,30.0,30.0,30.0,0.0,25.533660888671875
2017-08-15,30.0,30.0,30.0,30.0,0.0,25.533660888671875
2017-08-16,30.0,30.0,30.0,30.0,0.0,25.533660888671875
2017-08-17,30.0,30.0,30.0,30.0,0.0,25.533660888671875
2017-08-18,30.0,30.0,30.0,30.0,0.0,25.533660888671875
2017-08-21,30.0,30.0,30.0,30.0,0.0,25.533660888671875
2017-08-22,30.0,30.0,30.0,30.0,0.0,25.533660888671875
2017-08-23,30.0,30.0,30.0,30.0,0.0,25.533660888671875
2017-08-24,30.0,30.0,30.0,30.0,0.0,25.533660888671875
2017-08-25,30.0,30.0,30.0,30.0,0.0,25.533660888671875
2017-08-28,30.0,30.0,30.0,30.0,0.0,25.533660888671875
2017-08-29,30.0,30.0,30.0,30.0,0.0,25.533660888671875
2017-08-30,30.0,30.0,30.0,30.0,0.0,25.533660888671875
2017-08-31,30.0,30.0,30.0,30.0,0.0,25.533660888671875
2017-09-01,30.0,30.0,30.0,30.0,0.0,25.533660888671875
2017-09-04,30.0,30.0,30.0,30.0,0.0,25.533660888671875
2017-09-05,30.0,30.0,30.0,30.0,0.0,25.533660888671875
2017-09-06,30.0,30.0,30.0,30.0,0.0,25.533660888671875
2017-09-07,30.0,30.0,30.0,30.0,0.0,25.533660888671875
2017-09-08,30.0,30.0,30.0,30.0,0.0,25.533660888671875
2017-09-11,30.0,30.0,30.0,30.0,0.0,25.533660888671875
2017-09-12,30.0,30.0,30.0,30.0,0.0,25.533660888671875
2017-09-13,30.0,30.0,30.0,30.0,0.0,25.533660888671875
2017-09-14,30.0,30.0,30.0,30.0,0.0,25.533660888671875
2017-09-15,30.0,30.0,30.0,30.0,0.0,25.533660888671875
2017-09-18,30.0,30.0,30.0,30.0,0.0,25.533660888671875
2017-09-19,30.0,30.0,30.0,30.0,0.0,25.533660888671875
2017-09-20,30.0,30.0,30.0,30.0,0.0,25.533660888671875
2017-09-21,30.0,30.0,30.0,30.0,0.0,25.533660888671875
2017-09-22,30.0,30.0,30.0,30.0,0.0,25.533660888671875
2017-09-25,30.0,30.0,30.0,30.0,0.0,25.533660888671875
2017-09-26,30.0,30.0,30.0,30.0,0.0,25.533660888671875
2017-09-27,30.0,30.0,30.0,30.0,0.0,25.533660888671875
2017-09-28,30.0,30.0,30.0,30.0,0.0,25.533660888671875
2017-09-29,30.0,30.0,30.0,30.0,0.0,25.533660888671875
2017-10-02,30.0,30.0,30.0,30.0,0.0,25.533660888671875
2017-10-03,30.0,30.0,30.0,30.0,0.0,25.533660888671875
2017-10-04,30.0,30.0,30.0,30.0,0.0,25.533660888671875
2017-10-05,30.0,30.0,30.0,30.0,0.0,25.533660888671875
2017-10-06,30.0,30.0,30.0,30.0,0.0,25.533660888671875
2017-10-09,30.0,30.0,30.0,30.0,0.0,25.533660888671875
2017-10-10,30.0,30.0,30.0,30.0,0.0,25.533660888671875
2017-10-11,30.0,30.0,30.0,30.0,0.0,25.533660888671875
2017-10-12,30.0,30.0,30.0,30.0,0.0,25.533660888671875
2017-10-13,30.0,30.0,30.0,30.0,0.0,25.533660888671875
2017-10-16,30.0,30.0,30.0,30.0,0.0,25.533660888671875
2017-10-17,30.0,30.0,30.0,30.0,0.0,25.533660888671875
2017-10-18,30.0,30.0,30.0,30.0,0.0,25.533660888671875
2017-10-19,30.0,30.0,30.0,30.0,0.0,25.533660888671875
2017-10-20,30.0,30.0,30.0,30.0,0.0,25.533660888671875
2017-10-23,30.0,30.0,30.0,30.0,0.0,25.533660888671875
2017-10-24,30.0,30.0,30.0,30.0,0.0,25.533660888671875
2017-10-25,30.0,30.0,30.0,30.0,0.0,25.533660888671875
2017-10-26,30.0,30.0,30.0,30.0,0.0,25.533660888671875
2017-10-27,30.0,30.0,30.0,30.0,0.0,25.533660888671875
2017-10-30,30.0,30.0,30.0,30.0,0.0,25.533660888671875
2017-10-31,30.0,30.0,30.0,30.0,0.0,25.533660888671875
2017-11-01,30.0,30.0,30.0,30.0,0.0,25.533660888671875
2017-11-02,30.0,30.0,30.0,30.0,0.0,25.533660888671875
2017-11-03,30.0,30.0,30.0,30.0,0.0,25.533660888671875
2017-11-06,30.0,30.0,30.0,30.0,0.0,25.533660888671875
2017-11-07,30.0,30.0,30.0,30.0,0.0,25.533660888671875
2017-11-08,30.0,30.0,30.0,30.0,0.0,25.533660888671875
2017-11-09,30.0,30.0,30.0,30.0,0.0,25.533660888671875
2017-11-10,30.0,30.0,30.0,30.0,0.0,25.533660888671875
2017-11-13,30.0,30.0,30.0,30.0,0.0,25.533660888671875
2017-11-14,30.0,30.0,30.0,30.0,0.0,25.533660888671875
2017-11-15,30.0,30.0,30.0,30.0,0.0,25.533660888671875
2017-11-16,30.0,30.0,30.0,30.0,0.0,25.533660888671875
2017-11-17,30.0,30.0,30.0,30.0,0.0,25.533660888671875
2017-11-20,30.0,30.0,30.0,30.0,0.0,25.533660888671875
2017-11-21,30.0,30.0,30.0,30.0,0.0,25.533660888671875
2017-11-22,30.0,30.0,30.0,30.0,0.0,25.533660888671875
2017-11-23,30.0,30.0,30.0,30.0,0.0,25.533660888671875
2017-11-24,30.0,30.0,30.0,30.0,0.0,25.533660888671875
2017-11-27,30.0,30.0,30.0,30.0,0.0,25.533660888671875
2017-11-28,30.0,30.0,30.0,30.0,0.0,25.533660888671875
2017-11-29,30.0,30.0,30.0,30.0,0.0,25.533660888671875
2017-11-30,30.0,30.0,30.0,30.0,0.0,25.533660888671875
2017-12-01,30.0,30.0,30.0,30.0,0.0,25.533660888671875
2017-12-04,30.0,30.0,30.0,30.0,0.0,25.533660888671875
2017-12-05,30.0,30.0,30.0,30.0,0.0,25.533660888671875
2017-12-06,30.0,30.0,30.0,30.0,0.0,25.533660888671875
2017-12-07,30.0,30.0,30.0,30.0,0.0,25.533660888671875
2017-12-08,30.0,30.0,30.0,30.0,0.0,25.533660888671875
2017-12-11,30.0,30.0,30.0,30.0,0.0,25.533660888671875
2017-12-12,30.0,30.0,30.0,30.0,0.0,25.533660888671875
2017-12-13,30.0,30.0,30.0,30.0,0.0,25.533660888671875
2017-12-14,30.0,30.0,30.0,30.0,0.0,25.533660888671875
2017-12-15,30.0,30.0,30.0,30.0,0.0,25.533660888671875
2017-12-18,30.0,30.0,30.0,30.0,0.0,25.533660888671875
2017-12-19,30.0,30.0,30.0,30.0,0.0,25.533660888671875
2017-12-20,30.0,30.0,30.0,30.0,0.0,25.533660888671875
2017-12-21,30.0,30.0,30.0,30.0,0.0,25.533660888671875
2017-12-22,30.0,30.0,30.0,30.0,0.0,25.533660888671875
2017-12-25,30.0,30.0,30.0,30.0,0.0,25.533660888671875
2017-12-26,37.0,37.0,37.0,37.0,100.0,31.491514205932617
2017-12-27,39.970001220703125,30.020000457763672,39.970001220703125,30.020000457763672,700.0,25.550683975219727
2017-12-28,30.020000457763672,30.020000457763672,30.020000457763672,30.020000457763672,0.0,25.550683975219727
2017-12-29,30.020000457763672,30.020000457763672,30.020000457763672,30.020000457763672,0.0,25.550683975219727
2018-01-02,33.0,33.0,33.0,33.0,100.0,28.087026596069336
2018-01-03,33.0,33.0,33.0,33.0,0.0,28.087026596069336
2018-01-04,33.0,33.0,33.0,33.0,0.0,28.087026596069336
2018-01-05,33.0,33.0,33.0,33.0,0.0,28.087026596069336
2018-01-08,33.0,33.0,33.0,33.0,0.0,28.087026596069336
2018-01-09,33.0,33.0,33.0,33.0,0.0,28.087026596069336
2018-01-10,33.0,33.0,33.0,33.0,0.0,28.087026596069336
2018-01-11,33.0,33.0,33.0,33.0,0.0,28.087026596069336
2018-01-12,33.0,33.0,33.0,33.0,0.0,28.087026596069336
2018-01-15,33.0,33.0,33.0,33.0,0.0,28.087026596069336
2018-01-16,33.0,33.0,33.0,33.0,0.0,28.087026596069336
2018-01-17,33.0,33.0,33.0,33.0,0.0,28.087026596069336
2018-01-18,33.0,33.0,33.0,33.0,0.0,28.087026596069336
2018-01-19,33.0,33.0,33.0,33.0,0.0,28.087026596069336
2018-01-22,33.0,33.0,33.0,33.0,0.0,28.087026596069336
2018-01-23,33.0,33.0,33.0,33.0,0.0,28.087026596069336
2018-01-24,33.0,33.0,33.0,33.0,0.0,28.087026596069336
2018-01-25,33.0,33.0,33.0,33.0,0.0,28.087026596069336
2018-01-26,33.0,33.0,33.0,33.0,0.0,28.087026596069336
2018-01-29,33.0,33.0,33.0,33.0,0.0,28.087026596069336
2018-01-30,49.900001525878906,39.970001220703125,39.970001220703125,49.900001525878906,1700.0,42.47098922729492
2018-01-31,46.0,45.5,45.5,46.0,2000.0,39.151615142822266
2018-02-01,45.0,45.0,45.0,45.0,2500.0,38.30049133300781
2018-02-02,44.970001220703125,44.970001220703125,44.970001220703125,44.970001220703125,100.0,38.274959564208984
2018-02-05,43.9900016784668,43.9900016784668,43.9900016784668,43.9900016784668,500.0,37.44085693359375
2018-02-06,43.97999954223633,43.97999954223633,43.97999954223633,43.97999954223633,500.0,37.43234634399414
2018-02-07,41.9900016784668,41.9900016784668,41.9900016784668,41.9900016784668,1100.0,35.738616943359375
2018-02-08,41.9900016784668,39.0,39.0,41.9900016784668,800.0,35.738616943359375
2018-02-09,41.0099983215332,41.0099983215332,41.0099983215332,41.0099983215332,600.0,34.90451431274414
2018-02-15,39.9900016784668,39.9900016784668,39.9900016784668,39.9900016784668,1000.0,34.03636932373047
2018-02-16,38.0,37.97999954223633,38.0,37.97999954223633,1400.0,32.32561492919922
2018-02-19,36.029998779296875,36.029998779296875,36.029998779296875,36.029998779296875,1100.0,30.665925979614258
2018-02-20,36.029998779296875,36.029998779296875,36.029998779296875,36.029998779296875,0.0,30.665925979614258
2018-02-21,39.9900016784668,39.9900016784668,39.9900016784668,39.9900016784668,200.0,34.03636932373047
2018-02-22,39.9900016784668,39.9900016784668,39.9900016784668,39.9900016784668,1000.0,34.03636932373047
2018-02-23,39.9900016784668,39.9900016784668,39.9900016784668,39.9900016784668,0.0,34.03636932373047
2018-02-26,39.9900016784668,39.9900016784668,39.9900016784668,39.9900016784668,0.0,34.03636932373047
2018-02-27,39.9900016784668,39.9900016784668,39.9900016784668,39.9900016784668,1000.0,34.03636932373047
2018-02-28,39.9900016784668,39.9900016784668,39.9900016784668,39.9900016784668,0.0,34.03636932373047
2018-03-01,39.9900016784668,39.9900016784668,39.9900016784668,39.9900016784668,1500.0,34.03636932373047
2018-03-02,39.97999954223633,39.97999954223633,39.97999954223633,39.97999954223633,1500.0,34.02785873413086
2018-03-05,41.900001525878906,39.9900016784668,39.9900016784668,41.900001525878906,1700.0,35.66201400756836
2018-03-06,40.45000076293945,40.45000076293945,40.45000076293945,40.45000076293945,1600.0,34.42788314819336
2018-03-07,43.939998626708984,43.939998626708984,43.939998626708984,43.939998626708984,100.0,37.39830017089844
2018-03-08,43.880001068115234,43.880001068115234,43.880001068115234,43.880001068115234,3500.0,37.34723663330078
2018-03-09,43.880001068115234,43.880001068115234,43.880001068115234,43.880001068115234,0.0,37.34723663330078
2018-03-12,43.880001068115234,43.880001068115234,43.880001068115234,43.880001068115234,0.0,37.34723663330078
2018-03-13,43.880001068115234,43.880001068115234,43.880001068115234,43.880001068115234,4600.0,37.34723663330078
2018-03-14,43.869998931884766,43.869998931884766,43.869998931884766,43.869998931884766,4600.0,37.338722229003906
2018-03-15,43.869998931884766,43.869998931884766,43.869998931884766,43.869998931884766,0.0,37.338722229003906
2018-03-16,42.97999954223633,42.97999954223633,42.97999954223633,42.97999954223633,4600.0,36.58122634887695
2018-03-19,42.97999954223633,42.97999954223633,42.97999954223633,42.97999954223633,0.0,36.58122634887695
2018-03-20,42.97999954223633,42.97999954223633,42.97999954223633,42.97999954223633,0.0,36.58122634887695
2018-03-21,42.97999954223633,42.97999954223633,42.97999954223633,42.97999954223633,0.0,36.58122634887695
2018-03-22,42.97999954223633,42.97999954223633,42.97999954223633,42.97999954223633,4300.0,36.58122634887695
2018-03-23,39.97999954223633,39.97999954223633,39.97999954223633,39.97999954223633,2200.0,34.02785873413086
2018-03-26,39.97999954223633,39.97999954223633,39.97999954223633,39.97999954223633,0.0,34.02785873413086
2018-03-27,39.97999954223633,39.97999954223633,39.97999954223633,39.97999954223633,0.0,34.02785873413086
2018-03-28,39.97999954223633,39.97999954223633,39.97999954223633,39.97999954223633,0.0,34.02785873413086
2018-03-29,39.97999954223633,39.97999954223633,39.97999954223633,39.97999954223633,0.0,34.02785873413086
2018-04-02,58.0099983215332,44.0099983215332,44.0099983215332,58.0099983215332,800.0,49.37358474731445
2018-04-03,58.0099983215332,58.0099983215332,58.0099983215332,58.0099983215332,0.0,49.37358474731445
2018-04-04,58.0099983215332,58.0099983215332,58.0099983215332,58.0099983215332,0.0,49.37358474731445
2018-04-05,58.0099983215332,58.0099983215332,58.0099983215332,58.0099983215332,0.0,49.37358474731445
2018-04-06,69.0,69.0,69.0,69.0,100.0,58.727420806884766
2018-04-09,69.0,69.0,69.0,69.0,0.0,58.727420806884766
2018-04-10,69.0,69.0,69.0,69.0,0.0,58.727420806884766
2018-04-11,69.0,69.0,69.0,69.0,3200.0,58.727420806884766
2018-04-12,69.0,69.0,69.0,69.0,0.0,58.727420806884766
2018-04-13,69.0,69.0,69.0,69.0,0.0,58.727420806884766
2018-04-16,69.0,69.0,69.0,69.0,0.0,58.727420806884766
2018-04-17,69.0,69.0,69.0,69.0,0.0,58.727420806884766
2018-04-18,69.0,69.0,69.0,69.0,0.0,58.727420806884766
2018-04-19,69.0,69.0,69.0,69.0,0.0,58.727420806884766
2018-04-20,69.0,69.0,69.0,69.0,0.0,58.727420806884766
2018-04-23,70.0,70.0,70.0,70.0,1600.0,59.57854461669922
2018-04-24,70.0,70.0,70.0,70.0,0.0,59.57854461669922
2018-04-25,70.0,70.0,70.0,70.0,0.0,59.57854461669922
2018-04-26,70.0,70.0,70.0,70.0,0.0,59.57854461669922
2018-04-27,75.0,75.0,75.0,75.0,500.0,63.83415222167969
2018-04-30,80.0,80.0,80.0,80.0,100.0,68.08975982666016
2018-05-02,80.0,80.0,80.0,80.0,0.0,78.20903015136719
2018-05-03,79.98999786376953,75.0,75.0,79.98999786376953,200.0,78.19925689697266
2018-05-04,79.98999786376953,79.98999786376953,79.98999786376953,79.98999786376953,0.0,78.19925689697266
2018-05-07,79.98999786376953,79.98999786376953,79.98999786376953,79.98999786376953,0.0,78.19925689697266
2018-05-08,79.98999786376953,79.98999786376953,79.98999786376953,79.98999786376953,0.0,78.19925689697266
2018-05-09,79.98999786376953,79.98999786376953,79.98999786376953,79.98999786376953,0.0,78.19925689697266
2018-05-10,79.98999786376953,79.98999786376953,79.98999786376953,79.98999786376953,0.0,78.19925689697266
2018-05-11,79.98999786376953,79.98999786376953,79.98999786376953,79.98999786376953,0.0,78.19925689697266
2018-05-14,79.98999786376953,79.98999786376953,79.98999786376953,79.98999786376953,0.0,78.19925689697266
2018-05-15,79.98999786376953,79.98999786376953,79.98999786376953,79.98999786376953,0.0,78.19925689697266
2018-05-16,79.98999786376953,79.98999786376953,79.98999786376953,79.98999786376953,0.0,78.19925689697266
2018-05-17,79.98999786376953,79.98999786376953,79.98999786376953,79.98999786376953,0.0,78.19925689697266
2018-05-18,79.98999786376953,79.98999786376953,79.98999786376953,79.98999786376953,0.0,78.19925689697266
2018-05-21,79.98999786376953,79.98999786376953,79.98999786376953,79.98999786376953,0.0,78.19925689697266
2018-05-22,79.98999786376953,79.98999786376953,79.98999786376953,79.98999786376953,0.0,78.19925689697266
2018-05-23,79.98999786376953,79.98999786376953,79.98999786376953,79.98999786376953,0.0,78.19925689697266
2018-05-24,79.98999786376953,79.98999786376953,79.98999786376953,79.98999786376953,0.0,78.19925689697266
2018-05-25,79.98999786376953,79.98999786376953,79.98999786376953,79.98999786376953,0.0,78.19925689697266
2018-05-28,79.98999786376953,79.98999786376953,79.98999786376953,79.98999786376953,0.0,78.19925689697266
2018-05-29,79.98999786376953,79.98999786376953,79.98999786376953,79.98999786376953,0.0,78.19925689697266
2018-05-30,79.98999786376953,79.98999786376953,79.98999786376953,79.98999786376953,0.0,78.19925689697266
2018-06-01,79.98999786376953,79.98999786376953,79.98999786376953,79.98999786376953,0.0,78.19925689697266
2018-06-04,79.98999786376953,79.98999786376953,79.98999786376953,79.98999786376953,0.0,78.19925689697266
2018-06-05,79.98999786376953,79.98999786376953,79.98999786376953,79.98999786376953,0.0,78.19925689697266
2018-06-06,79.98999786376953,79.98999786376953,79.98999786376953,79.98999786376953,0.0,78.19925689697266
2018-06-07,79.98999786376953,79.98999786376953,79.98999786376953,79.98999786376953,0.0,78.19925689697266
2018-06-08,79.98999786376953,79.98999786376953,79.98999786376953,79.98999786376953,0.0,78.19925689697266
2018-06-11,79.98999786376953,79.98999786376953,79.98999786376953,79.98999786376953,0.0,78.19925689697266
2018-06-12,79.98999786376953,79.98999786376953,79.98999786376953,79.98999786376953,0.0,78.19925689697266
2018-06-13,79.98999786376953,79.98999786376953,79.98999786376953,79.98999786376953,0.0,78.19925689697266
2018-06-14,79.98999786376953,79.98999786376953,79.98999786376953,79.98999786376953,0.0,78.19925689697266
2018-06-15,79.98999786376953,79.98999786376953,79.98999786376953,79.98999786376953,0.0,78.19925689697266
2018-06-18,79.98999786376953,79.98999786376953,79.98999786376953,79.98999786376953,0.0,78.19925689697266
2018-06-19,79.98999786376953,79.98999786376953,79.98999786376953,79.98999786376953,0.0,78.19925689697266
2018-06-20,79.98999786376953,79.98999786376953,79.98999786376953,79.98999786376953,0.0,78.19925689697266
2018-06-21,79.98999786376953,79.98999786376953,79.98999786376953,79.98999786376953,0.0,78.19925689697266
2018-06-22,79.98999786376953,79.98999786376953,79.98999786376953,79.98999786376953,0.0,78.19925689697266
2018-06-25,79.98999786376953,79.98999786376953,79.98999786376953,79.98999786376953,0.0,78.19925689697266
2018-06-26,79.98999786376953,79.98999786376953,79.98999786376953,79.98999786376953,0.0,78.19925689697266
2018-06-27,79.98999786376953,79.98999786376953,79.98999786376953,79.98999786376953,0.0,78.19925689697266
2018-06-28,79.98999786376953,79.98999786376953,79.98999786376953,79.98999786376953,0.0,78.19925689697266
2018-06-29,79.98999786376953,79.98999786376953,79.98999786376953,79.98999786376953,0.0,78.19925689697266
2018-07-02,79.98999786376953,79.98999786376953,79.98999786376953,79.98999786376953,0.0,78.19925689697266
2018-07-03,79.98999786376953,79.98999786376953,79.98999786376953,79.98999786376953,0.0,78.19925689697266
2018-07-04,79.98999786376953,79.98999786376953,79.98999786376953,79.98999786376953,0.0,78.19925689697266
2018-07-05,79.98999786376953,79.98999786376953,79.98999786376953,79.98999786376953,0.0,78.19925689697266
2018-07-06,79.98999786376953,79.98999786376953,79.98999786376953,79.98999786376953,0.0,78.19925689697266
2018-07-10,79.98999786376953,79.98999786376953,79.98999786376953,79.98999786376953,0.0,78.19925689697266
2018-07-11,79.98999786376953,79.98999786376953,79.98999786376953,79.98999786376953,0.0,78.19925689697266
2018-07-12,79.98999786376953,79.98999786376953,79.98999786376953,79.98999786376953,0.0,78.19925689697266
2018-07-13,79.98999786376953,79.98999786376953,79.98999786376953,79.98999786376953,0.0,78.19925689697266
2018-07-16,79.98999786376953,79.98999786376953,79.98999786376953,79.98999786376953,0.0,78.19925689697266
2018-07-17,79.98999786376953,79.98999786376953,79.98999786376953,79.98999786376953,0.0,78.19925689697266
2018-07-18,79.98999786376953,79.98999786376953,79.98999786376953,79.98999786376953,0.0,78.19925689697266
2018-07-19,79.98999786376953,79.98999786376953,79.98999786376953,79.98999786376953,0.0,78.19925689697266
2018-07-20,79.98999786376953,79.98999786376953,79.98999786376953,79.98999786376953,0.0,78.19925689697266
2018-07-23,79.98999786376953,79.98999786376953,79.98999786376953,79.98999786376953,0.0,78.19925689697266
2018-07-24,79.98999786376953,79.98999786376953,79.98999786376953,79.98999786376953,0.0,78.19925689697266
2018-07-25,79.98999786376953,79.98999786376953,79.98999786376953,79.98999786376953,0.0,78.19925689697266
2018-07-26,79.98999786376953,79.98999786376953,79.98999786376953,79.98999786376953,0.0,78.19925689697266
2018-07-27,79.98999786376953,79.98999786376953,79.98999786376953,79.98999786376953,0.0,78.19925689697266
2018-07-30,79.98999786376953,79.98999786376953,79.98999786376953,79.98999786376953,0.0,78.19925689697266
2018-07-31,79.98999786376953,79.98999786376953,79.98999786376953,79.98999786376953,0.0,78.19925689697266
2018-08-01,79.98999786376953,79.98999786376953,79.98999786376953,79.98999786376953,0.0,78.19925689697266
2018-08-02,79.98999786376953,79.98999786376953,79.98999786376953,79.98999786376953,0.0,78.19925689697266
2018-08-03,70.0,70.0,70.0,70.0,700.0,68.43290710449219
2018-08-06,70.0,70.0,70.0,70.0,0.0,68.43290710449219
2018-08-07,70.0,70.0,70.0,70.0,0.0,68.43290710449219
2018-08-08,70.0,70.0,70.0,70.0,0.0,68.43290710449219
2018-08-09,70.0,70.0,70.0,70.0,0.0,68.43290710449219
2018-08-10,70.0,70.0,70.0,70.0,0.0,68.43290710449219
2018-08-13,70.0,70.0,70.0,70.0,0.0,68.43290710449219
2018-08-14,70.0,70.0,70.0,70.0,0.0,68.43290710449219
2018-08-15,70.0,70.0,70.0,70.0,0.0,68.43290710449219
2018-08-16,70.0,70.0,70.0,70.0,0.0,68.43290710449219
2018-08-17,70.0,70.0,70.0,70.0,0.0,68.43290710449219
2018-08-20,70.0,70.0,70.0,70.0,0.0,68.43290710449219
2018-08-21,70.0,70.0,70.0,70.0,0.0,68.43290710449219
2018-08-22,70.0,70.0,70.0,70.0,0.0,68.43290710449219
2018-08-23,70.0,70.0,70.0,70.0,0.0,68.43290710449219
2018-08-24,70.0,70.0,70.0,70.0,0.0,68.43290710449219
2018-08-27,70.0,70.0,70.0,70.0,0.0,68.43290710449219
2018-08-28,70.0,70.0,70.0,70.0,0.0,68.43290710449219
2018-08-29,70.0,70.0,70.0,70.0,0.0,68.43290710449219
2018-08-30,70.0,70.0,70.0,70.0,0.0,68.43290710449219
2018-08-31,70.0,70.0,70.0,70.0,0.0,68.43290710449219
2018-09-03,70.0,70.0,70.0,70.0,0.0,68.43290710449219
2018-09-04,70.0,70.0,70.0,70.0,0.0,68.43290710449219
2018-09-05,70.0,70.0,70.0,70.0,0.0,68.43290710449219
2018-09-06,70.0,70.0,70.0,70.0,0.0,68.43290710449219
2018-09-10,70.0,70.0,70.0,70.0,0.0,68.43290710449219
2018-09-11,70.0,70.0,70.0,70.0,0.0,68.43290710449219
2018-09-12,70.0,70.0,70.0,70.0,0.0,68.43290710449219
2018-09-13,70.0,70.0,70.0,70.0,0.0,68.43290710449219
2018-09-14,70.0,70.0,70.0,70.0,0.0,68.43290710449219
2018-09-17,70.0,70.0,70.0,70.0,0.0,68.43290710449219
2018-09-18,70.0,70.0,70.0,70.0,0.0,68.43290710449219
2018-09-19,70.0,70.0,70.0,70.0,0.0,68.43290710449219
2018-09-20,70.0,70.0,70.0,70.0,0.0,68.43290710449219
2018-09-21,70.0,70.0,70.0,70.0,0.0,68.43290710449219
2018-09-24,70.0,70.0,70.0,70.0,100.0,68.43290710449219
2018-09-25,70.0,70.0,70.0,70.0,0.0,68.43290710449219
2018-09-26,70.0,70.0,70.0,70.0,0.0,68.43290710449219
2018-09-27,70.0,70.0,70.0,70.0,0.0,68.43290710449219
2018-09-28,70.0,70.0,70.0,70.0,0.0,68.43290710449219
2018-10-01,70.0,70.0,70.0,70.0,0.0,68.43290710449219
2018-10-02,70.0,70.0,70.0,70.0,0.0,68.43290710449219
2018-10-03,79.98999786376953,79.98999786376953,79.98999786376953,79.98999786376953,100.0,78.19925689697266
2018-10-04,79.98999786376953,79.98999786376953,79.98999786376953,79.98999786376953,0.0,78.19925689697266
2018-10-05,79.98999786376953,79.98999786376953,79.98999786376953,79.98999786376953,0.0,78.19925689697266
2018-10-08,79.98999786376953,78.98999786376953,79.98999786376953,78.98999786376953,200.0,77.22164154052734
2018-10-09,78.98999786376953,78.98999786376953,78.98999786376953,78.98999786376953,0.0,77.22164154052734
2018-10-10,78.98999786376953,78.98999786376953,78.98999786376953,78.98999786376953,0.0,77.22164154052734
2018-10-11,78.98999786376953,78.98999786376953,78.98999786376953,78.98999786376953,0.0,77.22164154052734
2018-10-15,78.98999786376953,78.98999786376953,78.98999786376953,78.98999786376953,0.0,77.22164154052734
2018-10-16,78.98999786376953,78.98999786376953,78.98999786376953,78.98999786376953,0.0,77.22164154052734
2018-10-17,78.98999786376953,78.98999786376953,78.98999786376953,78.98999786376953,0.0,77.22164154052734
2018-10-18,78.98999786376953,78.98999786376953,78.98999786376953,78.98999786376953,0.0,77.22164154052734
2018-10-19,78.98999786376953,78.98999786376953,78.98999786376953,78.98999786376953,0.0,77.22164154052734
2018-10-22,78.98999786376953,78.98999786376953,78.98999786376953,78.98999786376953,0.0,77.22164154052734
2018-10-23,78.98999786376953,78.98999786376953,78.98999786376953,78.98999786376953,0.0,77.22164154052734
2018-10-24,78.98999786376953,78.98999786376953,78.98999786376953,78.98999786376953,0.0,77.22164154052734
2018-10-25,78.98999786376953,78.98999786376953,78.98999786376953,78.98999786376953,0.0,77.22164154052734
2018-10-26,78.98999786376953,78.98999786376953,78.98999786376953,78.98999786376953,0.0,77.22164154052734
2018-10-29,78.98999786376953,78.98999786376953,78.98999786376953,78.98999786376953,0.0,77.22164154052734
2018-10-30,78.98999786376953,78.98999786376953,78.98999786376953,78.98999786376953,0.0,77.22164154052734
2018-10-31,78.98999786376953,78.98999786376953,78.98999786376953,78.98999786376953,0.0,77.22164154052734
2018-11-01,78.98999786376953,78.98999786376953,78.98999786376953,78.98999786376953,0.0,77.22164154052734
2018-11-05,78.98999786376953,78.98999786376953,78.98999786376953,78.98999786376953,0.0,77.22164154052734
2018-11-06,78.98999786376953,78.98999786376953,78.98999786376953,78.98999786376953,0.0,77.22164154052734
2018-11-07,78.98999786376953,78.98999786376953,78.98999786376953,78.98999786376953,0.0,77.22164154052734
2018-11-08,78.98999786376953,78.98999786376953,78.98999786376953,78.98999786376953,0.0,77.22164154052734
2018-11-09,78.98999786376953,78.98999786376953,78.98999786376953,78.98999786376953,0.0,77.22164154052734
2018-11-12,78.98999786376953,78.98999786376953,78.98999786376953,78.98999786376953,0.0,77.22164154052734
2018-11-13,78.98999786376953,78.98999786376953,78.98999786376953,78.98999786376953,0.0,77.22164154052734
2018-11-14,78.98999786376953,78.98999786376953,78.98999786376953,78.98999786376953,0.0,77.22164154052734
2018-11-16,78.98999786376953,78.98999786376953,78.98999786376953,78.98999786376953,0.0,77.22164154052734
2018-11-19,78.98999786376953,78.98999786376953,78.98999786376953,78.98999786376953,0.0,77.22164154052734
2018-11-21,78.98999786376953,78.98999786376953,78.98999786376953,78.98999786376953,0.0,77.22164154052734
2018-11-22,78.98999786376953,78.98999786376953,78.98999786376953,78.98999786376953,0.0,77.22164154052734
2018-11-23,78.98999786376953,78.98999786376953,78.98999786376953,78.98999786376953,0.0,77.22164154052734
2018-11-26,78.98999786376953,78.98999786376953,78.98999786376953,78.98999786376953,0.0,77.22164154052734
2018-11-27,78.98999786376953,78.98999786376953,78.98999786376953,78.98999786376953,0.0,77.22164154052734
2018-11-28,78.98999786376953,78.98999786376953,78.98999786376953,78.98999786376953,0.0,77.22164154052734
2018-11-29,78.98999786376953,78.98999786376953,78.98999786376953,78.98999786376953,0.0,77.22164154052734
2018-11-30,78.98999786376953,78.98999786376953,78.98999786376953,78.98999786376953,0.0,77.22164154052734
2018-12-03,78.98999786376953,78.98999786376953,78.98999786376953,78.98999786376953,0.0,77.22164154052734
2018-12-04,78.98999786376953,78.98999786376953,78.98999786376953,78.98999786376953,0.0,77.22164154052734
2018-12-05,78.98999786376953,78.98999786376953,78.98999786376953,78.98999786376953,0.0,77.22164154052734
2018-12-06,78.98999786376953,78.98999786376953,78.98999786376953,78.98999786376953,0.0,77.22164154052734
2018-12-07,78.98999786376953,78.98999786376953,78.98999786376953,78.98999786376953,0.0,77.22164154052734
2018-12-10,78.98999786376953,78.98999786376953,78.98999786376953,78.98999786376953,0.0,77.22164154052734
2018-12-11,78.98999786376953,78.98999786376953,78.98999786376953,78.98999786376953,0.0,77.22164154052734
2018-12-12,78.98999786376953,78.98999786376953,78.98999786376953,78.98999786376953,0.0,77.22164154052734
2018-12-13,78.98999786376953,78.98999786376953,78.98999786376953,78.98999786376953,0.0,77.22164154052734
2018-12-14,78.98999786376953,78.98999786376953,78.98999786376953,78.98999786376953,0.0,77.22164154052734
2018-12-17,78.98999786376953,78.98999786376953,78.98999786376953,78.98999786376953,0.0,77.22164154052734
2018-12-18,78.98999786376953,78.98999786376953,78.98999786376953,78.98999786376953,0.0,77.22164154052734
2018-12-19,78.98999786376953,78.98999786376953,78.98999786376953,78.98999786376953,0.0,77.22164154052734
2018-12-20,78.98999786376953,78.98999786376953,78.98999786376953,78.98999786376953,0.0,77.22164154052734
2018-12-21,78.98999786376953,78.98999786376953,78.98999786376953,78.98999786376953,0.0,77.22164154052734
2018-12-26,78.98999786376953,78.98999786376953,78.98999786376953,78.98999786376953,0.0,77.22164154052734
2018-12-27,78.98999786376953,78.98999786376953,78.98999786376953,78.98999786376953,0.0,77.22164154052734
2018-12-28,78.98999786376953,78.98999786376953,78.98999786376953,78.98999786376953,0.0,77.22164154052734
2019-01-02,78.98999786376953,78.98999786376953,78.98999786376953,78.98999786376953,0.0,77.22164154052734
2019-01-03,78.98999786376953,78.98999786376953,78.98999786376953,78.98999786376953,0.0,77.22164154052734
2019-01-04,79.98999786376953,79.98999786376953,79.98999786376953,79.98999786376953,100.0,78.19925689697266
2019-01-07,79.98999786376953,79.98999786376953,79.98999786376953,79.98999786376953,0.0,78.19925689697266
2019-01-08,79.98999786376953,79.98999786376953,79.98999786376953,79.98999786376953,0.0,78.19925689697266
2019-01-09,79.98999786376953,79.98999786376953,79.98999786376953,79.98999786376953,0.0,78.19925689697266
2019-01-10,80.0,80.0,80.0,80.0,100.0,78.20903015136719
2019-01-11,80.0,80.0,80.0,80.0,0.0,78.20903015136719
2019-01-14,80.0,80.0,80.0,80.0,0.0,78.20903015136719
2019-01-15,80.0,80.0,80.0,80.0,0.0,78.20903015136719
2019-01-16,80.0,80.0,80.0,80.0,0.0,78.20903015136719
2019-01-17,80.0,80.0,80.0,80.0,0.0,78.20903015136719
2019-01-18,80.0,80.0,80.0,80.0,0.0,78.20903015136719
2019-01-21,80.0,80.0,80.0,80.0,0.0,78.20903015136719
2019-01-22,80.0,80.0,80.0,80.0,0.0,78.20903015136719
2019-01-23,79.98999786376953,79.98999786376953,79.98999786376953,79.98999786376953,100.0,78.19925689697266
2019-01-24,79.98999786376953,79.98999786376953,79.98999786376953,79.98999786376953,0.0,78.19925689697266
2019-01-28,79.98999786376953,79.98999786376953,79.98999786376953,79.98999786376953,0.0,78.19925689697266
2019-01-29,79.98999786376953,79.98999786376953,79.98999786376953,79.98999786376953,0.0,78.19925689697266
2019-01-30,79.98999786376953,79.98999786376953,79.98999786376953,79.98999786376953,0.0,78.19925689697266
2019-01-31,79.98999786376953,79.98999786376953,79.98999786376953,79.98999786376953,0.0,78.19925689697266
2019-02-01,79.98999786376953,79.98999786376953,79.98999786376953,79.98999786376953,0.0,78.19925689697266
2019-02-04,79.98999786376953,79.98999786376953,79.98999786376953,79.98999786376953,0.0,78.19925689697266
2019-02-05,79.98999786376953,79.98999786376953,79.98999786376953,79.98999786376953,0.0,78.19925689697266
2019-02-06,79.98999786376953,79.98999786376953,79.98999786376953,79.98999786376953,0.0,78.19925689697266
2019-02-07,79.98999786376953,79.98999786376953,79.98999786376953,79.98999786376953,0.0,78.19925689697266
2019-02-08,79.98999786376953,79.98999786376953,79.98999786376953,79.98999786376953,0.0,78.19925689697266
2019-02-11,79.98999786376953,79.98999786376953,79.98999786376953,79.98999786376953,0.0,78.19925689697266
2019-02-12,79.98999786376953,79.98999786376953,79.98999786376953,79.98999786376953,0.0,78.19925689697266
2019-02-13,79.98999786376953,79.98999786376953,79.98999786376953,79.98999786376953,0.0,78.19925689697266
2019-02-14,79.98999786376953,79.98999786376953,79.98999786376953,79.98999786376953,0.0,78.19925689697266
2019-02-15,79.98999786376953,79.98999786376953,79.98999786376953,79.98999786376953,0.0,78.19925689697266
2019-02-18,79.98999786376953,79.98999786376953,79.98999786376953,79.98999786376953,0.0,78.19925689697266
2019-02-19,79.98999786376953,79.98999786376953,79.98999786376953,79.98999786376953,0.0,78.19925689697266
2019-02-20,79.98999786376953,79.98999786376953,79.98999786376953,79.98999786376953,0.0,78.19925689697266
2019-02-21,79.98999786376953,79.98999786376953,79.98999786376953,79.98999786376953,0.0,78.19925689697266
2019-02-22,79.98999786376953,79.98999786376953,79.98999786376953,79.98999786376953,0.0,78.19925689697266
2019-02-25,79.98999786376953,79.98999786376953,79.98999786376953,79.98999786376953,0.0,78.19925689697266
2019-02-26,79.98999786376953,79.98999786376953,79.98999786376953,79.98999786376953,0.0,78.19925689697266
2019-02-27,79.98999786376953,79.98999786376953,79.98999786376953,79.98999786376953,0.0,78.19925689697266
2019-02-28,79.98999786376953,79.98999786376953,79.98999786376953,79.98999786376953,0.0,78.19925689697266
2019-03-01,79.98999786376953,79.98999786376953,79.98999786376953,79.98999786376953,0.0,78.19925689697266
2019-03-07,79.98999786376953,79.98999786376953,79.98999786376953,79.98999786376953,0.0,78.19925689697266
2019-03-08,79.98999786376953,79.98999786376953,79.98999786376953,79.98999786376953,0.0,78.19925689697266
2019-03-11,79.98999786376953,79.98999786376953,79.98999786376953,79.98999786376953,0.0,78.19925689697266
2019-03-12,79.98999786376953,79.98999786376953,79.98999786376953,79.98999786376953,0.0,78.19925689697266
2019-03-13,79.98999786376953,79.98999786376953,79.98999786376953,79.98999786376953,0.0,78.19925689697266
2019-03-14,76.95999908447266,76.95999908447266,76.95999908447266,76.95999908447266,100.0,75.23709106445312
2019-03-15,76.95999908447266,76.95999908447266,76.95999908447266,76.95999908447266,0.0,75.23709106445312
2019-03-18,76.95999908447266,76.95999908447266,76.95999908447266,76.95999908447266,0.0,75.23709106445312
2019-03-19,76.95999908447266,76.95999908447266,76.95999908447266,76.95999908447266,0.0,75.23709106445312
2019-03-20,76.95999908447266,76.95999908447266,76.95999908447266,76.95999908447266,0.0,75.23709106445312
2019-03-21,76.95999908447266,76.95999908447266,76.95999908447266,76.95999908447266,0.0,75.23709106445312
2019-03-22,76.95999908447266,76.95999908447266,76.95999908447266,76.95999908447266,0.0,75.23709106445312
2019-03-25,76.95999908447266,76.95999908447266,76.95999908447266,76.95999908447266,0.0,75.23709106445312
2019-03-26,76.95999908447266,76.95999908447266,76.95999908447266,76.95999908447266,0.0,75.23709106445312
2019-03-27,76.95999908447266,76.95999908447266,76.95999908447266,76.95999908447266,0.0,75.23709106445312
2019-03-28,76.95999908447266,76.95999908447266,76.95999908447266,76.95999908447266,0.0,75.23709106445312
2019-03-29,76.95999908447266,76.95999908447266,76.95999908447266,76.95999908447266,0.0,75.23709106445312
2019-04-01,76.95999908447266,76.95999908447266,76.95999908447266,76.95999908447266,0.0,75.23709106445312
2019-04-02,76.95999908447266,76.95999908447266,76.95999908447266,76.95999908447266,0.0,75.23709106445312
2019-04-03,76.95999908447266,76.95999908447266,76.95999908447266,76.95999908447266,0.0,75.23709106445312
2019-04-04,76.95999908447266,76.95999908447266,76.95999908447266,76.95999908447266,0.0,75.23709106445312
2019-04-05,76.95999908447266,76.95999908447266,76.95999908447266,76.95999908447266,0.0,75.23709106445312
2019-04-08,76.95999908447266,76.95999908447266,76.95999908447266,76.95999908447266,0.0,75.23709106445312
2019-04-09,76.95999908447266,76.95999908447266,76.95999908447266,76.95999908447266,0.0,75.23709106445312
2019-04-10,76.95999908447266,76.95999908447266,76.95999908447266,76.95999908447266,0.0,75.23709106445312
2019-04-11,76.95999908447266,76.95999908447266,76.95999908447266,76.95999908447266,0.0,75.23709106445312
2019-04-12,89.9000015258789,89.9000015258789,89.9000015258789,89.9000015258789,100.0,87.88740539550781
2019-04-15,89.9000015258789,89.9000015258789,89.9000015258789,89.9000015258789,0.0,87.88740539550781
2019-04-16,89.9000015258789,89.9000015258789,89.9000015258789,89.9000015258789,0.0,87.88740539550781
2019-04-17,89.9000015258789,89.9000015258789,89.9000015258789,89.9000015258789,0.0,87.88740539550781
2019-04-18,89.9000015258789,89.9000015258789,89.9000015258789,89.9000015258789,0.0,87.88740539550781
2019-04-22,89.9000015258789,89.9000015258789,89.9000015258789,89.9000015258789,0.0,87.88740539550781
2019-04-23,89.9000015258789,89.9000015258789,89.9000015258789,89.9000015258789,0.0,87.88740539550781
2019-04-24,89.9000015258789,89.9000015258789,89.9000015258789,89.9000015258789,0.0,87.88740539550781
2019-04-25,89.9000015258789,89.9000015258789,89.9000015258789,89.9000015258789,0.0,87.88740539550781
2019-04-26,89.9000015258789,89.9000015258789,89.9000015258789,89.9000015258789,0.0,87.88740539550781
2019-04-29,89.9000015258789,89.9000015258789,89.9000015258789,89.9000015258789,0.0,87.88740539550781
2019-04-30,89.9000015258789,89.9000015258789,89.9000015258789,89.9000015258789,0.0,87.88740539550781
2019-05-02,89.9000015258789,89.9000015258789,89.9000015258789,89.9000015258789,0.0,87.88740539550781
2019-05-03,89.9000015258789,89.9000015258789,89.9000015258789,89.9000015258789,0.0,87.88740539550781
2019-05-06,89.9000015258789,89.9000015258789,89.9000015258789,89.9000015258789,0.0,87.88740539550781
2019-05-07,89.9000015258789,89.9000015258789,89.9000015258789,89.9000015258789,0.0,87.88740539550781
2019-05-08,89.9000015258789,89.9000015258789,89.9000015258789,89.9000015258789,0.0,87.88740539550781
2019-05-09,89.9000015258789,89.9000015258789,89.9000015258789,89.9000015258789,0.0,87.88740539550781
2019-05-10,89.9000015258789,89.9000015258789,89.9000015258789,89.9000015258789,0.0,87.88740539550781
2019-05-13,89.9000015258789,89.9000015258789,89.9000015258789,89.9000015258789,0.0,87.88740539550781
2019-05-14,89.9000015258789,89.9000015258789,89.9000015258789,89.9000015258789,0.0,87.88740539550781
2019-05-15,89.9000015258789,89.9000015258789,89.9000015258789,89.9000015258789,0.0,87.88740539550781
2019-05-16,89.9000015258789,89.9000015258789,89.9000015258789,89.9000015258789,0.0,89.9000015258789
2019-05-17,89.9000015258789,89.9000015258789,89.9000015258789,89.9000015258789,0.0,89.9000015258789
2019-05-20,89.9000015258789,89.9000015258789,89.9000015258789,89.9000015258789,0.0,89.9000015258789
2019-05-21,89.9000015258789,89.9000015258789,89.9000015258789,89.9000015258789,0.0,89.9000015258789
2019-05-22,89.9000015258789,89.9000015258789,89.9000015258789,89.9000015258789,0.0,89.9000015258789
2019-05-23,89.9000015258789,89.9000015258789,89.9000015258789,89.9000015258789,0.0,89.9000015258789
2019-05-24,89.9000015258789,89.9000015258789,89.9000015258789,89.9000015258789,0.0,89.9000015258789
2019-05-27,89.9000015258789,89.9000015258789,89.9000015258789,89.9000015258789,0.0,89.9000015258789
2019-05-28,89.9000015258789,89.9000015258789,89.9000015258789,89.9000015258789,0.0,89.9000015258789
2019-05-29,89.9000015258789,89.9000015258789,89.9000015258789,89.9000015258789,0.0,89.9000015258789
2019-05-30,89.9000015258789,89.9000015258789,89.9000015258789,89.9000015258789,0.0,89.9000015258789
2019-05-31,89.9000015258789,89.9000015258789,89.9000015258789,89.9000015258789,0.0,89.9000015258789
2019-06-03,89.9000015258789,89.9000015258789,89.9000015258789,89.9000015258789,0.0,89.9000015258789
2019-06-04,89.9000015258789,89.9000015258789,89.9000015258789,89.9000015258789,0.0,89.9000015258789
2019-06-05,89.9000015258789,89.9000015258789,89.9000015258789,89.9000015258789,0.0,89.9000015258789
2019-06-06,89.9000015258789,89.9000015258789,89.9000015258789,89.9000015258789,0.0,89.9000015258789
2019-06-07,89.9000015258789,89.9000015258789,89.9000015258789,89.9000015258789,0.0,89.9000015258789
2019-06-10,89.9000015258789,89.9000015258789,89.9000015258789,89.9000015258789,0.0,89.9000015258789
2019-06-11,89.9000015258789,89.9000015258789,89.9000015258789,89.9000015258789,0.0,89.9000015258789
2019-06-12,89.9000015258789,89.9000015258789,89.9000015258789,89.9000015258789,0.0,89.9000015258789
2019-06-13,74.98999786376953,74.98999786376953,74.98999786376953,74.98999786376953,200.0,74.98999786376953
2019-06-14,74.98999786376953,74.98999786376953,74.98999786376953,74.98999786376953,0.0,74.98999786376953
2019-06-17,72.5999984741211,68.5999984741211,69.9800033569336,72.5999984741211,500.0,72.5999984741211
2019-06-18,72.5999984741211,72.5999984741211,72.5999984741211,72.5999984741211,0.0,72.5999984741211
2019-06-19,70.0,70.0,70.0,70.0,200.0,70.0
2019-06-21,70.0,70.0,70.0,70.0,0.0,70.0
2019-06-24,70.0,70.0,70.0,70.0,0.0,70.0
2019-06-25,70.0,70.0,70.0,70.0,0.0,70.0
2019-06-26,70.0,70.0,70.0,70.0,0.0,70.0
2019-06-27,70.0,70.0,70.0,70.0,0.0,70.0
2019-06-28,70.0,70.0,70.0,70.0,200.0,70.0
2019-07-01,70.0,70.0,70.0,70.0,200.0,70.0
2019-07-02,70.0,70.0,70.0,70.0,200.0,70.0
2019-07-03,69.98999786376953,69.98999786376953,69.98999786376953,69.98999786376953,100.0,69.98999786376953
2019-07-04,69.98999786376953,69.98999786376953,69.98999786376953,69.98999786376953,0.0,69.98999786376953
2019-07-05,69.98999786376953,69.98999786376953,69.98999786376953,69.98999786376953,0.0,69.98999786376953
2019-07-08,69.98999786376953,69.98999786376953,69.98999786376953,69.98999786376953,0.0,69.98999786376953
2019-07-10,70.0,65.0,70.0,69.98999786376953,400.0,69.98999786376953
2019-07-11,69.98999786376953,69.98999786376953,69.98999786376953,69.98999786376953,0.0,69.98999786376953
2019-07-12,69.98999786376953,69.98999786376953,69.98999786376953,69.98999786376953,0.0,69.98999786376953
2019-07-15,69.98999786376953,69.98999786376953,69.98999786376953,69.98999786376953,0.0,69.98999786376953
2019-07-16,69.98999786376953,69.98999786376953,69.98999786376953,69.98999786376953,0.0,69.98999786376953
2019-07-17,69.98999786376953,69.98999786376953,69.98999786376953,69.98999786376953,0.0,69.98999786376953
2019-07-18,68.0,68.0,68.0,68.0,100.0,68.0
2019-07-19,68.0,68.0,68.0,68.0,0.0,68.0
2019-07-22,68.0,68.0,68.0,68.0,0.0,68.0
2019-07-23,69.0,69.0,69.0,69.0,200.0,69.0
2019-07-24,69.0,69.0,69.0,69.0,0.0,69.0
2019-07-25,69.0,69.0,69.0,69.0,0.0,69.0
2019-07-26,69.0,69.0,69.0,69.0,0.0,69.0
2019-07-29,69.0,69.0,69.0,69.0,0.0,69.0
2019-07-30,69.0,69.0,69.0,69.0,0.0,69.0
2019-07-31,69.0,69.0,69.0,69.0,0.0,69.0
2019-08-01,69.0,69.0,69.0,69.0,0.0,69.0
2019-08-02,69.0,69.0,69.0,69.0,0.0,69.0
2019-08-05,69.0,69.0,69.0,69.0,0.0,69.0
2019-08-06,69.0,69.0,69.0,69.0,0.0,69.0
2019-08-07,69.0,69.0,69.0,69.0,0.0,69.0
2019-08-08,70.0,70.0,70.0,70.0,200.0,70.0
2019-08-09,70.0,70.0,70.0,70.0,0.0,70.0
2019-08-12,70.0,70.0,70.0,70.0,0.0,70.0
2019-08-13,70.0,70.0,70.0,70.0,0.0,70.0
2019-08-14,70.0,70.0,70.0,70.0,0.0,70.0
2019-08-15,70.0,70.0,70.0,70.0,0.0,70.0
2019-08-16,70.0,70.0,70.0,70.0,0.0,70.0
2019-08-19,70.0,70.0,70.0,70.0,0.0,70.0
2019-08-20,70.0,70.0,70.0,70.0,0.0,70.0
2019-08-21,70.0,70.0,70.0,70.0,0.0,70.0
2019-08-22,70.0,70.0,70.0,70.0,0.0,70.0
2019-08-23,70.0,70.0,70.0,70.0,0.0,70.0
2019-08-26,70.0,70.0,70.0,70.0,0.0,70.0
2019-08-27,70.0,70.0,70.0,70.0,0.0,70.0
2019-08-28,70.0,70.0,70.0,70.0,0.0,70.0
2019-08-29,70.0,70.0,70.0,70.0,0.0,70.0
2019-08-30,70.0,70.0,70.0,70.0,0.0,70.0
2019-09-02,70.0,70.0,70.0,70.0,0.0,70.0
2019-09-03,70.0,70.0,70.0,70.0,0.0,70.0
2019-09-04,70.0,70.0,70.0,70.0,0.0,70.0
2019-09-05,64.93000030517578,64.91999816894531,64.91999816894531,64.93000030517578,700.0,64.93000030517578
2019-09-06,64.93000030517578,64.93000030517578,64.93000030517578,64.93000030517578,0.0,64.93000030517578
2019-09-09,64.93000030517578,64.93000030517578,64.93000030517578,64.93000030517578,0.0,64.93000030517578
2019-09-10,64.93000030517578,64.93000030517578,64.93000030517578,64.93000030517578,0.0,64.93000030517578
2019-09-11,69.98999786376953,69.98999786376953,69.98999786376953,69.98999786376953,200.0,69.98999786376953
2019-09-12,69.98999786376953,69.98999786376953,69.98999786376953,69.98999786376953,0.0,69.98999786376953
2019-09-13,69.98999786376953,69.98999786376953,69.98999786376953,69.98999786376953,0.0,69.98999786376953
2019-09-16,69.98999786376953,69.98999786376953,69.98999786376953,69.98999786376953,0.0,69.98999786376953
2019-09-17,69.98999786376953,69.98999786376953,69.98999786376953,69.98999786376953,0.0,69.98999786376953
2019-09-18,69.98999786376953,69.98999786376953,69.98999786376953,69.98999786376953,0.0,69.98999786376953
2019-09-19,69.98999786376953,69.98999786376953,69.98999786376953,69.98999786376953,0.0,69.98999786376953
2019-09-20,69.98999786376953,69.98999786376953,69.98999786376953,69.98999786376953,0.0,69.98999786376953
2019-09-23,69.98999786376953,69.98999786376953,69.98999786376953,69.98999786376953,0.0,69.98999786376953
2019-09-24,69.98999786376953,69.98999786376953,69.98999786376953,69.98999786376953,0.0,69.98999786376953
2019-09-25,69.98999786376953,69.98999786376953,69.98999786376953,69.98999786376953,0.0,69.98999786376953
2019-09-26,69.98999786376953,69.98999786376953,69.98999786376953,69.98999786376953,0.0,69.98999786376953
2019-09-27,69.98999786376953,69.98999786376953,69.98999786376953,69.98999786376953,0.0,69.98999786376953
2019-09-30,69.98999786376953,69.98999786376953,69.98999786376953,69.98999786376953,0.0,69.98999786376953
2019-10-01,69.98999786376953,69.98999786376953,69.98999786376953,69.98999786376953,0.0,69.98999786376953
2019-10-02,69.98999786376953,69.98999786376953,69.98999786376953,69.98999786376953,0.0,69.98999786376953
2019-10-03,69.98999786376953,69.98999786376953,69.98999786376953,69.98999786376953,0.0,69.98999786376953
2019-10-04,69.98999786376953,69.98999786376953,69.98999786376953,69.98999786376953,0.0,69.98999786376953
2019-10-07,69.98999786376953,69.98999786376953,69.98999786376953,69.98999786376953,0.0,69.98999786376953
2019-10-08,69.98999786376953,69.98999786376953,69.98999786376953,69.98999786376953,0.0,69.98999786376953
2019-10-09,69.98999786376953,69.98999786376953,69.98999786376953,69.98999786376953,0.0,69.98999786376953
2019-10-10,69.98999786376953,69.98999786376953,69.98999786376953,69.98999786376953,0.0,69.98999786376953
2019-10-11,69.98999786376953,69.98999786376953,69.98999786376953,69.98999786376953,0.0,69.98999786376953
2019-10-14,69.98999786376953,69.98999786376953,69.98999786376953,69.98999786376953,0.0,69.98999786376953
2019-10-15,69.98999786376953,69.98999786376953,69.98999786376953,69.98999786376953,0.0,69.98999786376953
2019-10-16,69.98999786376953,69.98999786376953,69.98999786376953,69.98999786376953,0.0,69.98999786376953
2019-10-17,69.98999786376953,69.98999786376953,69.98999786376953,69.98999786376953,0.0,69.98999786376953
2019-10-18,69.98999786376953,69.98999786376953,69.98999786376953,69.98999786376953,0.0,69.98999786376953
2019-10-21,69.98999786376953,69.98999786376953,69.98999786376953,69.98999786376953,0.0,69.98999786376953
2019-10-22,69.98999786376953,69.98999786376953,69.98999786376953,69.98999786376953,0.0,69.98999786376953
2019-10-23,69.98999786376953,69.98999786376953,69.98999786376953,69.98999786376953,0.0,69.98999786376953
2019-10-24,69.98999786376953,69.98999786376953,69.98999786376953,69.98999786376953,0.0,69.98999786376953
2019-10-25,69.98999786376953,69.98999786376953,69.98999786376953,69.98999786376953,0.0,69.98999786376953
2019-10-28,69.98999786376953,69.98999786376953,69.98999786376953,69.98999786376953,0.0,69.98999786376953
2019-10-29,69.98999786376953,69.98999786376953,69.98999786376953,69.98999786376953,0.0,69.98999786376953
2019-10-30,69.98999786376953,69.98999786376953,69.98999786376953,69.98999786376953,0.0,69.98999786376953
2019-10-31,69.98999786376953,69.98999786376953,69.98999786376953,69.98999786376953,0.0,69.98999786376953
2019-11-01,69.98999786376953,69.98999786376953,69.98999786376953,69.98999786376953,0.0,69.98999786376953
2019-11-04,69.98999786376953,69.98999786376953,69.98999786376953,69.98999786376953,0.0,69.98999786376953
2019-11-05,69.98999786376953,69.98999786376953,69.98999786376953,69.98999786376953,0.0,69.98999786376953
2019-11-06,69.98999786376953,69.98999786376953,69.98999786376953,69.98999786376953,0.0,69.98999786376953
2019-11-07,69.98999786376953,69.98999786376953,69.98999786376953,69.98999786376953,0.0,69.98999786376953
2019-11-08,69.98999786376953,69.98999786376953,69.98999786376953,69.98999786376953,0.0,69.98999786376953
2019-11-11,69.98999786376953,69.98999786376953,69.98999786376953,69.98999786376953,0.0,69.98999786376953
2019-11-12,69.98999786376953,69.98999786376953,69.98999786376953,69.98999786376953,0.0,69.98999786376953
2019-11-13,69.98999786376953,69.98999786376953,69.98999786376953,69.98999786376953,0.0,69.98999786376953
2019-11-14,69.98999786376953,69.98999786376953,69.98999786376953,69.98999786376953,0.0,69.98999786376953
2019-11-18,69.98999786376953,69.98999786376953,69.98999786376953,69.98999786376953,0.0,69.98999786376953
2019-11-19,69.98999786376953,69.98999786376953,69.98999786376953,69.98999786376953,0.0,69.98999786376953
2019-11-21,69.98999786376953,69.98999786376953,69.98999786376953,69.98999786376953,0.0,69.98999786376953
2019-11-22,61.0,61.0,61.0,61.0,100.0,61.0
2019-11-25,61.0,61.0,61.0,61.0,0.0,61.0
2019-11-26,61.0,61.0,61.0,61.0,0.0,61.0
2019-11-27,61.0,61.0,61.0,61.0,0.0,61.0
2019-11-28,61.0,61.0,61.0,61.0,0.0,61.0
2019-11-29,61.0,61.0,61.0,61.0,0.0,61.0
2019-12-02,61.0,61.0,61.0,61.0,0.0,61.0
2019-12-03,61.0,61.0,61.0,61.0,0.0,61.0
2019-12-04,61.0,61.0,61.0,61.0,0.0,61.0
2019-12-05,61.0,61.0,61.0,61.0,0.0,61.0
2019-12-06,61.0,61.0,61.0,61.0,0.0,61.0
2019-12-09,61.0,61.0,61.0,61.0,0.0,61.0
2019-12-10,61.0,61.0,61.0,61.0,0.0,61.0
2019-12-11,60.529998779296875,60.529998779296875,60.529998779296875,60.529998779296875,100.0,60.529998779296875
2019-12-12,60.529998779296875,60.529998779296875,60.529998779296875,60.529998779296875,0.0,60.529998779296875
2019-12-13,60.529998779296875,60.529998779296875,60.529998779296875,60.529998779296875,0.0,60.529998779296875
2019-12-16,60.529998779296875,60.529998779296875,60.529998779296875,60.529998779296875,0.0,60.529998779296875
2019-12-17,60.529998779296875,60.529998779296875,60.529998779296875,60.529998779296875,0.0,60.529998779296875
2019-12-18,67.95999908447266,65.0,65.0,67.95999908447266,200.0,67.95999908447266
2019-12-19,67.95999908447266,67.95999908447266,67.95999908447266,67.95999908447266,0.0,67.95999908447266
2019-12-20,67.95999908447266,67.95999908447266,67.95999908447266,67.95999908447266,0.0,67.95999908447266
2019-12-23,67.95999908447266,67.95999908447266,67.95999908447266,67.95999908447266,0.0,67.95999908447266
2019-12-26,67.95999908447266,67.95999908447266,67.95999908447266,67.95999908447266,0.0,67.95999908447266
2019-12-27,71.98999786376953,71.98999786376953,71.98999786376953,71.98999786376953,100.0,71.98999786376953
2019-12-30,71.98999786376953,71.98999786376953,71.98999786376953,71.98999786376953,0.0,71.98999786376953
2020-01-02,71.98999786376953,71.98999786376953,71.98999786376953,71.98999786376953,0.0,71.98999786376953
2020-01-03,71.98999786376953,71.98999786376953,71.98999786376953,71.98999786376953,0.0,71.98999786376953
2020-01-06,71.98999786376953,71.98999786376953,71.98999786376953,71.98999786376953,0.0,71.98999786376953
2020-01-07,71.98999786376953,71.98999786376953,71.98999786376953,71.98999786376953,0.0,71.98999786376953
2020-01-08,71.98999786376953,71.98999786376953,71.98999786376953,71.98999786376953,0.0,71.98999786376953
2020-01-09,71.98999786376953,71.98999786376953,71.98999786376953,71.98999786376953,0.0,71.98999786376953
2020-01-10,71.98999786376953,71.98999786376953,71.98999786376953,71.98999786376953,0.0,71.98999786376953
2020-01-13,71.98999786376953,71.98999786376953,71.98999786376953,71.98999786376953,0.0,71.98999786376953
2020-01-14,78.0,78.0,78.0,78.0,100.0,78.0
2020-01-15,78.0,78.0,78.0,78.0,0.0,78.0
2020-01-16,78.0,78.0,78.0,78.0,0.0,78.0
2020-01-17,78.0,78.0,78.0,78.0,0.0,78.0
2020-01-20,78.0,78.0,78.0,78.0,0.0,78.0
2020-01-21,78.0,78.0,78.0,78.0,0.0,78.0
2020-01-22,78.0,78.0,78.0,78.0,0.0,78.0
2020-01-23,78.0,78.0,78.0,78.0,0.0,78.0
2020-01-24,78.0,78.0,78.0,78.0,0.0,78.0
2020-01-27,78.20999908447266,78.20999908447266,78.20999908447266,78.20999908447266,100.0,78.20999908447266
2020-01-28,78.20999908447266,78.20999908447266,78.20999908447266,78.20999908447266,0.0,78.20999908447266
2020-01-29,78.20999908447266,78.20999908447266,78.20999908447266,78.20999908447266,0.0,78.20999908447266
2020-01-30,78.20999908447266,78.20999908447266,78.20999908447266,78.20999908447266,0.0,78.20999908447266
2020-01-31,78.20999908447266,78.20999908447266,78.20999908447266,78.20999908447266,0.0,78.20999908447266
2020-02-03,78.19999694824219,78.19999694824219,78.19999694824219,78.19999694824219,100.0,78.19999694824219
2020-02-04,78.19999694824219,78.19999694824219,78.19999694824219,78.19999694824219,0.0,78.19999694824219
2020-02-05,78.19999694824219,78.19999694824219,78.19999694824219,78.19999694824219,0.0,78.19999694824219
2020-02-06,78.19999694824219,78.19999694824219,78.19999694824219,78.19999694824219,0.0,78.19999694824219
2020-02-07,78.19999694824219,78.19999694824219,78.19999694824219,78.19999694824219,0.0,78.19999694824219
2020-02-10,78.19999694824219,78.19999694824219,78.19999694824219,78.19999694824219,0.0,78.19999694824219
2020-02-11,78.19999694824219,78.19999694824219,78.19999694824219,78.19999694824219,0.0,78.19999694824219
2020-02-12,78.19999694824219,78.19999694824219,78.19999694824219,78.19999694824219,0.0,78.19999694824219
2020-02-13,78.19999694824219,78.19999694824219,78.19999694824219,78.19999694824219,0.0,78.19999694824219
2020-02-14,78.19999694824219,78.19999694824219,78.19999694824219,78.19999694824219,0.0,78.19999694824219
2020-02-17,78.19999694824219,78.19999694824219,78.19999694824219,78.19999694824219,0.0,78.19999694824219
2020-02-18,78.19999694824219,78.19999694824219,78.19999694824219,78.19999694824219,0.0,78.19999694824219
2020-02-19,78.19999694824219,78.19999694824219,78.19999694824219,78.19999694824219,0.0,78.19999694824219
2020-02-20,78.19999694824219,78.19999694824219,78.19999694824219,78.19999694824219,0.0,78.19999694824219
2020-02-21,78.19999694824219,78.19999694824219,78.19999694824219,78.19999694824219,0.0,78.19999694824219
2020-02-27,78.19999694824219,78.19999694824219,78.19999694824219,78.19999694824219,0.0,78.19999694824219
2020-02-28,78.19999694824219,78.19999694824219,78.19999694824219,78.19999694824219,0.0,78.19999694824219
2020-03-02,78.19999694824219,78.19999694824219,78.19999694824219,78.19999694824219,0.0,78.19999694824219
2020-03-03,78.19999694824219,78.19999694824219,78.19999694824219,78.19999694824219,0.0,78.19999694824219
2020-03-04,78.19999694824219,78.19999694824219,78.19999694824219,78.19999694824219,0.0,78.19999694824219
2020-03-05,78.19999694824219,78.19999694824219,78.19999694824219,78.19999694824219,0.0,78.19999694824219
2020-03-06,78.19999694824219,78.19999694824219,78.19999694824219,78.19999694824219,0.0,78.19999694824219
2020-03-09,78.19999694824219,78.19999694824219,78.19999694824219,78.19999694824219,0.0,78.19999694824219
2020-03-10,78.19999694824219,78.19999694824219,78.19999694824219,78.19999694824219,0.0,78.19999694824219
2020-03-11,78.19999694824219,78.19999694824219,78.19999694824219,78.19999694824219,0.0,78.19999694824219
2020-03-12,78.19999694824219,78.19999694824219,78.19999694824219,78.19999694824219,0.0,78.19999694824219
2020-03-13,78.19999694824219,78.19999694824219,78.19999694824219,78.19999694824219,0.0,78.19999694824219
2020-03-16,78.19999694824219,78.19999694824219,78.19999694824219,78.19999694824219,0.0,78.19999694824219
2020-03-17,78.19999694824219,78.19999694824219,78.19999694824219,78.19999694824219,0.0,78.19999694824219
2020-03-18,78.19999694824219,78.19999694824219,78.19999694824219,78.19999694824219,0.0,78.19999694824219
2020-03-19,78.19999694824219,78.19999694824219,78.19999694824219,78.19999694824219,0.0,78.19999694824219
2020-03-20,78.19999694824219,78.19999694824219,78.19999694824219,78.19999694824219,0.0,78.19999694824219
2020-03-23,78.19999694824219,78.19999694824219,78.19999694824219,78.19999694824219,0.0,78.19999694824219
2020-03-24,78.19999694824219,78.19999694824219,78.19999694824219,78.19999694824219,0.0,78.19999694824219
2020-03-25,78.19999694824219,78.19999694824219,78.19999694824219,78.19999694824219,0.0,78.19999694824219
2020-03-26,78.19999694824219,78.19999694824219,78.19999694824219,78.19999694824219,0.0,78.19999694824219
2020-03-27,78.19999694824219,78.19999694824219,78.19999694824219,78.19999694824219,0.0,78.19999694824219
2020-03-30,78.19999694824219,78.19999694824219,78.19999694824219,78.19999694824219,0.0,78.19999694824219
2020-03-31,78.19999694824219,78.19999694824219,78.19999694824219,78.19999694824219,0.0,78.19999694824219
2020-04-01,78.19999694824219,78.19999694824219,78.19999694824219,78.19999694824219,0.0,78.19999694824219
2020-04-02,78.19999694824219,78.19999694824219,78.19999694824219,78.19999694824219,0.0,78.19999694824219
2020-04-03,78.19999694824219,78.19999694824219,78.19999694824219,78.19999694824219,0.0,78.19999694824219
2020-04-06,78.19999694824219,78.19999694824219,78.19999694824219,78.19999694824219,0.0,78.19999694824219
2020-04-07,78.19999694824219,78.19999694824219,78.19999694824219,78.19999694824219,0.0,78.19999694824219
2020-04-08,78.19999694824219,78.19999694824219,78.19999694824219,78.19999694824219,0.0,78.19999694824219
2020-04-09,78.19999694824219,78.19999694824219,78.19999694824219,78.19999694824219,0.0,78.19999694824219
2020-04-13,78.19999694824219,78.19999694824219,78.19999694824219,78.19999694824219,0.0,78.19999694824219
2020-04-14,78.19999694824219,78.19999694824219,78.19999694824219,78.19999694824219,0.0,78.19999694824219
2020-04-15,78.19999694824219,78.19999694824219,78.19999694824219,78.19999694824219,0.0,78.19999694824219
2020-04-16,78.19999694824219,78.19999694824219,78.19999694824219,78.19999694824219,0.0,78.19999694824219
2020-04-17,78.19999694824219,78.19999694824219,78.19999694824219,78.19999694824219,0.0,78.19999694824219
2020-04-20,78.19999694824219,78.19999694824219,78.19999694824219,78.19999694824219,0.0,78.19999694824219
2020-04-22,78.19999694824219,78.19999694824219,78.19999694824219,78.19999694824219,0.0,78.19999694824219
2020-04-23,78.19999694824219,78.19999694824219,78.19999694824219,78.19999694824219,0.0,78.19999694824219
2020-04-24,78.19999694824219,78.19999694824219,78.19999694824219,78.19999694824219,0.0,78.19999694824219
2020-04-27,78.19999694824219,78.19999694824219,78.19999694824219,78.19999694824219,0.0,78.19999694824219
2020-04-28,78.19999694824219,78.19999694824219,78.19999694824219,78.19999694824219,0.0,78.19999694824219
2020-04-29,78.19999694824219,78.19999694824219,78.19999694824219,78.19999694824219,0.0,78.19999694824219
2020-04-30,78.19999694824219,78.19999694824219,78.19999694824219,78.19999694824219,0.0,78.19999694824219
