Date,High,Low,Open,Close,Volume,Adj Close
2000-01-03,3491.25,3333.75,3402.0,3349.5,3859047.0,2272.699462890625
2000-01-04,3339.0,3098.030029296875,3339.0,3098.030029296875,2994286.0,2102.073486328125
2000-01-05,3270.75,2992.5,3098.030029296875,3249.75,4211428.0,2205.01806640625
2000-01-06,3439.280029296875,3176.25,3202.5,3333.75,4068571.0,2262.012939453125
2000-01-07,3465.0,3360.0,3427.72998046875,3412.5,4112381.0,2315.4462890625
2000-01-10,3743.25,3465.0,3465.0,3675.0,7000000.0,2493.557861328125
2000-01-11,3676.050048828125,3491.25,3675.530029296875,3491.25,3992381.0,2368.880615234375
2000-01-12,3596.25,3407.25,3596.25,3407.25,2253333.0,2311.88427734375
2000-01-13,3570.0,3281.25,3543.22998046875,3307.5,2093333.0,2244.2021484375
2000-01-14,3413.550048828125,3229.280029296875,3360.0,3407.25,3308571.0,2311.88427734375
2000-01-17,3465.0,3307.5,3465.0,3360.0,1457143.0,2279.82421875
2000-01-18,3356.330078125,3281.25,3356.330078125,3307.5,1015238.0,2244.2021484375
2000-01-19,3333.75,3255.530029296875,3333.75,3280.199951171875,1544762.0,2225.67919921875
2000-01-20,3354.75,3202.5,3313.280029296875,3234.0,1695238.0,2194.331298828125
2000-01-21,3307.5,3160.5,3244.5,3208.280029296875,1828571.0,2176.879638671875
2000-01-24,3260.25,3207.75,3240.300048828125,3207.75,2234286.0,2176.51904296875
2000-01-25,3207.75,3207.75,3207.75,3207.75,0.0,2176.51904296875
2000-01-26,3207.75,3150.0,3207.75,3150.530029296875,1318095.0,2137.69482421875
2000-01-27,3265.5,3123.22998046875,3197.25,3150.0,2068571.0,2137.335205078125
2000-01-28,3280.199951171875,3123.75,3171.0,3192.0,1628571.0,2165.83349609375
2000-01-31,3254.47998046875,3096.97998046875,3202.5,3200.39990234375,2087619.0,2171.531982421875
2000-02-01,3254.47998046875,3150.0,3254.47998046875,3192.0,1840000.0,2165.83349609375
2000-02-02,3453.449951171875,3228.75,3228.75,3396.75,2899047.0,2304.760009765625
2000-02-03,3570.0,3412.5,3470.25,3538.5,5146666.0,2400.9404296875
2000-02-04,3596.25,3497.030029296875,3570.0,3497.030029296875,2950476.0,2372.8017578125
2000-02-07,3591.0,3381.0,3501.75,3438.22998046875,1925714.0,2332.905029296875
2000-02-08,3614.6298828125,3501.75,3518.550048828125,3581.550048828125,5260952.0,2430.150634765625
2000-02-09,3669.75,3491.25,3549.530029296875,3624.60009765625,4278095.0,2459.361083984375
2000-02-10,3990.0,3612.0,3625.1298828125,3879.75,5784762.0,2632.484130859375
2000-02-11,4042.5,3727.5,3990.0,3753.75,3121905.0,2546.990966796875
2000-02-14,3885.0,3685.5,3780.0,3727.5,1756190.0,2529.18017578125
2000-02-15,3780.0,3602.030029296875,3780.0,3774.22998046875,3028571.0,2560.887451171875
2000-02-16,3795.75,3675.0,3779.47998046875,3753.75,3737143.0,2546.990966796875
2000-02-17,3885.0,3727.5,3800.47998046875,3827.25,1674286.0,2596.862548828125
2000-02-18,3874.5,3701.25,3832.5,3772.1298828125,1710476.0,2559.4619140625
2000-02-21,3885.0,3727.5,3759.0,3858.75,1880000.0,2618.23583984375
2000-02-22,3911.25,3759.530029296875,3884.47998046875,3814.1298828125,3607619.0,2587.9599609375
2000-02-23,3832.5,3700.72998046875,3780.0,3832.5,1811428.0,2600.424560546875
2000-02-24,3910.72998046875,3753.75,3837.75,3770.550048828125,1826667.0,2558.390625
2000-02-25,3858.75,3780.0,3780.0,3812.030029296875,1356190.0,2586.53515625
2000-02-28,3806.25,3696.0,3806.25,3727.5,1175238.0,2529.18017578125
2000-02-29,3879.75,3701.25,3879.75,3740.6298828125,1293333.0,2538.0888671875
2000-03-01,3780.0,3648.75,3780.0,3664.5,3165714.0,2486.43310546875
2000-03-02,3701.25,3543.75,3675.0,3596.25,3937143.0,2440.12451171875
2000-03-03,3727.5,3622.5,3622.5,3675.0,2838095.0,2493.557861328125
2000-03-06,3675.0,3675.0,3675.0,3675.0,0.0,2493.557861328125
2000-03-07,3675.0,3675.0,3675.0,3675.0,0.0,2493.557861328125
2000-03-08,3669.75,3570.0,3570.0,3669.75,779048.0,2489.995361328125
2000-03-09,3816.75,3648.75,3659.25,3780.0,2179047.0,2564.802001953125
2000-03-10,3795.75,3628.280029296875,3782.6298828125,3675.0,931429.0,2493.557861328125
2000-03-13,3675.0,3675.0,3675.0,3675.0,0.0,2493.557861328125
2000-03-14,3570.0,3412.5,3570.0,3459.75,1935238.0,2347.5078125
2000-03-15,3517.5,3339.0,3465.0,3449.25,1914286.0,2340.381591796875
2000-03-16,3570.0,3438.75,3470.25,3517.5,1318095.0,2386.690673828125
2000-03-17,3517.5,3396.75,3517.5,3411.449951171875,1167619.0,2314.734619140625
2000-03-20,3488.6298828125,3388.8798828125,3412.5,3412.5,940952.0,2315.4462890625
2000-03-21,3701.25,3412.5,3412.5,3648.22998046875,1356190.0,2475.393310546875
2000-03-22,3779.47998046875,3596.25,3674.47998046875,3622.5,2308571.0,2457.93505859375
2000-03-23,3738.0,3627.75,3648.75,3630.89990234375,946667.0,2463.63525390625
2000-03-24,3700.72998046875,3480.75,3627.75,3543.75,1388571.0,2404.50244140625
2000-03-27,3675.0,3517.5,3543.75,3622.5,1213333.0,2457.93505859375
2000-03-28,3727.5,3580.5,3659.25,3649.800048828125,3967619.0,2476.458984375
2000-03-29,3774.75,3648.75,3774.75,3651.3798828125,2028571.0,2477.531494140625
2000-03-30,3769.5,3675.0,3752.699951171875,3696.0,1339048.0,2507.806396484375
2000-03-31,3806.25,3675.0,3769.5,3690.75,1487619.0,2504.244384765625
2000-04-03,3727.5,3581.030029296875,3669.75,3648.75,1308571.0,2475.747314453125
2000-04-04,3829.8798828125,3517.5,3674.47998046875,3580.5,2009524.0,2429.438232421875
2000-04-05,3717.0,3438.75,3717.0,3569.47998046875,3558095.0,2421.9609375
2000-04-06,3617.25,3470.780029296875,3596.25,3543.75,1636190.0,2404.50244140625
2000-04-07,3621.97998046875,3538.5,3570.0,3570.0,1432381.0,2422.313232421875
2000-04-10,3621.97998046875,3412.5,3621.97998046875,3460.280029296875,811429.0,2347.866455078125
2000-04-11,3485.47998046875,3281.25,3485.47998046875,3296.47998046875,2725714.0,2236.724853515625
2000-04-12,3386.25,3297.0,3386.25,3349.5,4156190.0,2272.699462890625
2000-04-13,3386.25,3197.25,3376.280029296875,3197.25,622857.0,2169.394775390625
2000-04-14,3228.75,3008.25,3155.25,3039.75,2693333.0,2062.5283203125
2000-04-17,3045.0,2829.75,2887.5,2965.72998046875,3243809.0,2012.3038330078125
2000-04-18,3150.0,2993.030029296875,3018.75,3045.0,4857143.0,2066.090576171875
2000-04-19,3150.0,2966.25,3150.0,2992.5,1409524.0,2030.4681396484375
2000-04-20,3228.75,3096.97998046875,3097.5,3228.75,1617143.0,2190.76806640625
2000-04-21,3228.75,3228.75,3228.75,3228.75,0.0,2190.76806640625
2000-04-24,3360.0,3149.47998046875,3307.5,3155.25,1737143.0,2140.897216796875
2000-04-25,3386.25,3176.25,3255.0,3360.0,2792381.0,2279.82421875
2000-04-26,3412.5,3255.0,3385.72998046875,3360.0,4074285.0,2279.82421875
2000-04-27,3465.0,3255.0,3255.530029296875,3423.0,1906667.0,2322.5712890625
2000-04-28,3622.5,3423.0,3423.0,3516.97998046875,3638095.0,2386.33837890625
2000-05-01,3516.97998046875,3516.97998046875,3516.97998046875,3516.97998046875,0.0,2386.33837890625
2000-05-02,3727.5,3501.75,3570.0,3570.0,3232381.0,2422.313232421875
2000-05-03,3622.5,3491.25,3596.25,3517.5,735238.0,2386.690673828125
2000-05-04,3570.0,3491.25,3538.5,3538.5,1110476.0,2400.9404296875
2000-05-05,3622.5,3504.3798828125,3622.5,3570.0,1247619.0,2422.313232421875
2000-05-08,3673.949951171875,3507.0,3673.949951171875,3517.5,712381.0,2386.690673828125
2000-05-09,3611.47998046875,3412.5,3611.47998046875,3535.8798828125,902857.0,2399.162353515625
2000-05-10,3569.47998046875,3412.5,3569.47998046875,3485.47998046875,1302857.0,2364.965087890625
2000-05-11,3674.47998046875,3412.5,3674.47998046875,3517.5,775238.0,2386.690673828125
2000-05-12,3491.25,3255.0,3491.25,3360.0,1908571.0,2279.82421875
2000-05-15,3465.0,3281.25,3412.5,3465.0,1137143.0,2351.06884765625
2000-05-16,3543.75,3454.5,3543.22998046875,3465.0,1573333.0,2351.06884765625
2000-05-17,3462.3798828125,3286.5,3459.75,3286.5,1721905.0,2229.953125
2000-05-18,3349.5,3202.5,3291.75,3281.25,1554286.0,2226.390869140625
2000-05-19,3333.75,3123.75,3412.5,3307.5,2942857.0,2244.2021484375
2000-05-22,3491.25,3155.780029296875,3411.449951171875,3189.3798828125,2630476.0,2164.054931640625
2000-05-23,3255.0,3097.5,3207.75,3123.75,2102857.0,2119.5244140625
2000-05-24,3202.5,3045.0,3150.0,3197.25,1247619.0,2169.394775390625
2000-05-25,3199.8798828125,3066.0,3197.25,3071.25,1735238.0,2083.90185546875
2000-05-26,3150.0,3018.75,3097.5,3052.35009765625,1167619.0,2071.078125
2000-05-29,3018.75,2913.75,2997.75,2956.280029296875,1620952.0,2005.892578125
2000-05-30,3050.25,2940.0,3018.75,2955.22998046875,1721905.0,2005.1800537109375
2000-05-31,3029.25,2835.530029296875,3018.22998046875,2861.25,4371428.0,1941.4132080078125
2000-06-01,2913.75,2846.030029296875,2887.5,2887.5,2095238.0,1959.2237548828125
2000-06-02,2913.75,2787.75,2913.75,2897.47998046875,3660952.0,1965.9959716796875
2000-06-05,3018.75,2835.530029296875,3018.75,2875.949951171875,2457143.0,1951.387451171875
2000-06-06,2875.949951171875,2875.949951171875,2875.949951171875,2875.949951171875,0.0,1951.387451171875
2000-06-07,3044.47998046875,2808.75,2809.280029296875,3029.25,7925714.0,2055.404296875
2000-06-08,3202.5,2992.5,3092.25,3026.6298828125,5051428.0,2053.627197265625
2000-06-09,3097.5,2961.0,3071.25,2987.25,1285714.0,2026.9061279296875
2000-06-12,3097.5,2925.300048828125,3097.5,2940.0,918095.0,1994.845947265625
2000-06-13,2976.22998046875,2861.25,2976.22998046875,2887.5,2657143.0,1959.2237548828125
2000-06-14,2991.449951171875,2836.050048828125,2940.0,2887.5,5285714.0,1959.2237548828125
2000-06-15,2982.0,2877.0,2877.0,2966.25,1468571.0,2012.65771484375
2000-06-16,2992.5,2929.5,2965.72998046875,2966.25,2104762.0,2012.65771484375
2000-06-19,3081.75,2887.5,2940.0,3071.25,3346666.0,2083.90185546875
2000-06-20,3149.47998046875,3018.75,3138.97998046875,3071.25,2561905.0,2083.90185546875
2000-06-21,3146.85009765625,3071.25,3146.85009765625,3097.5,5022857.0,2101.713623046875
2000-06-22,3097.5,3097.5,3097.5,3097.5,0.0,2101.713623046875
2000-06-23,3097.5,2940.530029296875,3097.5,3045.0,1992381.0,2066.090576171875
2000-06-26,3148.949951171875,2913.75,3148.949951171875,2974.64990234375,2700952.0,2018.357666015625
2000-06-27,3044.47998046875,2930.030029296875,3044.47998046875,2930.030029296875,2354286.0,1988.08154296875
2000-06-28,3018.75,2940.0,3018.75,2955.75,1030476.0,2005.5328369140625
2000-06-29,2956.280029296875,2871.75,2940.0,2887.5,1706667.0,1959.2237548828125
2000-06-30,2949.97998046875,2823.97998046875,2949.97998046875,2833.949951171875,1756190.0,1922.889404296875
2000-07-03,2929.5,2729.47998046875,2929.5,2798.25,3857143.0,1898.6661376953125
2000-07-04,2940.0,2808.75,2798.25,2907.449951171875,2640000.0,1972.76025390625
2000-07-05,2940.0,2898.0,2940.0,2932.1298828125,3011428.0,1989.5062255859375
2000-07-06,2992.5,2934.75,2934.75,2982.0,2634286.0,2023.3447265625
2000-07-07,3043.429931640625,2966.25,2989.8798828125,2966.25,2344762.0,2012.65771484375
2000-07-10,2966.25,2835.0,2966.25,2860.72998046875,2051428.0,1941.0599365234375
2000-07-11,2835.0,2661.75,2835.0,2703.22998046875,7011428.0,1834.193359375
2000-07-12,2704.280029296875,2609.25,2704.280029296875,2635.5,4325714.0,1788.2374267578125
2000-07-13,2651.25,2443.8798828125,2651.25,2467.5,16999999.0,1674.24609375
2000-07-14,2572.5,2362.5,2415.0,2567.25,3236190.0,1741.927978515625
2000-07-17,2598.75,2493.75,2572.5,2562.0,1840000.0,1738.3663330078125
2000-07-18,2666.47998046875,2598.22998046875,2598.22998046875,2625.0,3556190.0,1781.112548828125
2000-07-19,2651.25,2541.0,2651.25,2559.3798828125,2801905.0,1736.5885009765625
2000-07-20,2640.75,2493.75,2597.179931640625,2493.75,1451428.0,1692.0576171875
2000-07-21,2592.97998046875,2361.97998046875,2592.97998046875,2462.25,3918095.0,1670.68408203125
2000-07-24,2640.75,2467.5,2493.75,2613.449951171875,3815238.0,1773.2757568359375
2000-07-25,2625.0,2488.5,2618.179931640625,2488.5,1620952.0,1688.494873046875
2000-07-26,2568.830078125,2493.75,2568.830078125,2546.25,4179047.0,1727.6796875
2000-07-27,2671.72998046875,2567.25,2608.199951171875,2625.0,5659047.0,1781.112548828125
2000-07-28,2677.5,2552.550048828125,2651.25,2572.5,2316190.0,1745.49072265625
2000-07-31,2651.25,2572.5,2572.5,2640.75,3333333.0,1791.7999267578125
2000-08-01,2667.0,2521.050048828125,2625.0,2598.75,2167619.0,1763.301513671875
2000-08-02,2677.5,2482.199951171875,2625.0,2576.179931640625,2933333.0,1747.9874267578125
2000-08-03,2499.0,2415.0,2499.0,2461.72998046875,2205714.0,1670.3310546875
2000-08-04,2504.25,2436.530029296875,2491.1298828125,2466.97998046875,1740952.0,1673.893310546875
2000-08-07,2546.25,2467.5,2467.5,2538.3798828125,1737143.0,1722.339111328125
2000-08-08,2598.75,2509.5,2572.5,2567.25,1950476.0,1741.927978515625
2000-08-09,2624.47998046875,2520.0,2592.449951171875,2520.0,2521905.0,1709.8682861328125
2000-08-10,2592.449951171875,2509.5,2572.5,2520.0,1171429.0,1709.8682861328125
2000-08-11,2609.25,2478.0,2520.0,2609.25,1910476.0,1770.4261474609375
2000-08-14,2607.679931640625,2551.5,2572.5,2593.5,2735238.0,1759.7396240234375
2000-08-15,2614.5,2525.25,2614.5,2525.25,1234286.0,1713.430419921875
2000-08-16,2625.0,2451.75,2551.5,2493.75,4169524.0,1692.0576171875
2000-08-17,2651.25,2530.5,2533.1298828125,2651.25,4260952.0,1798.923828125
2000-08-18,2714.25,2604.0,2682.75,2640.22998046875,2169524.0,1791.4464111328125
2000-08-21,2677.5,2630.25,2630.25,2651.25,1327619.0,1798.923828125
2000-08-22,2766.75,2652.300048828125,2703.75,2667.0,3641905.0,1809.6104736328125
2000-08-23,2745.75,2674.35009765625,2682.75,2745.75,4196190.0,1863.044189453125
2000-08-24,2919.0,2819.25,2860.199951171875,2911.1298828125,6502857.0,1975.2576904296875
2000-08-25,3060.75,2934.75,2934.75,3047.10009765625,5354285.0,2067.5166015625
2000-08-28,3150.0,2993.030029296875,3124.280029296875,3076.5,2062857.0,2087.464111328125
2000-08-29,3155.25,3018.75,3148.949951171875,3150.0,5160000.0,2137.335205078125
2000-08-30,3386.25,3249.22998046875,3333.75,3276.0,14139047.0,2222.828857421875
2000-08-31,3349.5,3228.75,3276.0,3276.0,4280000.0,2222.828857421875
2000-09-01,3360.0,3202.5,3360.0,3226.1298828125,3514286.0,2188.99072265625
2000-09-04,3228.75,3050.780029296875,3228.75,3097.5,3171428.0,2101.713623046875
2000-09-05,3150.0,3051.300048828125,3150.0,3131.6298828125,1809524.0,2124.87060546875
2000-09-06,3202.5,3097.5,3139.5,3180.97998046875,1219048.0,2158.355712890625
2000-09-07,3180.97998046875,3180.97998046875,3180.97998046875,3180.97998046875,0.0,2158.355712890625
2000-09-08,3176.25,3097.5,3160.5,3126.3798828125,510476.0,2121.30908203125
2000-09-11,3197.25,3118.5,3121.1298828125,3150.0,1377143.0,2137.335205078125
2000-09-12,3139.5,2972.030029296875,3115.35009765625,2972.030029296875,2072381.0,2016.579345703125
2000-09-13,3097.5,2992.5,3003.0,3063.89990234375,2154286.0,2078.914306640625
2000-09-14,3055.5,2993.030029296875,3029.25,3024.0,710476.0,2051.84130859375
2000-09-15,2997.75,2840.25,2995.64990234375,2887.5,1708571.0,1959.2237548828125
2000-09-18,2886.97998046875,2651.25,2886.97998046875,2672.25,3379047.0,1813.172607421875
2000-09-19,2782.5,2573.030029296875,2703.75,2782.5,2316190.0,1887.9794921875
2000-09-20,2814.0,2677.5,2756.25,2755.199951171875,2977143.0,1869.456298828125
2000-09-21,2792.47998046875,2677.5,2730.0,2792.47998046875,620952.0,1894.751220703125
2000-09-22,2845.5,2678.550048828125,2678.550048828125,2824.5,982857.0,1916.4775390625
2000-09-25,2898.0,2835.0,2835.0,2877.530029296875,1586667.0,1952.45947265625
2000-09-26,2982.0,2787.75,2929.5,2877.0,2160000.0,1952.1002197265625
2000-09-27,2939.47998046875,2730.530029296875,2887.5,2803.5,3556190.0,1902.2291259765625
2000-09-28,2861.25,2730.0,2782.5,2830.280029296875,963809.0,1920.3995361328125
2000-09-29,2887.5,2798.780029296875,2829.75,2835.0,977143.0,1923.60205078125
2000-10-02,2913.22998046875,2793.530029296875,2861.25,2808.75,1074286.0,1905.7906494140625
2000-10-03,3057.60009765625,2835.0,2835.0,3045.0,2354286.0,2066.090576171875
2000-10-04,3207.75,3160.5,3207.75,3199.8798828125,9916190.0,2171.179931640625
2000-10-05,3199.8798828125,3199.8798828125,3199.8798828125,3199.8798828125,0.0,2171.179931640625
2000-10-06,3213.0,3108.530029296875,3196.72998046875,3113.780029296875,3118095.0,2112.75927734375
2000-10-09,3150.0,3050.780029296875,3150.0,3071.780029296875,1504762.0,2084.261962890625
2000-10-10,3097.5,2782.5,3097.5,2887.5,5396190.0,1959.2237548828125
2000-10-11,3150.0,2829.75,2835.0,3087.0,3518095.0,2094.58837890625
2000-10-12,3087.0,3087.0,3087.0,3087.0,0.0,2094.58837890625
2000-10-13,3115.8798828125,3018.75,3044.47998046875,3097.5,1360000.0,2101.713623046875
2000-10-16,3171.0,3050.25,3150.530029296875,3081.75,2095238.0,2091.0263671875
2000-10-17,3255.0,3071.25,3124.280029296875,3150.530029296875,3942857.0,2137.69482421875
2000-10-18,3176.25,2940.0,3150.0,2992.5,6725714.0,2030.4681396484375
2000-10-19,3118.5,2997.75,3097.5,3071.25,1222857.0,2083.90185546875
2000-10-20,3144.75,2992.5,3096.449951171875,2992.5,1773333.0,2030.4681396484375
2000-10-23,3045.0,2913.75,2991.97998046875,2913.75,2487619.0,1977.03515625
2000-10-24,2913.75,2913.75,2913.75,2913.75,0.0,1977.03515625
2000-10-25,2940.0,2756.780029296875,2808.75,2764.1298828125,1961905.0,1875.5152587890625
2000-10-26,3192.0,2808.75,2808.75,3123.75,2710476.0,2119.5244140625
2000-10-27,3176.25,3097.5,3160.5,3155.25,3074286.0,2140.897216796875
2000-10-30,3228.75,3108.0,3202.5,3218.25,2019047.0,2183.645263671875
2000-10-31,3402.0,3223.5,3233.47998046875,3394.64990234375,4196190.0,2303.3349609375
2000-11-01,3402.0,3307.5,3333.75,3333.75,3927619.0,2262.012939453125
2000-11-02,3333.75,3333.75,3333.75,3333.75,0.0,2262.012939453125
2000-11-03,3517.5,3381.0,3407.25,3423.0,3632381.0,2322.5712890625
2000-11-06,3491.25,3360.0,3428.780029296875,3459.75,3121905.0,2347.5078125
2000-11-07,3480.75,3333.75,3386.780029296875,3459.75,3744762.0,2347.5078125
2000-11-08,3543.75,3275.47998046875,3465.0,3275.47998046875,3276190.0,2222.475830078125
2000-11-09,3385.72998046875,3291.75,3307.5,3361.050048828125,3180952.0,2280.536865234375
2000-11-10,3464.47998046875,3360.0,3428.780029296875,3391.5,2990476.0,2301.19775390625
2000-11-13,3412.5,3339.0,3365.780029296875,3370.5,3125714.0,2286.949462890625
2000-11-14,3370.5,3370.5,3370.5,3370.5,0.0,2286.949462890625
2000-11-15,3370.5,3370.5,3370.5,3370.5,0.0,2286.949462890625
2000-11-16,3281.25,3097.5,3276.0,3150.530029296875,4257143.0,2137.69482421875
2000-11-17,3307.5,3129.0,3204.60009765625,3149.47998046875,9996190.0,2136.982177734375
2000-11-20,3465.0,3202.5,3465.0,3249.75,18121904.0,2205.01806640625
2000-11-21,3239.780029296875,3000.3798828125,3239.25,3097.5,12398094.0,2101.713623046875
2000-11-22,3097.5,2955.75,3045.530029296875,2956.280029296875,7291428.0,2005.892578125
2000-11-23,3071.25,2913.75,2974.1298828125,3024.0,5360000.0,2051.84130859375
2000-11-24,3247.1298828125,3045.0,3045.0,3223.5,7100952.0,2187.206787109375
2000-11-27,3584.699951171875,3255.0,3255.530029296875,3411.97998046875,16017142.0,2315.093994140625
2000-11-28,3580.5,3360.0,3386.25,3438.75,6120000.0,2333.257568359375
2000-11-29,3629.330078125,3491.25,3491.780029296875,3591.0,10927618.0,2436.56298828125
2000-11-30,3664.5,3528.0,3570.0,3543.75,11828571.0,2404.50244140625
2000-12-01,3669.75,3559.5,3648.75,3638.25,4893333.0,2468.6220703125
2000-12-04,3717.0,3596.25,3648.75,3622.5,2832381.0,2457.93505859375
2000-12-05,3685.5,3470.25,3675.0,3517.5,4784762.0,2386.690673828125
2000-12-06,3570.0,3480.75,3491.25,3528.0,4375238.0,2393.815673828125
2000-12-07,3585.75,3501.75,3517.5,3556.8798828125,3752381.0,2413.411376953125
2000-12-08,3625.1298828125,3465.0,3606.22998046875,3486.0,3779047.0,2365.31787109375
2000-12-11,3648.75,3491.25,3491.25,3544.800048828125,4339047.0,2405.214111328125
2000-12-13,3486.0,3349.5,3464.47998046875,3412.5,4946666.0,2315.4462890625
2000-12-14,3428.25,3370.5,3412.5,3404.10009765625,3327619.0,2309.746826171875
2000-12-15,3386.25,3281.25,3386.25,3307.5,2243809.0,2244.2021484375
2000-12-18,3381.0,3256.050048828125,3375.75,3265.5,2076190.0,2215.704345703125
2000-12-19,3333.75,3239.25,3318.0,3266.550048828125,2360000.0,2216.41650390625
2000-12-20,3281.25,3209.330078125,3266.550048828125,3226.1298828125,2885714.0,2188.99072265625
2000-12-21,3234.0,3150.0,3208.280029296875,3155.25,5057143.0,2140.897216796875
2000-12-22,3280.72998046875,3136.8798828125,3254.47998046875,3276.0,2668571.0,2222.828857421875
2000-12-26,3360.0,3176.25,3317.47998046875,3223.5,1571428.0,2187.206787109375
2000-12-27,3281.25,3160.5,3228.75,3228.75,2017143.0,2190.76806640625
2000-12-28,3202.5,3108.0,3173.6298828125,3150.530029296875,2180952.0,2137.69482421875
2001-01-02,4746.0,4620.0,4725.0,4741.27978515625,33740950.0,3217.04931640625
2001-01-03,4718.7001953125,4672.5,4672.5,4698.75,14106666.0,3188.19140625
2001-01-04,4672.5,4625.25,4671.97998046875,4653.60009765625,7283809.0,3157.556640625
2001-01-05,4724.47998046875,4651.5,4651.5,4672.5,6121904.0,3170.38134765625
2001-01-08,4723.43017578125,4620.52978515625,4620.52978515625,4709.25,4657143.0,3195.316162109375
2001-01-09,4740.75,4677.75,4713.97998046875,4709.77978515625,4163809.0,3195.675537109375
2001-01-10,4709.25,4698.75,4709.25,4704.0,3000000.0,3191.75390625
2001-01-11,4704.0,4669.8798828125,4669.8798828125,4698.75,2900952.0,3188.19140625
2001-01-12,4711.35009765625,4672.5,4690.8798828125,4704.0,2179047.0,3191.75390625
2001-01-15,4698.75,4657.7998046875,4672.5,4657.7998046875,1154286.0,3160.40673828125
2001-01-16,4692.97998046875,4652.02978515625,4652.02978515625,4683.0,1939048.0,3177.50537109375
2001-01-17,4710.2998046875,4672.5,4688.25,4704.0,4295238.0,3191.75390625
2001-01-18,4722.3798828125,4683.52978515625,4688.25,4704.0,2388571.0,3191.75390625
2001-01-19,4715.02978515625,4698.75,4704.0,4709.25,2891428.0,3195.316162109375
2001-01-22,4709.25,4690.8798828125,4709.25,4691.39990234375,4548571.0,3183.205078125
2001-01-23,4709.25,4688.25,4691.39990234375,4693.5,2868571.0,3184.63037109375
2001-01-24,4698.75,4683.0,4698.75,4698.75,2910476.0,3188.19140625
2001-01-26,4707.68017578125,4672.5,4672.5,4698.22998046875,2765714.0,3187.838623046875
2001-01-29,4704.0,4688.25,4688.25,4699.7998046875,3386666.0,3188.904296875
2001-01-30,4840.5,4698.22998046875,4698.22998046875,4815.2998046875,7129523.0,3267.2734375
2001-01-31,4856.25,4769.6298828125,4769.6298828125,4809.0,2826666.0,3262.998779296875
2001-02-01,4830.0,4777.5,4798.5,4806.89990234375,2872381.0,3261.572998046875
2001-02-02,4855.72998046875,4725.52978515625,4830.0,4795.8798828125,2339047.0,3254.0966796875
2001-02-05,4803.75,4767.0,4803.22998046875,4793.25,1539048.0,3252.3125
2001-02-06,4829.47998046875,4777.5,4829.47998046875,4813.72998046875,801905.0,3266.2080078125
2001-02-07,4816.8798828125,4767.0,4777.5,4816.8798828125,1569524.0,3268.344482421875
2001-02-08,4830.0,4793.25,4814.25,4803.75,1605714.0,3259.43603515625
2001-02-09,4830.0,4751.25,4814.25,4803.75,992381.0,3259.43603515625
2001-02-12,4803.75,4777.5,4803.75,4779.60009765625,2182857.0,3243.05029296875
2001-02-13,4814.25,4777.5,4777.5,4798.5,657143.0,3255.874267578125
2001-02-14,4803.75,4767.52978515625,4777.5,4773.830078125,2196190.0,3239.134033203125
2001-02-15,4788.0,4757.02978515625,4777.5,4788.0,1278095.0,3248.75
2001-02-16,4820.02978515625,4756.5,4788.0,4820.02978515625,6270476.0,3270.482177734375
2001-02-19,4830.0,4774.8798828125,4830.0,4777.5,986667.0,3241.6259765625
2001-02-20,4803.75,4774.8798828125,4793.77978515625,4777.5,2967619.0,3241.6259765625
2001-02-21,4814.25,4751.77978515625,4756.5,4793.25,4278095.0,3252.3125
2001-02-22,4882.5,4772.77978515625,4829.47998046875,4830.0,4144762.0,3277.24755859375
2001-02-23,4898.25,4882.5,4882.5,4893.52978515625,16512380.0,3320.35400390625
2001-02-28,4893.0,4872.0,4893.0,4882.5,2131428.0,3312.870361328125
2001-03-01,4887.75,4882.5,4882.5,4884.080078125,2291428.0,3313.9423828125
2001-03-02,4898.25,4883.5498046875,4892.47998046875,4893.0,6125714.0,3319.993408203125
2001-03-05,4897.2001953125,4890.3798828125,4893.0,4895.6298828125,6438095.0,3321.779052734375
2001-03-06,4903.5,4898.25,4898.25,4902.97998046875,4899047.0,3326.765380859375
2001-03-07,4904.5498046875,4898.25,4898.25,4904.5498046875,3480000.0,3327.831787109375
2001-03-08,4908.75,4898.25,4905.080078125,4905.080078125,1948571.0,3328.191162109375
2001-03-09,4911.89990234375,4903.5,4903.5,4911.89990234375,1022857.0,3332.818603515625
2001-03-12,4914.52978515625,4887.75,4911.3798828125,4911.3798828125,3175238.0,3332.46435546875
2001-03-13,4913.47998046875,4895.6298828125,4908.75,4908.75,2310476.0,3330.681396484375
2001-03-14,4913.47998046875,4895.6298828125,4908.75,4908.75,2310476.0,3330.681396484375
2001-03-15,4945.5,4909.27978515625,4937.6298828125,4937.6298828125,3659047.0,3350.275634765625
2001-03-16,4940.25,4929.75,4937.10009765625,4940.25,1489524.0,3352.053955078125
2001-03-19,4924.5,4890.89990234375,4891.43017578125,4924.5,1335238.0,3341.3681640625
2001-03-20,4934.47998046875,4891.43017578125,4934.47998046875,4914.0,4430476.0,3334.242919921875
2001-03-21,4919.25,4908.75,4919.25,4914.0,2940952.0,3334.242919921875
2001-03-22,4914.0,4903.5,4913.47998046875,4913.47998046875,3592381.0,3333.890625
2001-03-23,4917.68017578125,4903.5,4917.68017578125,4917.68017578125,3342857.0,3336.73974609375
2001-03-26,4940.25,4919.25,4940.25,4940.25,1407619.0,3352.053955078125
2001-03-27,4956.0,4919.25,4935.0,4935.0,396190.0,3348.4921875
2001-03-28,4945.5,4908.75,4945.5,4945.5,598095.0,3355.6171875
2001-03-29,4935.0,4924.5,4934.47998046875,4934.47998046875,624762.0,3348.13916015625
2001-03-30,4941.2998046875,4929.75,4940.77978515625,4940.77978515625,1967619.0,3352.414306640625
2001-04-02,4956.0,4935.0,4956.0,4956.0,262857.0,3362.741455078125
2001-04-03,4956.0,4935.0,4956.0,4956.0,137143.0,3362.741455078125
2001-04-04,4945.5,4924.5,4945.5,4945.5,64762.0,3355.6171875
2001-04-05,4987.5,4935.0,4935.0,4961.25,7619.0,3366.302734375
2001-04-06,4999.0498046875,4725.0,4998.0,4998.0,822857.0,3391.23828125
2001-04-09,4998.0,4987.5,4998.0,4987.5,9524.0,3384.115234375
2001-04-10,4961.25,4935.0,4935.0,4935.0,645714.0,3348.4921875
2001-04-11,5013.75,4987.5,4987.5,5012.7001953125,321905.0,3401.212890625
2001-04-12,4999.0498046875,4935.0,4935.0,4935.0,142857.0,3348.4921875
2001-04-16,4935.0,4935.0,4935.0,4935.0,28571.0,3348.4921875
2001-04-17,4935.0,4935.0,4935.0,4935.0,5714.0,3348.4921875
2001-04-18,5001.68017578125,4999.0498046875,4999.0498046875,5001.68017578125,1095238.0,3393.735107421875
2001-04-19,5002.2001953125,5001.68017578125,5001.68017578125,5002.2001953125,74286.0,3394.08837890625
2001-04-20,5002.2001953125,5001.68017578125,5001.68017578125,5002.2001953125,32381.0,3394.08837890625
2001-04-23,5002.72998046875,5002.72998046875,5002.72998046875,5002.72998046875,24762.0,3394.44775390625
2001-04-24,5003.77978515625,5003.25,5003.77978515625,5003.25,30476.0,3394.801513671875
2001-04-25,5003.25,5003.25,5003.25,5003.25,76190.0,3394.801513671875
2001-04-26,5004.2998046875,5003.77978515625,5003.77978515625,5003.77978515625,51429.0,3395.16064453125
2001-04-27,5003.77978515625,5003.77978515625,5003.77978515625,5003.77978515625,26667.0,3395.16064453125
2001-04-30,5003.77978515625,5003.77978515625,5003.77978515625,5003.77978515625,19048.0,3395.16064453125
2001-05-03,5003.77978515625,5003.77978515625,5003.77978515625,5003.77978515625,11429.0,3395.16064453125
2001-05-04,5003.77978515625,5003.77978515625,5003.77978515625,5003.77978515625,60952.0,3395.16064453125
2001-05-07,5003.77978515625,5003.77978515625,5003.77978515625,5003.77978515625,26667.0,3395.16064453125
2001-05-08,5007.4501953125,5007.4501953125,5007.4501953125,5007.4501953125,180952.0,3397.651611328125
2001-05-10,5008.5,5008.5,5008.5,5008.5,24762.0,3398.36328125
2001-05-11,5009.02978515625,5009.02978515625,5009.02978515625,5009.02978515625,28571.0,3398.72216796875
2001-05-14,5009.02978515625,5009.02978515625,5009.02978515625,5009.02978515625,1905.0,3398.72216796875
2001-05-15,5009.5498046875,5009.5498046875,5009.5498046875,5009.5498046875,3810.0,3399.075439453125
2001-05-16,5010.080078125,5010.080078125,5010.080078125,5010.080078125,9524.0,3399.43603515625
2001-05-17,5010.60009765625,5010.60009765625,5010.60009765625,5010.60009765625,1905.0,3399.788330078125
2001-05-18,5011.1298828125,5011.1298828125,5011.1298828125,5011.1298828125,19048.0,3400.14794921875
2001-05-21,5011.64990234375,5011.64990234375,5011.64990234375,5011.64990234375,24762.0,3400.5
2001-05-22,5012.18017578125,5012.18017578125,5012.18017578125,5012.18017578125,11429.0,3400.8603515625
2001-05-23,5012.7001953125,5012.7001953125,5012.7001953125,5012.7001953125,7619.0,3401.212890625
2001-05-24,5013.22998046875,5013.22998046875,5013.22998046875,5013.22998046875,7619.0,3401.572021484375
2001-05-25,5013.75,5013.75,5013.75,5013.75,5714.0,3401.925537109375
2001-05-28,5014.27978515625,5013.75,5013.75,5014.27978515625,9524.0,3402.284423828125
2001-05-29,5014.7998046875,5014.7998046875,5014.7998046875,5014.7998046875,9524.0,3402.638671875
2001-05-31,5014.7998046875,5014.7998046875,5014.7998046875,5014.7998046875,32381.0,3402.638671875
2001-06-01,5014.7998046875,5014.7998046875,5014.7998046875,5014.7998046875,20952.0,3402.638671875
2001-06-04,5014.7998046875,5014.7998046875,5014.7998046875,5014.7998046875,59048.0,3402.638671875
2001-06-05,5014.7998046875,5014.7998046875,5014.7998046875,5014.7998046875,7619.0,3402.638671875
2001-06-06,5014.7998046875,5014.7998046875,5014.7998046875,5014.7998046875,5714.0,3402.638671875
2001-06-07,5014.7998046875,5014.7998046875,5014.7998046875,5014.7998046875,7619.0,3402.638671875
2001-06-08,5016.89990234375,5016.89990234375,5016.89990234375,5016.89990234375,15238.0,3404.062744140625
2001-06-11,5016.89990234375,5016.89990234375,5016.89990234375,5016.89990234375,36190.0,3404.062744140625
2001-06-12,5017.43017578125,5017.43017578125,5017.43017578125,5017.43017578125,3810.0,3404.42236328125
2001-06-13,5017.43017578125,5017.43017578125,5017.43017578125,5017.43017578125,5714.0,3404.42236328125
2001-06-15,5017.9501953125,5017.9501953125,5017.9501953125,5017.9501953125,5714.0,3404.776123046875
2001-06-18,5017.9501953125,5017.9501953125,5017.9501953125,5017.9501953125,78095.0,3404.776123046875
2001-06-19,5018.47998046875,5018.47998046875,5018.47998046875,5018.47998046875,20952.0,3405.135498046875
2001-06-20,5018.47998046875,5018.47998046875,5018.47998046875,5018.47998046875,3810.0,3405.135498046875
2001-06-21,5019.0,5019.0,5019.0,5019.0,78095.0,3405.488037109375
2001-06-22,5019.0,5019.0,5019.0,5019.0,1905.0,3405.488037109375
2001-06-25,5019.52978515625,5019.52978515625,5019.52978515625,5019.52978515625,5714.0,3405.8466796875
2001-06-26,5019.52978515625,5019.52978515625,5019.52978515625,5019.52978515625,5714.0,3405.8466796875
2001-06-27,5020.0498046875,5020.0498046875,5020.0498046875,5020.0498046875,32381.0,3406.20068359375
2001-06-28,5020.0498046875,5020.0498046875,5020.0498046875,5020.0498046875,9524.0,3406.20068359375
2001-06-29,5020.0498046875,5020.0498046875,5020.0498046875,5020.0498046875,5714.0,3406.20068359375
2001-07-02,5020.0498046875,5020.0498046875,5020.0498046875,5020.0498046875,9524.0,3406.20068359375
2001-07-03,5020.0498046875,5020.0498046875,5020.0498046875,5020.0498046875,7619.0,3406.20068359375
2001-07-05,5020.0498046875,5020.0498046875,5020.0498046875,5020.0498046875,11429.0,3406.20068359375
2001-07-06,5020.0498046875,5020.0498046875,5020.0498046875,5020.0498046875,80000.0,3406.20068359375
2001-07-10,5020.0498046875,5020.0498046875,5020.0498046875,5020.0498046875,7619.0,3406.20068359375
2001-07-11,5021.6298828125,5020.0498046875,5021.6298828125,5020.0498046875,11429.0,3406.20068359375
2001-07-12,5020.0498046875,5020.0498046875,5020.0498046875,5020.0498046875,1905.0,3406.20068359375
2001-07-13,5020.0498046875,5020.0498046875,5020.0498046875,5020.0498046875,30476.0,3406.20068359375
2001-07-16,5020.0498046875,5020.0498046875,5020.0498046875,5020.0498046875,9524.0,3406.20068359375
2001-07-17,5020.0498046875,5020.0498046875,5020.0498046875,5020.0498046875,7619.0,3406.20068359375
2001-07-18,5020.0498046875,5020.0498046875,5020.0498046875,5020.0498046875,3810.0,3406.20068359375
2001-07-19,5020.0498046875,5020.0498046875,5020.0498046875,5020.0498046875,5714.0,3406.20068359375
2001-07-20,5020.0498046875,5020.0498046875,5020.0498046875,5020.0498046875,7619.0,3406.20068359375
2001-07-23,5020.0498046875,5020.0498046875,5020.0498046875,5020.0498046875,5714.0,3406.20068359375
2001-07-24,5020.0498046875,5020.0498046875,5020.0498046875,5020.0498046875,5714.0,3406.20068359375
2001-07-25,5020.0498046875,5020.0498046875,5020.0498046875,5020.0498046875,11429.0,3406.20068359375
2001-07-26,5020.0498046875,5020.0498046875,5020.0498046875,5020.0498046875,13333.0,3406.20068359375
2001-07-30,5020.0498046875,5020.0498046875,5020.0498046875,5020.0498046875,5714.0,3406.20068359375
2001-07-31,5020.0498046875,5020.0498046875,5020.0498046875,5020.0498046875,24762.0,3406.20068359375
2001-08-02,5020.0498046875,5020.0498046875,5020.0498046875,5020.0498046875,3810.0,3406.20068359375
2001-08-03,5020.0498046875,5020.0498046875,5020.0498046875,5020.0498046875,1905.0,3406.20068359375
2001-08-06,5020.0498046875,5020.0498046875,5020.0498046875,5020.0498046875,3810.0,3406.20068359375
2001-08-07,5020.0498046875,5020.0498046875,5020.0498046875,5020.0498046875,20952.0,3406.20068359375
2001-08-08,5020.0498046875,5020.0498046875,5020.0498046875,5020.0498046875,19048.0,3406.20068359375
2001-08-09,5020.0498046875,5020.0498046875,5020.0498046875,5020.0498046875,5714.0,3406.20068359375
2001-08-10,5020.0498046875,5020.0498046875,5020.0498046875,5020.0498046875,5714.0,3406.20068359375
2001-08-13,5020.0498046875,5020.0498046875,5020.0498046875,5020.0498046875,1905.0,3406.20068359375
2001-08-14,5020.0498046875,5020.0498046875,5020.0498046875,5020.0498046875,1905.0,3406.20068359375
2001-08-15,5020.0498046875,5020.0498046875,5020.0498046875,5020.0498046875,22857.0,3406.20068359375
2001-08-16,5020.0498046875,5020.0498046875,5020.0498046875,5020.0498046875,32381.0,3406.20068359375
2001-08-20,5020.0498046875,5020.0498046875,5020.0498046875,5020.0498046875,70476.0,3406.20068359375
2001-08-21,5020.0498046875,5020.0498046875,5020.0498046875,5020.0498046875,5714.0,3406.20068359375
2001-08-22,5020.0498046875,5020.0498046875,5020.0498046875,5020.0498046875,3810.0,3406.20068359375
2001-08-23,5020.0498046875,5020.0498046875,5020.0498046875,5020.0498046875,5714.0,3406.20068359375
2001-08-24,5020.0498046875,5020.0498046875,5020.0498046875,5020.0498046875,3810.0,3406.20068359375
2001-08-27,5020.0498046875,5020.0498046875,5020.0498046875,5020.0498046875,1905.0,3406.20068359375
2001-08-28,5020.0498046875,5020.0498046875,5020.0498046875,5020.0498046875,41905.0,3406.20068359375
2001-08-30,5020.0498046875,5020.0498046875,5020.0498046875,5020.0498046875,7619.0,3406.20068359375
2001-08-31,5020.0498046875,5020.0498046875,5020.0498046875,5020.0498046875,1905.0,3406.20068359375
2001-09-03,5020.0498046875,5020.0498046875,5020.0498046875,5020.0498046875,1905.0,3406.20068359375
2001-09-04,5250.0,5020.0498046875,5020.0498046875,5020.0498046875,0.0,3406.20068359375
2001-09-05,5020.0498046875,5020.0498046875,5020.0498046875,5020.0498046875,15238.0,3406.20068359375
2001-09-06,5020.0498046875,5020.0498046875,5020.0498046875,5020.0498046875,1905.0,3406.20068359375
2001-09-10,5020.0498046875,5020.0498046875,5020.0498046875,5020.0498046875,1905.0,3406.20068359375
2001-09-11,5020.0498046875,5020.0498046875,5020.0498046875,5020.0498046875,3810.0,3406.20068359375
2001-09-12,5020.0498046875,5020.0498046875,5020.0498046875,5020.0498046875,3810.0,3406.20068359375
2001-09-13,5020.0498046875,5020.0498046875,5020.0498046875,5020.0498046875,5714.0,3406.20068359375
2001-09-14,5020.0498046875,5020.0498046875,5020.0498046875,5020.0498046875,3810.0,3406.20068359375
2001-09-17,5020.0498046875,5020.0498046875,5020.0498046875,5020.0498046875,5714.0,3406.20068359375
2001-09-19,5020.0498046875,5020.0498046875,5020.0498046875,5020.0498046875,1905.0,3406.20068359375
2001-09-20,5020.0498046875,5020.0498046875,5020.0498046875,5020.0498046875,3810.0,3406.20068359375
2001-09-21,5020.0498046875,5020.0498046875,5020.0498046875,5020.0498046875,5714.0,3406.20068359375
2001-09-25,5020.0498046875,5020.0498046875,5020.0498046875,5020.0498046875,11429.0,3406.20068359375
2001-09-26,5020.0498046875,5020.0498046875,5020.0498046875,5020.0498046875,7619.0,3406.20068359375
2001-09-27,5020.0498046875,5020.0498046875,5020.0498046875,5020.0498046875,7619.0,3406.20068359375
2001-09-28,5020.0498046875,5020.0498046875,5020.0498046875,5020.0498046875,26667.0,3406.20068359375
2001-10-01,5020.0498046875,5020.0498046875,5020.0498046875,5020.0498046875,3810.0,3406.20068359375
2001-10-02,5020.0498046875,5020.0498046875,5020.0498046875,5020.0498046875,45714.0,3406.20068359375
2001-10-03,5020.0498046875,5020.0498046875,5020.0498046875,5020.0498046875,32381.0,3406.20068359375
2001-10-05,5020.0498046875,5020.0498046875,5020.0498046875,5020.0498046875,5714.0,3406.20068359375
2001-10-08,5020.0498046875,5020.0498046875,5020.0498046875,5020.0498046875,5714.0,3406.20068359375
2001-10-09,5020.0498046875,5020.0498046875,5020.0498046875,5020.0498046875,1905.0,3406.20068359375
2001-10-10,5020.580078125,5020.580078125,5020.580078125,5020.580078125,1905.0,3406.558837890625
2001-10-11,5020.0498046875,5020.0498046875,5020.0498046875,5020.0498046875,1905.0,3406.20068359375
2001-10-15,5020.0498046875,5020.0498046875,5020.0498046875,5020.0498046875,1905.0,3406.20068359375
2001-10-16,5020.580078125,5020.580078125,5020.580078125,5020.580078125,3810.0,3406.558837890625
2001-10-17,5020.580078125,5020.580078125,5020.580078125,5020.580078125,1905.0,3406.558837890625
2001-10-18,5020.580078125,5020.580078125,5020.580078125,5020.580078125,30476.0,3406.558837890625
2001-10-19,5020.580078125,5020.0498046875,5020.580078125,5020.0498046875,74286.0,3406.20068359375
2001-10-22,5069.39990234375,5069.39990234375,5069.39990234375,5069.39990234375,38095.0,3439.684326171875
2001-10-23,5069.93017578125,5069.93017578125,5069.93017578125,5069.93017578125,38095.0,3440.04541015625
2001-10-24,5070.97998046875,5070.97998046875,5070.97998046875,5070.97998046875,32381.0,3440.75732421875
2001-10-25,5071.5,5071.5,5071.5,5071.5,32381.0,3441.10986328125
2001-10-26,5072.02978515625,5072.02978515625,5072.02978515625,5072.02978515625,22857.0,3441.469970703125
2001-10-29,5073.080078125,5073.080078125,5073.080078125,5073.080078125,51429.0,3442.181884765625
2001-10-30,5073.60009765625,5073.60009765625,5073.60009765625,5073.60009765625,24762.0,3442.535400390625
2001-10-31,5074.1298828125,5074.1298828125,5074.1298828125,5074.1298828125,20952.0,3442.89404296875
2001-11-01,5074.64990234375,5074.64990234375,5074.64990234375,5074.64990234375,24762.0,3443.24658203125
2001-11-05,5075.7001953125,5074.64990234375,5074.64990234375,5075.7001953125,15238.0,3443.960205078125
2001-11-06,5076.22998046875,5076.22998046875,5076.22998046875,5076.22998046875,9524.0,3444.319580078125
2001-11-07,5077.27978515625,5077.27978515625,5077.27978515625,5077.27978515625,1905.0,3445.031494140625
2001-11-08,5077.27978515625,5077.27978515625,5077.27978515625,5077.27978515625,34286.0,3445.031494140625
2001-11-09,5078.330078125,5078.330078125,5078.330078125,5078.330078125,26667.0,3445.744873046875
2001-11-12,5079.89990234375,5079.89990234375,5079.89990234375,5079.89990234375,20952.0,3446.810302734375
2001-11-13,5079.89990234375,5079.89990234375,5079.89990234375,5079.89990234375,9524.0,3446.810302734375
2001-11-14,5081.47998046875,5080.9501953125,5081.47998046875,5080.9501953125,17143.0,3447.521484375
2001-11-16,5080.9501953125,5080.9501953125,5080.9501953125,5080.9501953125,9524.0,3447.521484375
2001-11-19,5081.47998046875,5080.9501953125,5081.47998046875,5080.9501953125,11429.0,3447.521484375
2001-11-20,5080.9501953125,5079.89990234375,5080.9501953125,5079.89990234375,7619.0,3446.810302734375
2001-11-21,5079.89990234375,5079.89990234375,5079.89990234375,5079.89990234375,26667.0,3446.810302734375
2001-11-22,5080.43017578125,5080.43017578125,5080.43017578125,5080.43017578125,15238.0,3447.1689453125
2001-11-23,5080.9501953125,5080.9501953125,5080.9501953125,5080.9501953125,5714.0,3447.521484375
2001-11-26,5081.47998046875,5081.47998046875,5081.47998046875,5081.47998046875,13333.0,3447.88134765625
2001-11-27,5081.47998046875,5081.47998046875,5081.47998046875,5081.47998046875,11429.0,3447.88134765625
2001-11-28,5082.0,5082.0,5082.0,5082.0,5714.0,3448.234375
2001-11-29,5082.52978515625,5082.52978515625,5082.52978515625,5082.52978515625,5714.0,3448.59375
2001-11-30,5083.0498046875,5083.0498046875,5083.0498046875,5083.0498046875,32381.0,3448.9462890625
2001-12-03,5083.580078125,5083.580078125,5083.580078125,5083.580078125,17143.0,3449.307373046875
2001-12-04,5084.10009765625,5084.10009765625,5084.10009765625,5084.10009765625,5714.0,3449.658935546875
2001-12-05,5084.6298828125,5084.6298828125,5084.6298828125,5084.6298828125,3810.0,3450.018310546875
2001-12-06,5085.14990234375,5085.14990234375,5085.14990234375,5085.14990234375,19048.0,3450.372314453125
2001-12-07,5085.68017578125,5085.68017578125,5085.68017578125,5085.68017578125,5714.0,3450.732177734375
2001-12-10,5086.2001953125,5086.2001953125,5086.2001953125,5086.2001953125,17143.0,3451.083984375
2001-12-11,5086.72998046875,5086.72998046875,5086.72998046875,5086.72998046875,87619.0,3451.444580078125
2001-12-12,5087.25,5087.25,5087.25,5087.25,3810.0,3451.796875
2001-12-13,5087.77978515625,5087.77978515625,5087.77978515625,5087.77978515625,3810.0,3452.15625
2001-12-14,5088.2998046875,5088.2998046875,5088.2998046875,5088.2998046875,7619.0,3452.508056640625
2001-12-17,5088.830078125,5088.830078125,5088.830078125,5088.830078125,7619.0,3452.86962890625
2001-12-18,5089.8798828125,5089.35009765625,5089.35009765625,5089.35009765625,15238.0,3453.2216796875
2001-12-19,5089.8798828125,5089.8798828125,5089.8798828125,5089.8798828125,5714.0,3453.5810546875
2001-12-20,5090.39990234375,5090.39990234375,5090.39990234375,5090.39990234375,30476.0,3453.934326171875
2001-12-21,5090.93017578125,5090.93017578125,5090.93017578125,5090.93017578125,5714.0,3454.293212890625
2001-12-26,5091.4501953125,5091.4501953125,5091.4501953125,5091.4501953125,5714.0,3454.645751953125
2001-12-27,5091.97998046875,5091.97998046875,5091.97998046875,5091.97998046875,7619.0,3455.00537109375
2001-12-28,5092.5,5092.5,5092.5,5092.5,3810.0,3455.359375
2002-01-02,5775.0,5092.5,5092.5,5092.5,0.0,3455.359375
2002-01-07,5775.0,5094.080078125,5094.080078125,5094.080078125,0.0,3456.43212890625
2002-01-09,5095.64990234375,5095.64990234375,5095.64990234375,5095.64990234375,28571.0,3457.495849609375
2002-01-10,5096.18017578125,5096.18017578125,5096.18017578125,5096.18017578125,7619.0,3457.855712890625
2002-01-11,5096.7001953125,5096.7001953125,5096.7001953125,5096.7001953125,22857.0,3458.209716796875
2002-01-14,5097.75,5097.75,5097.75,5097.75,9524.0,3458.9208984375
2002-01-15,5098.27978515625,5098.27978515625,5098.27978515625,5098.27978515625,9524.0,3459.28076171875
2002-01-16,5098.7998046875,5098.7998046875,5098.7998046875,5098.7998046875,17143.0,3459.63427734375
2002-01-17,5099.330078125,5099.330078125,5099.330078125,5099.330078125,3810.0,3459.992919921875
2002-01-18,5100.3798828125,5100.3798828125,5100.3798828125,5100.3798828125,5714.0,3460.705810546875
2002-01-21,5100.89990234375,5100.89990234375,5100.89990234375,5100.89990234375,3810.0,3461.058837890625
2002-01-22,5101.43017578125,5101.43017578125,5101.43017578125,5101.43017578125,3810.0,3461.418212890625
2002-01-23,5101.9501953125,5101.9501953125,5101.9501953125,5101.9501953125,5714.0,3461.769775390625
2002-01-24,5102.47998046875,5102.47998046875,5102.47998046875,5102.47998046875,1905.0,3462.130126953125
2002-01-28,5103.52978515625,5103.52978515625,5103.52978515625,5103.52978515625,13333.0,3462.84228515625
2002-01-29,5104.0498046875,5104.0498046875,5104.0498046875,5104.0498046875,11429.0,3463.195068359375
2002-01-30,5104.580078125,5104.580078125,5104.580078125,5104.580078125,3810.0,3463.556396484375
2002-01-31,5105.10009765625,5105.10009765625,5105.10009765625,5105.10009765625,5714.0,3463.907958984375
2002-02-01,5106.14990234375,5106.14990234375,5106.14990234375,5106.14990234375,7619.0,3464.620361328125
2002-02-04,5106.68017578125,5106.68017578125,5106.68017578125,5106.68017578125,1905.0,3464.980712890625
2002-02-05,5107.2001953125,5107.2001953125,5107.2001953125,5107.2001953125,3810.0,3465.333251953125
2002-02-06,5107.72998046875,5107.72998046875,5107.72998046875,5107.72998046875,3810.0,3465.692138671875
2002-02-07,5108.25,5108.25,5108.25,5108.25,20952.0,3466.04541015625
2002-02-08,5108.77978515625,5108.77978515625,5108.77978515625,5108.77978515625,1905.0,3466.405029296875
2002-02-14,5110.35009765625,5110.35009765625,5110.35009765625,5110.35009765625,3810.0,3467.470703125
2002-02-15,5110.35009765625,5110.35009765625,5110.35009765625,5110.35009765625,1905.0,3467.470703125
2002-02-19,5110.35009765625,5110.35009765625,5110.35009765625,5110.35009765625,3810.0,3467.470703125
2002-02-20,5110.8798828125,5110.8798828125,5110.8798828125,5110.8798828125,5714.0,3467.83056640625
2002-02-21,5110.8798828125,5110.8798828125,5110.8798828125,5110.8798828125,3810.0,3467.83056640625
2002-02-22,5111.39990234375,5111.39990234375,5111.39990234375,5111.39990234375,13333.0,3468.18359375
2002-02-25,5111.93017578125,5111.93017578125,5111.93017578125,5111.93017578125,3810.0,3468.54296875
2002-02-26,5111.93017578125,5111.93017578125,5111.93017578125,5111.93017578125,3810.0,3468.54296875
2002-02-27,5112.4501953125,5112.4501953125,5112.4501953125,5112.4501953125,3810.0,3468.895263671875
2002-03-01,5112.97998046875,5112.97998046875,5112.97998046875,5112.97998046875,7619.0,3469.254638671875
2002-03-04,5113.5,5113.5,5113.5,5113.5,3810.0,3469.607421875
2002-03-05,5113.5,5113.5,5113.5,5113.5,1905.0,3469.607421875
2002-03-06,5114.02978515625,5114.02978515625,5114.02978515625,5114.02978515625,7619.0,3469.966796875
2002-03-07,5114.5498046875,5114.5498046875,5114.5498046875,5114.5498046875,5714.0,3470.320068359375
2002-03-08,5115.080078125,5115.080078125,5115.080078125,5115.080078125,3810.0,3470.68017578125
2002-03-11,5115.60009765625,5115.60009765625,5115.60009765625,5115.60009765625,3810.0,3471.033447265625
2002-03-12,5116.1298828125,5116.1298828125,5116.1298828125,5116.1298828125,5714.0,3471.392333984375
2002-03-13,5116.1298828125,5116.1298828125,5116.1298828125,5116.1298828125,1905.0,3471.392333984375
2002-03-14,5116.64990234375,5116.64990234375,5116.64990234375,5116.64990234375,5714.0,3471.744873046875
2002-03-19,5118.22998046875,5118.22998046875,5118.22998046875,5118.22998046875,5714.0,3472.81689453125
2002-03-26,4945.5,4939.72998046875,4945.5,4939.72998046875,3810.0,3351.701416015625
2002-03-27,4940.25,4940.25,4940.25,4940.25,3810.0,3352.053955078125
2002-03-28,4941.830078125,4940.77978515625,4941.830078125,4940.77978515625,3810.0,3352.414306640625
2002-04-01,4941.2998046875,4941.2998046875,4941.2998046875,4941.2998046875,3810.0,3352.76708984375
2002-04-02,4941.830078125,4941.830078125,4941.830078125,4941.830078125,1905.0,3353.1259765625
2002-04-03,4942.35009765625,4942.35009765625,4942.35009765625,4942.35009765625,1905.0,3353.47998046875
2002-04-05,4942.8798828125,4942.8798828125,4942.8798828125,4942.8798828125,3810.0,3353.839111328125
2002-04-08,4943.39990234375,4943.39990234375,4943.39990234375,4943.39990234375,1905.0,3354.19189453125
2002-04-09,4943.93017578125,4943.93017578125,4943.93017578125,4943.93017578125,1905.0,3354.551513671875
2002-04-10,4944.4501953125,4944.4501953125,4944.4501953125,4944.4501953125,1905.0,3354.90380859375
2002-04-11,4944.4501953125,4944.4501953125,4944.4501953125,4944.4501953125,1905.0,3354.90380859375
2002-04-12,4944.97998046875,4944.97998046875,4944.97998046875,4944.97998046875,3810.0,3355.264404296875
2002-04-15,4945.5,4945.5,4945.5,4945.5,40000.0,3355.6171875
2002-04-16,4946.02978515625,4946.02978515625,4946.02978515625,4946.02978515625,5714.0,3355.976806640625
2002-04-17,4946.5498046875,4946.5498046875,4946.5498046875,4946.5498046875,1905.0,3356.32861328125
2002-04-22,4948.64990234375,4948.64990234375,4948.64990234375,4948.64990234375,1905.0,3357.753662109375
2002-04-23,4948.1298828125,4948.1298828125,4948.1298828125,4948.1298828125,1905.0,3357.401123046875
2002-04-25,4949.7001953125,4949.7001953125,4949.7001953125,4949.7001953125,1905.0,3358.466552734375
2002-04-26,4949.7001953125,4949.7001953125,4949.7001953125,4949.7001953125,1905.0,3358.466552734375
2002-04-29,6300.0,4950.75,4950.75,4950.75,0.0,3359.17822265625
2002-04-30,4951.27978515625,4950.75,4951.27978515625,4950.75,7619.0,3359.17822265625
2002-05-02,4951.27978515625,4951.27978515625,4951.27978515625,4951.27978515625,2857.0,3359.538818359375
2002-05-03,4951.27978515625,4951.27978515625,4951.27978515625,4951.27978515625,6095.0,3359.538818359375
2002-05-06,4951.7998046875,4951.7998046875,4951.7998046875,4951.7998046875,2857.0,3359.890625
2002-05-07,4952.330078125,4952.330078125,4952.330078125,4952.330078125,4381.0,3360.250244140625
2002-05-08,4952.85009765625,4952.85009765625,4952.85009765625,4952.85009765625,4190.0,3360.6044921875
2002-05-09,4953.3798828125,4953.3798828125,4953.3798828125,4953.3798828125,3238.0,3360.963134765625
2002-05-10,4953.89990234375,4953.89990234375,4953.89990234375,4953.89990234375,2095.0,3361.316162109375
2002-05-13,4954.43017578125,4954.43017578125,4954.43017578125,4954.43017578125,952.0,3361.6748046875
2002-05-14,4955.47998046875,4954.9501953125,4955.47998046875,4954.9501953125,5333.0,3362.028564453125
2002-05-15,4955.47998046875,4955.47998046875,4955.47998046875,4955.47998046875,2476.0,3362.38818359375
2002-05-16,4956.0,4956.0,4956.0,4956.0,7238.0,3362.741455078125
2002-05-17,4957.0498046875,4956.52978515625,4957.0498046875,4956.52978515625,3048.0,3363.099609375
2002-05-20,4957.0498046875,4957.0498046875,4957.0498046875,4957.0498046875,2286.0,3363.453369140625
2002-05-21,4957.0498046875,4957.0498046875,4957.0498046875,4957.0498046875,3048.0,3363.453369140625
2002-05-22,4957.580078125,4957.580078125,4957.580078125,4957.580078125,1905.0,3363.81298828125
2002-05-23,4958.10009765625,4958.10009765625,4958.10009765625,4958.10009765625,5143.0,3364.166748046875
2002-05-24,4958.6298828125,4958.6298828125,4958.6298828125,4958.6298828125,3429.0,3364.52587890625
2002-05-27,4959.14990234375,4959.14990234375,4959.14990234375,4959.14990234375,3429.0,3364.8779296875
2002-05-28,4959.68017578125,4959.68017578125,4959.68017578125,4959.68017578125,29333.0,3365.23828125
2002-05-29,4960.2001953125,4960.2001953125,4960.2001953125,4960.2001953125,4762.0,3365.59130859375
2002-05-31,4961.25,4960.72998046875,4961.25,4960.72998046875,1143.0,3365.949951171875
2002-06-03,4961.25,4961.25,4961.25,4961.25,4381.0,3366.302734375
2002-06-04,4961.25,4961.25,4961.25,4961.25,2095.0,3366.302734375
2002-06-05,4961.77978515625,4961.77978515625,4961.77978515625,4961.77978515625,1143.0,3366.6630859375
2002-06-06,4962.2998046875,4961.77978515625,4961.77978515625,4962.2998046875,3810.0,3367.015625
2002-06-07,4962.830078125,4962.830078125,4962.830078125,4962.830078125,381.0,3367.37548828125
2002-06-10,4963.35009765625,4963.35009765625,4963.35009765625,4963.35009765625,1905.0,3367.72802734375
2002-06-11,4963.8798828125,4963.8798828125,4963.8798828125,4963.8798828125,762.0,3368.087890625
2002-06-12,4964.39990234375,4963.8798828125,4963.8798828125,4964.39990234375,14667.0,3368.43994140625
2002-06-13,4966.5,4964.93017578125,4966.5,4964.93017578125,571.0,3368.7998046875
2002-06-14,4964.93017578125,4964.93017578125,4964.93017578125,4964.93017578125,5714.0,3368.7998046875
2002-06-17,4965.97998046875,4965.4501953125,4965.4501953125,4965.97998046875,952.0,3369.5126953125
2002-06-18,4966.5,4966.5,4966.5,4966.5,952.0,3369.865966796875
2002-06-19,4967.02978515625,4966.5,4967.02978515625,4966.5,6857.0,3369.865966796875
2002-06-20,4967.02978515625,4967.02978515625,4967.02978515625,4967.02978515625,190.0,3370.22509765625
2002-06-21,4967.5498046875,4967.5498046875,4967.5498046875,4967.5498046875,1143.0,3370.578125
2002-06-24,4968.080078125,4968.080078125,4968.080078125,4968.080078125,571.0,3370.93701171875
2002-06-25,4968.080078125,4968.080078125,4968.080078125,4968.080078125,3238.0,3370.93701171875
2002-06-26,4968.60009765625,4968.60009765625,4968.60009765625,4968.60009765625,1143.0,3371.290283203125
2002-06-27,4968.60009765625,4968.60009765625,4968.60009765625,4968.60009765625,2476.0,3371.290283203125
2002-06-28,4969.64990234375,4969.64990234375,4969.64990234375,4969.64990234375,1524.0,3372.00244140625
2002-07-01,4970.18017578125,4970.18017578125,4970.18017578125,4970.18017578125,4000.0,3372.36279296875
2002-07-02,4970.7001953125,4970.7001953125,4970.7001953125,4970.7001953125,16381.0,3372.715576171875
2002-07-03,4971.75,4971.75,4971.75,4971.75,2095.0,3373.42822265625
2002-07-04,4971.75,4971.75,4971.75,4971.75,4000.0,3373.42822265625
2002-07-05,4972.7998046875,4972.7998046875,4972.7998046875,4972.7998046875,5524.0,3374.139892578125
2002-07-08,4973.85009765625,4973.85009765625,4973.85009765625,4973.85009765625,16571.0,3374.852783203125
2002-07-10,4974.89990234375,4974.89990234375,4974.89990234375,4974.89990234375,4571.0,3375.564697265625
2002-07-11,4974.89990234375,4974.89990234375,4974.89990234375,4974.89990234375,571.0,3375.564697265625
2002-07-12,4975.43017578125,4975.43017578125,4975.43017578125,4975.43017578125,58476.0,3375.925048828125
2002-07-15,4976.47998046875,4976.47998046875,4976.47998046875,4976.47998046875,4190.0,3376.637451171875
2002-07-16,4977.0,4977.0,4977.0,4977.0,6476.0,3376.98974609375
2002-07-17,4977.52978515625,4977.52978515625,4977.52978515625,4977.52978515625,6095.0,3377.349853515625
2002-07-18,4978.580078125,4978.580078125,4978.580078125,4978.580078125,2286.0,3378.06201171875
2002-07-19,4978.580078125,4978.580078125,4978.580078125,4978.580078125,571.0,3378.06201171875
2002-07-22,4979.6298828125,4979.6298828125,4979.6298828125,4979.6298828125,2095.0,3378.774169921875
2002-07-23,4979.6298828125,4979.6298828125,4979.6298828125,4979.6298828125,36952.0,3378.774169921875
2002-07-24,4980.68017578125,4980.14990234375,4980.14990234375,4980.68017578125,3810.0,3379.486572265625
2002-07-25,4980.68017578125,4980.68017578125,4980.68017578125,4980.68017578125,762.0,3379.486572265625
2002-07-26,4981.72998046875,4981.72998046875,4981.72998046875,4981.72998046875,2095.0,3380.198974609375
2002-07-29,5146.580078125,5146.580078125,5146.580078125,5146.580078125,381.0,3492.053466796875
2002-07-30,4983.2998046875,4983.2998046875,4983.2998046875,4983.2998046875,762.0,3381.263916015625
2002-07-31,5040.0,5040.0,5040.0,5040.0,952.0,3419.736572265625
2002-08-01,4984.35009765625,4983.830078125,4984.35009765625,4983.830078125,3429.0,3381.625244140625
2002-08-02,5145.52978515625,5040.0,5040.0,5145.52978515625,3810.0,3491.3408203125
2002-08-05,5197.5,4984.8798828125,5197.5,4984.8798828125,2857.0,3382.33642578125
2002-08-06,5198.02978515625,4986.4501953125,4986.4501953125,5040.0,2476.0,3419.736572265625
2002-08-07,5040.0,4987.5,5040.0,4987.5,2476.0,3384.115234375
2002-08-08,5092.5,5092.5,5092.5,5092.5,1143.0,3455.359375
2002-08-09,5086.72998046875,5040.0,5040.0,5040.0,3810.0,3419.736572265625
2002-08-12,4988.02978515625,4988.02978515625,4988.02978515625,4988.02978515625,2476.0,3384.474365234375
2002-08-13,4988.02978515625,4988.02978515625,4988.02978515625,4988.02978515625,2286.0,3384.474365234375
2002-08-14,4989.60009765625,4989.080078125,4989.60009765625,4989.080078125,3238.0,3385.186767578125
2002-08-15,4989.60009765625,4989.60009765625,4989.60009765625,4989.60009765625,2857.0,3385.539306640625
2002-08-16,4990.1298828125,4990.1298828125,4990.1298828125,4990.1298828125,3048.0,3385.89794921875
2002-08-19,4990.1298828125,4990.1298828125,4990.1298828125,4990.1298828125,2476.0,3385.89794921875
2002-08-20,4990.64990234375,4990.64990234375,4990.64990234375,4990.64990234375,3619.0,3386.25146484375
2002-08-21,4992.22998046875,4992.22998046875,4992.22998046875,4992.22998046875,381.0,3387.32421875
2002-08-22,4992.22998046875,4992.22998046875,4992.22998046875,4992.22998046875,0.0,3387.32421875
2002-08-23,4992.75,4992.22998046875,4992.75,4992.22998046875,571.0,3387.32421875
2002-08-26,4993.27978515625,4993.27978515625,4993.27978515625,4993.27978515625,5143.0,3388.035888671875
2002-08-27,5893.1298828125,4993.7998046875,4993.7998046875,4993.7998046875,0.0,3388.38916015625
2002-08-28,4993.7998046875,4993.27978515625,4993.7998046875,4993.7998046875,6476.0,3388.38916015625
2002-08-29,4994.85009765625,4994.85009765625,4994.85009765625,4994.85009765625,571.0,3389.10205078125
2002-08-30,5040.52978515625,5040.52978515625,5040.52978515625,5040.52978515625,762.0,3420.0966796875
2002-09-02,5040.52978515625,5040.0,5040.52978515625,5040.0,762.0,3419.736572265625
2002-09-03,5040.52978515625,4995.89990234375,5040.52978515625,4995.89990234375,2476.0,3389.813720703125
2002-09-04,4996.43017578125,4996.43017578125,4996.43017578125,4996.43017578125,2095.0,3390.1728515625
2002-09-05,4997.47998046875,4996.9501953125,4997.47998046875,4996.9501953125,6286.0,3390.5263671875
2002-09-06,5003.25,4997.47998046875,4997.47998046875,5003.25,9333.0,3394.801513671875
2002-09-09,4998.0,4998.0,4998.0,4998.0,952.0,3391.23828125
2002-09-10,5003.25,4998.52978515625,4999.0498046875,5003.25,3238.0,3394.801513671875
2002-09-11,4999.0498046875,4999.0498046875,4999.0498046875,4999.0498046875,4762.0,3391.951171875
2002-09-12,4999.580078125,4999.580078125,4999.580078125,4999.580078125,6095.0,3392.31103515625
2002-09-13,5000.6298828125,5000.6298828125,5000.6298828125,5000.6298828125,4381.0,3393.02294921875
2002-09-16,5000.6298828125,5000.6298828125,5000.6298828125,5000.6298828125,4190.0,3393.02294921875
2002-09-17,5001.68017578125,5001.14990234375,5001.14990234375,5001.68017578125,5333.0,3393.735107421875
2002-09-18,5002.2001953125,5002.2001953125,5002.2001953125,5002.2001953125,1143.0,3394.08837890625
2002-09-19,5003.25,5002.2001953125,5002.2001953125,5002.72998046875,3429.0,3394.44775390625
2002-09-20,5003.77978515625,5003.77978515625,5003.77978515625,5003.77978515625,5143.0,3395.16064453125
2002-09-23,5003.25,5003.25,5003.25,5003.25,6667.0,3394.801513671875
2002-09-24,5004.830078125,5003.77978515625,5004.830078125,5003.77978515625,2667.0,3395.16064453125
2002-09-25,5004.2998046875,5004.2998046875,5004.2998046875,5004.2998046875,16571.0,3395.513916015625
2002-09-26,5004.830078125,5004.830078125,5004.830078125,5004.830078125,3619.0,3395.873291015625
2002-09-27,5005.35009765625,5005.35009765625,5005.35009765625,5005.35009765625,3429.0,3396.225341796875
2002-09-30,5005.8798828125,5005.8798828125,5005.8798828125,5005.8798828125,2857.0,3396.585205078125
2002-10-01,5006.39990234375,5006.39990234375,5006.39990234375,5006.39990234375,762.0,3396.9384765625
2002-10-02,5006.93017578125,5006.93017578125,5006.93017578125,5006.93017578125,2667.0,3397.29833984375
2002-10-03,5007.4501953125,5007.4501953125,5007.4501953125,5007.4501953125,0.0,3397.651611328125
2002-10-04,5007.97998046875,5007.97998046875,5007.97998046875,5007.97998046875,381.0,3398.010009765625
2002-10-07,5009.02978515625,5009.02978515625,5009.02978515625,5009.02978515625,2095.0,3398.72216796875
2002-10-08,5009.5498046875,5009.5498046875,5009.5498046875,5009.5498046875,190.0,3399.075439453125
2002-10-09,5010.080078125,5010.080078125,5010.080078125,5010.080078125,3238.0,3399.43603515625
2002-10-10,5010.60009765625,5010.60009765625,5010.60009765625,5010.60009765625,2286.0,3399.788330078125
2002-10-11,5012.18017578125,5011.64990234375,5011.64990234375,5012.18017578125,762.0,3400.8603515625
2002-10-14,3339.530029296875,3339.530029296875,3339.530029296875,3339.530029296875,190.0,2265.935546875
2002-10-15,4987.5,3339.530029296875,3339.530029296875,3339.530029296875,0.0,2265.935546875
2002-10-16,4986.97998046875,4986.97998046875,4986.97998046875,4986.97998046875,190.0,3383.761962890625
2002-10-17,4987.5,4725.0,4987.5,4985.39990234375,5714.0,3382.688720703125
2002-10-18,4985.93017578125,3412.5,3412.5,3412.5,0.0,2315.4462890625
2002-10-21,4725.52978515625,4725.52978515625,4725.52978515625,4725.52978515625,1143.0,3206.362548828125
2002-10-22,4568.02978515625,3780.0,4568.02978515625,3990.0,9905.0,2707.291748046875
2002-10-23,4305.0,3990.0,4047.75,4147.5,4571.0,2814.158203125
2002-10-24,4042.5,4042.5,4042.5,4042.5,1524.0,2742.914306640625
2002-10-25,4305.0,4148.02978515625,4305.0,4148.02978515625,1905.0,2814.5185546875
2002-10-28,4150.1298828125,4150.1298828125,4150.1298828125,4150.1298828125,762.0,2815.942626953125
2002-10-29,4253.5498046875,4150.1298828125,4150.1298828125,4253.5498046875,1905.0,2886.115478515625
2002-10-30,5512.5,4281.3798828125,4281.89990234375,5512.5,20190.0,3740.337890625
2002-10-31,5670.0,5093.02978515625,5617.5,5093.02978515625,1714.0,3455.718017578125
2002-11-01,5670.0,5093.5498046875,5093.5498046875,5670.0,1524.0,3847.2041015625
2002-11-04,5670.0,5513.02978515625,5670.0,5513.02978515625,571.0,3740.6953125
2002-11-05,5880.52978515625,5250.0,5250.52978515625,5880.52978515625,1524.0,3990.0517578125
2002-11-06,5775.0,5517.75,5518.27978515625,5775.0,571.0,3918.447509765625
2002-11-07,6037.5,5512.5,5518.27978515625,5512.5,3048.0,3740.337890625
2002-11-08,7350.0,5302.5,5302.5,5302.5,0.0,3597.84765625
2002-11-11,5827.5,5523.0,5523.0,5827.5,2667.0,3954.0703125
2002-11-12,5827.5,5523.52978515625,5775.0,5827.5,2476.0,3954.0703125
2002-11-13,5775.0,5775.0,5775.0,5775.0,2476.0,3918.447509765625
2002-11-14,5775.0,5775.0,5775.0,5775.0,190.0,3918.447509765625
2002-11-18,5775.0,5775.0,5775.0,5775.0,381.0,3918.447509765625
2002-11-19,5880.52978515625,5801.25,5880.52978515625,5801.25,571.0,3936.259521484375
2002-11-20,5801.77978515625,5775.0,5801.77978515625,5775.0,1524.0,3918.447509765625
2002-11-21,5775.0,5775.0,5775.0,5775.0,1905.0,3918.447509765625
2002-11-22,5828.5498046875,5806.5,5806.5,5828.5498046875,1143.0,3954.782470703125
2002-11-25,5832.75,5829.080078125,5829.080078125,5832.75,1524.0,3957.633056640625
2002-11-26,5932.5,5830.1298828125,5830.1298828125,5932.5,1524.0,4025.3154296875
2002-11-27,5932.5,5932.5,5932.5,5932.5,762.0,4025.3154296875
2002-11-28,5932.5,5932.5,5932.5,5932.5,952.0,4025.3154296875
2002-11-29,6300.0,5985.0,5985.0,6300.0,381.0,4274.67041015625
2002-12-02,6405.0,6037.5,6405.0,6037.5,762.0,4096.5595703125
2002-12-03,6038.5498046875,6038.02978515625,6038.02978515625,6038.5498046875,3810.0,4097.2724609375
2002-12-04,6300.0,6038.5498046875,6038.5498046875,6300.0,1524.0,4274.67041015625
2002-12-05,6090.52978515625,6038.02978515625,6090.52978515625,6038.02978515625,1143.0,4096.91943359375
2002-12-06,6300.0,6040.64990234375,6300.0,6040.64990234375,952.0,4098.697265625
2002-12-09,6300.0,6045.3798828125,6045.3798828125,6300.0,2476.0,4274.67041015625
2002-12-10,6300.0,6045.3798828125,6048.0,6045.3798828125,2476.0,4101.90625
2002-12-11,6045.89990234375,6042.75,6042.75,6045.89990234375,571.0,4102.26025390625
2002-12-12,6510.0,6048.52978515625,6300.0,6510.0,2286.0,4417.15869140625
2002-12-13,6510.0,6510.0,6510.0,6510.0,1714.0,4417.15869140625
2002-12-16,6930.0,6562.5,6562.5,6930.0,2857.0,4702.1376953125
2002-12-17,7350.0,6878.02978515625,6878.02978515625,6878.02978515625,0.0,4666.87451171875
2002-12-18,7350.0,6982.5,7035.52978515625,7088.02978515625,14095.0,4809.36328125
2002-12-19,7612.5,7087.5,7087.5,7612.5,762.0,5165.2275390625
2002-12-20,8190.0,7875.0,7875.0,7927.5,2095.0,5378.96044921875
2002-12-23,8006.25,7927.5,7927.5,8006.25,3810.0,5432.39501953125
2002-12-26,7875.0,7875.0,7875.0,7875.0,1905.0,5343.337890625
2002-12-27,8400.0,7980.0,7980.0,8400.0,1143.0,5699.56201171875
2002-12-30,9450.0,8925.0,8925.0,9030.0,762.0,6127.02783203125
2003-01-02,9030.0,9030.0,9030.0,9030.0,571.0,6127.02783203125
2003-01-03,10500.0,9712.5,9712.5,10500.0,1905.0,7124.4501953125
2003-01-06,11812.5,10605.0,10657.5,11812.5,1333.0,8015.00927734375
2003-01-07,13387.5,12127.5,12127.5,12127.5,1714.0,8228.7431640625
2003-01-08,13387.5,12600.0,12600.0,13387.5,762.0,9083.6767578125
2003-01-09,12337.5,12075.0,12337.5,12337.5,2667.0,8371.23046875
2003-01-10,12600.0,12075.0,12600.0,12337.5,7619.0,8371.23046875
2003-01-13,11182.5,10028.0,11182.5,10028.0,1333.0,6804.19091796875
2003-01-14,9607.5,9187.5,9450.0,9607.5,2667.0,6518.8720703125
2003-01-15,8715.0,8715.0,8715.0,8820.0,1143.0,5984.541015625
2003-01-16,9712.5,8925.0,8925.0,9607.5,7429.0,6518.8720703125
2003-01-17,9765.0,8720.25,8720.25,9765.0,2095.0,6625.74072265625
2003-01-20,9240.0,8925.0,9082.5,9187.5,5714.0,6233.89501953125
2003-01-21,9712.5,9449.48046875,9660.0,9450.0,4571.0,6412.005859375
2003-01-22,9450.0,9450.0,9450.0,9450.0,571.0,6412.005859375
2003-01-23,9975.0,9507.75,9975.0,9974.48046875,1143.0,6767.876953125
2003-01-24,9450.5302734375,9450.0,9450.5302734375,9450.5302734375,1333.0,6412.36669921875
2003-01-27,9450.5302734375,9187.5,9187.5,9450.0,1524.0,6412.005859375
2003-01-28,9455.25,9455.25,9455.25,9455.25,381.0,6415.5673828125
2003-01-29,9765.0,9455.25,9455.25,9738.75,1714.0,6607.92822265625
2003-01-30,10027.5,9975.0,9975.0,9975.0,9714.0,6768.23046875
2003-01-31,9975.0,9975.0,9975.0,9975.0,381.0,6768.23046875
2003-02-03,10053.7998046875,9975.0,9975.0,9975.0,1333.0,6768.23046875
2003-02-04,10027.5,9975.0,9975.5302734375,9975.0,2095.0,6768.23046875
2003-02-05,9975.0,9975.0,9975.0,9975.0,1143.0,6768.23046875
2003-02-06,9712.5,9712.5,9712.5,9712.5,762.0,6590.119140625
2003-02-07,9712.5,9712.5,9712.5,9712.5,381.0,6590.119140625
2003-02-10,9712.5,9712.5,9712.5,9712.5,762.0,6590.119140625
2003-02-11,9712.5,9712.5,9712.5,9712.5,1714.0,6590.119140625
2003-02-12,9712.5,9712.5,9712.5,9712.5,762.0,6590.119140625
2003-02-13,10447.5,9450.0,9712.5,9450.0,2857.0,6412.005859375
2003-02-14,9607.5,9450.0,9607.5,9450.0,1905.0,6412.005859375
2003-02-17,9450.0,9345.0,9450.0,9345.0,571.0,6340.7626953125
2003-02-18,9397.5,9187.5,9187.5,9345.0,952.0,6340.7626953125
2003-02-19,9187.5,9187.5,9187.5,9187.5,952.0,6233.89501953125
2003-02-20,8951.25,8925.0,8925.0,8951.25,4571.0,6073.5947265625
2003-02-21,8925.0,8925.0,8925.0,8925.0,762.0,6055.783203125
2003-02-24,8662.5,7875.0,8662.5,7875.0,13143.0,5343.337890625
2003-02-25,7875.0,7140.0,7875.0,7612.5,15810.0,5165.2275390625
2003-02-26,7350.0,7350.0,7350.0,7350.0,2667.0,4987.11572265625
2003-02-27,7350.0,7245.0,7245.0,7350.0,762.0,4987.11572265625
2003-02-28,7350.0,7297.5,7350.0,7297.5,2857.0,4951.49462890625
2003-03-05,7297.5,7297.5,7297.5,7297.5,381.0,4951.49462890625
2003-03-06,7302.75,7302.75,7302.75,7302.75,381.0,4955.05712890625
2003-03-07,7875.0,7350.0,7350.0,7875.0,762.0,5343.337890625
2003-03-10,7875.0,7717.5,7717.5,7875.0,1143.0,5343.337890625
2003-03-11,7980.0,7875.0,7875.0,7980.0,1905.0,5414.58349609375
2003-03-12,8032.5,7953.75,7980.0,8032.5,5143.0,5450.2041015625
2003-03-13,8032.5,7927.5,8032.5,7927.5,952.0,5378.96044921875
2003-03-14,8400.0,7927.5,7927.5,8400.0,5524.0,5699.56201171875
2003-03-17,8925.0,8321.25,8321.25,8925.0,2286.0,6055.783203125
2003-03-18,9712.5,8505.0,8505.0,8820.0,3810.0,5984.541015625
2003-03-19,9450.0,8820.0,8820.0,9450.0,571.0,6412.005859375
2003-03-20,8927.6298828125,8927.6298828125,8927.6298828125,8927.6298828125,2286.0,6057.568359375
2003-03-21,8925.0,8925.0,8925.0,8925.0,1333.0,6055.783203125
2003-03-24,8977.5,8927.6298828125,8927.6298828125,8977.5,952.0,6091.40576171875
2003-03-25,8662.5,8662.5,8662.5,8662.5,190.0,5877.671875
2003-03-26,9712.5,8662.5,8715.0,9712.5,3238.0,6590.119140625
2003-03-27,9450.0,9030.0,9030.0,9450.0,2286.0,6412.005859375
2003-03-28,8925.0,8925.0,8925.0,8925.0,762.0,6055.783203125
2003-03-31,8925.0,8925.0,8925.0,8925.0,952.0,6055.783203125
2003-04-01,8925.0,8925.0,8925.0,8925.0,3429.0,6055.783203125
2003-04-02,9187.5,8925.0,9187.5,8925.0,571.0,6055.783203125
2003-04-03,8977.5,8715.0,8925.0,8977.5,4000.0,6091.40576171875
2003-04-04,8925.0,8925.0,8925.0,8925.0,2095.0,6055.783203125
2003-04-07,8662.5,8400.0,8400.5302734375,8662.5,952.0,5877.671875
2003-04-08,8715.0,8453.0302734375,8453.0302734375,8715.0,571.0,5913.2939453125
2003-04-09,8715.0,8662.5,8662.5,8715.0,2667.0,5913.2939453125
2003-04-10,8715.0,8715.0,8715.0,8715.0,1714.0,5913.2939453125
2003-04-11,8715.0,8715.0,8715.0,8715.0,1143.0,5913.2939453125
2003-04-14,8662.5,8400.0,8662.5,8400.0,2286.0,5699.56201171875
2003-04-15,8410.5,8405.25,8410.5,8405.25,2476.0,5703.12255859375
2003-04-16,8505.0,8400.0,8505.0,8400.0,4000.0,5699.56201171875
2003-04-17,8452.5,8190.0,8452.5,8190.0,4190.0,5557.072265625
2003-04-22,9975.0,8662.5,8662.5,9187.5,19619.0,6233.89501953125
2003-04-23,11025.0,10185.0,10185.0,11025.0,12381.0,7480.67578125
2003-04-24,11025.0,10500.0,11025.0,11025.0,7048.0,7480.67578125
2003-04-25,11812.5,11025.0,11025.0,11550.0,5333.0,7836.89501953125
2003-04-28,12022.5,11602.5,11655.0,12022.5,3619.0,8157.4951171875
2003-04-29,12337.5,11865.0,12075.0,12337.5,3238.0,8371.23046875
2003-04-30,12600.0,11812.5,12600.0,11812.5,1143.0,8015.00927734375
2003-05-02,8977.5,8977.5,8977.5,8977.5,1714.0,6091.40576171875
2003-05-05,10500.0,9030.0,9030.0,10342.5,4190.0,7017.5859375
2003-05-06,9975.0,9975.0,9975.0,9975.0,1714.0,6768.23046875
2003-05-07,10500.0,9502.5,9502.5,9502.5,0.0,6447.6279296875
2003-05-08,10001.2998046875,10001.2998046875,10001.2998046875,10001.2998046875,762.0,6786.072265625
2003-05-09,9975.0,9975.0,9975.0,9975.0,3238.0,6768.23046875
2003-05-12,10237.5,9481.5,9975.0,9481.5,3238.0,6433.3798828125
2003-05-13,9948.75,9555.0,9607.5,9948.75,3048.0,6750.41845703125
2003-05-14,10132.5,9661.0498046875,9975.0,9661.0498046875,8190.0,6555.2080078125
2003-05-15,9662.6298828125,9607.5,9662.6298828125,9607.5,2857.0,6518.8720703125
2003-05-16,9975.0,9460.5,9460.5,9975.0,1333.0,6768.23046875
2003-05-19,10132.5,9465.75,9471.0,10132.5,4952.0,6875.09716796875
2003-05-20,10237.5,9712.5,9712.5,10237.5,4190.0,6946.34130859375
2003-05-21,10500.0,10237.5,10447.5,10237.5,1714.0,6946.34130859375
2003-05-22,10500.0,10237.5,10237.5,10395.0,2095.0,7053.2060546875
2003-05-23,10762.5,10237.5,10237.5,10395.0,3810.0,7053.2060546875
2003-05-26,10290.0,10248.0,10248.0,10290.0,1333.0,6981.962890625
2003-05-27,10762.5,10290.0,10290.0,10731.0,1714.0,7281.1884765625
2003-05-28,10762.5,10501.099609375,10762.5,10762.5,2857.0,7302.5625
2003-05-29,10762.5,10500.0,10762.5,10762.5,7429.0,7302.5625
2003-05-30,10762.5,10290.0,10500.0,10290.0,7810.0,6981.962890625
2003-06-02,10526.2998046875,10368.7998046875,10368.7998046875,10500.0,3429.0,7124.4501953125
2003-06-03,10500.0,10500.0,10500.0,10500.0,11429.0,7124.4501953125
2003-06-04,10500.0,10368.7998046875,10500.0,10500.0,4952.0,7124.4501953125
2003-06-05,10788.7998046875,10500.0,10500.0,10788.7998046875,762.0,7320.4072265625
2003-06-06,10762.5,10500.5,10762.5,10500.5,4381.0,7124.791015625
2003-06-09,11025.0,10500.0,11025.0,10500.0,19048.0,7124.4501953125
2003-06-10,10762.5,10500.0,10500.0,10762.5,7048.0,7302.5625
2003-06-11,10501.099609375,10501.099609375,10501.099609375,10501.099609375,571.0,7125.19775390625
2003-06-12,10552.5,10500.5,10501.099609375,10552.5,762.0,7160.07421875
2003-06-13,11025.0,10763.0,10763.0,10867.5,4952.0,7373.8056640625
2003-06-16,10815.0,10552.5,10762.5,10815.0,3810.0,7338.1865234375
2003-06-17,10815.5,10500.0,10815.5,10500.0,4000.0,7124.4501953125
2003-06-18,10762.5,10501.599609375,10501.599609375,10762.5,571.0,7302.5625
2003-06-20,11025.0,11025.0,11025.0,11025.0,3619.0,7480.67578125
2003-06-23,10605.0,10563.5,10563.5,10605.0,381.0,7195.6953125
2003-06-24,10605.5,10605.5,10605.5,10605.5,190.0,7196.03515625
2003-06-25,10710.5,10710.5,10710.5,10710.5,762.0,7267.279296875
2003-06-26,11025.0,10763.0,10763.0,11025.0,571.0,7480.67578125
2003-06-27,11025.0,10742.0,11025.0,10742.0,762.0,7288.65234375
2003-06-30,10763.599609375,10763.599609375,10763.599609375,10763.599609375,2286.0,7303.30810546875
2003-07-01,10842.2998046875,10842.2998046875,10842.2998046875,10842.2998046875,2667.0,7356.70654296875
2003-07-02,11550.0,11051.2998046875,11051.2998046875,11550.0,3429.0,7836.89501953125
2003-07-03,11235.5,11235.5,11235.5,11235.5,190.0,7623.50439453125
2003-07-04,12311.2998046875,11345.7998046875,11345.7998046875,12285.0,571.0,8335.607421875
2003-07-07,12337.5,12080.7998046875,12311.2998046875,12337.5,4571.0,8371.23046875
2003-07-08,12337.5,11970.0,12285.0,11970.0,2286.0,8121.87255859375
2003-07-10,13125.0,12075.5,13125.0,13125.0,3048.0,8905.5634765625
2003-07-11,12705.0,12075.0,12075.0,12469.2998046875,2095.0,8460.6611328125
2003-07-14,12652.5,12338.0,12338.0,12652.5,762.0,8584.962890625
2003-07-15,13125.0,12600.0,12705.0,12678.7998046875,6286.0,8602.8115234375
2003-07-16,12705.5,12600.0,12600.0,12705.0,1714.0,8620.583984375
2003-07-17,13125.0,12681.900390625,12681.900390625,12757.5,1714.0,8656.20703125
2003-07-18,13650.0,12810.0,12810.0,13650.0,4381.0,9261.78515625
2003-07-21,13650.0,13492.5,13650.0,13492.5,1143.0,9154.91796875
2003-07-22,13387.5,12968.0,13282.5,13387.5,3429.0,9083.6767578125
2003-07-23,13650.0,13440.5,13440.5,13650.0,1524.0,9261.78515625
2003-07-24,13650.0,12600.0,13650.0,13073.0,3048.0,8870.2802734375
2003-07-25,13125.0,12736.5,13125.0,12757.5,2095.0,8656.20703125
2003-07-28,12757.5,12080.7998046875,12757.5,12337.5,2476.0,8371.23046875
2003-07-29,12075.5,11996.2998046875,12075.5,11996.2998046875,952.0,8139.7177734375
2003-07-30,12337.5,12075.0,12075.0,12337.5,3619.0,8371.23046875
2003-07-31,12547.5,12128.0,12128.0,12547.5,952.0,8513.71875
2003-08-01,12127.5,12022.5,12127.5,12022.5,7619.0,8157.4951171875
2003-08-04,118125.0,11550.5,118125.0,11550.5,11429.0,7837.23681640625
2003-08-05,11340.5,11340.5,11340.5,11340.5,9524.0,7694.74658203125
2003-08-06,11025.0,11004.0,11004.0,11025.0,1333.0,7480.67578125
2003-08-07,11287.5,10742.0,10762.5,11287.5,1143.0,7658.78369140625
2003-08-08,12600.0,11655.0,11655.0,11813.0,8762.0,8015.34814453125
2003-08-11,12337.5,12075.0,12075.0,12337.5,1905.0,8371.23046875
2003-08-12,12600.0,12232.5,12600.0,12232.5,2857.0,8299.984375
2003-08-13,11867.599609375,11867.599609375,11867.599609375,11867.599609375,2095.0,8052.3935546875
2003-08-14,12600.0,11550.5,11550.5,11550.5,0.0,7837.23681640625
2003-08-15,12075.0,11812.5,11812.5,12075.0,1714.0,8193.119140625
2003-08-18,12285.0,12075.0,12075.0,12285.0,3048.0,8335.607421875
2003-08-19,12600.0,11918.0,11918.0,12600.0,762.0,8549.3408203125
2003-08-20,12600.0,12232.5,12599.5,12232.5,2476.0,8299.984375
2003-08-21,12075.0,11891.2998046875,11891.2998046875,12075.0,1714.0,8193.119140625
2003-08-22,12232.5,11891.2998046875,12232.5,12232.5,2095.0,8299.984375
2003-08-25,13124.5,11891.7998046875,11891.7998046875,13124.5,952.0,8905.224609375
2003-08-26,12547.5,12128.599609375,12128.599609375,12547.5,2286.0,8513.71875
2003-08-27,12075.0,11812.5,11812.5,11917.5,1333.0,8086.25341796875
2003-08-28,13125.0,12128.0,12337.5,12495.0,2476.0,8478.09765625
2003-08-29,12495.0,12127.5,12495.0,12337.5,952.0,8371.23046875
2003-09-01,12862.5,11970.0,11970.0,12862.5,1143.0,8727.4521484375
2003-09-02,12862.5,12862.5,12862.5,12862.5,190.0,8727.4521484375
2003-09-03,13125.0,12915.0,13125.0,12915.0,2286.0,8763.072265625
2003-09-04,12915.0,12547.5,12915.0,12547.5,1714.0,8513.71875
2003-09-05,12705.0,12180.5,12180.5,12495.0,1524.0,8478.09765625
2003-09-08,12495.0,12075.0,12495.0,12338.0,1333.0,8371.5712890625
2003-09-09,12075.5,11718.0,12075.5,11812.5,1143.0,8015.00927734375
2003-09-10,12600.0,12600.0,12600.0,12600.0,2667.0,8549.3408203125
2003-09-11,12075.0,11760.5,11865.0,12075.0,10667.0,8193.119140625
2003-09-12,12337.5,11712.7998046875,11715.400390625,12075.0,1714.0,8193.119140625
2003-09-15,12075.0,11839.2998046875,12075.0,11839.2998046875,381.0,8033.19287109375
2003-09-16,11870.7998046875,11868.2001953125,11868.2001953125,11870.2998046875,1524.0,8054.22509765625
2003-09-17,12337.5,12075.0,12337.5,12075.0,1714.0,8193.119140625
2003-09-18,12390.0,12337.0,12337.0,12390.0,7810.0,8406.8544921875
2003-09-19,12337.5,11880.7998046875,12075.0,11880.7998046875,10095.0,8061.34912109375
2003-09-22,12075.5,12075.0,12075.0,12075.5,2095.0,8193.458984375
2003-09-23,11715.400390625,11715.400390625,11715.400390625,11715.400390625,190.0,7949.12353515625
2003-09-24,11812.5,11765.2998046875,11765.2998046875,11812.5,1143.0,8015.00927734375
2003-09-25,11550.5,11550.0,11550.5,11550.0,1524.0,7836.89501953125
2003-09-26,11445.5,11445.5,11445.5,11445.5,190.0,7765.99267578125
2003-09-29,11550.5,11550.0,11550.0,11550.5,952.0,7837.23681640625
2003-09-30,12075.0,11718.0,12075.0,11970.0,1333.0,8121.87255859375
2003-10-01,12337.5,11970.0,11970.0,12128.0,1524.0,8229.078125
2003-10-02,12337.5,12285.0,12285.0,12337.5,1143.0,8371.23046875
2003-10-03,12153.7998046875,11655.5,12075.0,11655.5,3238.0,7908.47998046875
2003-10-06,12022.5,11812.5,11812.5,11996.7998046875,1714.0,8140.05712890625
2003-10-07,12075.0,11996.2998046875,12075.0,12022.5,2857.0,8157.4951171875
2003-10-08,12285.0,12061.900390625,12061.900390625,12075.5,2667.0,8193.458984375
2003-10-09,12600.0,12075.0,12075.0,12337.5,4000.0,8371.23046875
2003-10-10,12600.0,12075.5,12075.5,12600.0,381.0,8549.3408203125
2003-10-13,12862.5,12600.5,12600.5,12862.5,1524.0,8727.4521484375
2003-10-14,13125.0,12600.0,12757.5,13125.0,1714.0,8905.5634765625
2003-10-15,12600.5,12600.0,12600.0,12600.5,571.0,8549.6796875
2003-10-16,12862.5,12705.0,12705.0,12862.5,1143.0,8727.4521484375
2003-10-17,12653.0,12653.0,12653.0,12653.0,571.0,8585.302734375
2003-10-20,13387.5,12479.2998046875,12862.5,13387.5,13714.0,9083.6767578125
2003-10-21,13597.5,12988.5,12988.5,13597.5,4571.0,9226.1611328125
2003-10-22,13193.2998046875,13193.2998046875,13193.2998046875,13193.2998046875,381.0,8951.908203125
2003-10-23,12972.7998046875,12920.7998046875,12920.7998046875,12972.7998046875,2095.0,8802.2939453125
2003-10-24,12920.2998046875,12915.5,12916.099609375,12916.099609375,1333.0,8763.8193359375
2003-10-27,12916.599609375,12916.599609375,12916.599609375,12916.599609375,190.0,8764.16015625
2003-10-28,12862.5,12075.0,12600.0,12285.0,10857.0,8335.607421875
2003-10-29,12285.0,12075.0,12075.5,12075.0,1524.0,8193.119140625
2003-10-30,11865.5,11287.5,11865.5,11287.5,9905.0,7658.78369140625
2003-10-31,12074.5,11812.5,12074.5,11812.5,571.0,8015.00927734375
2003-11-03,11550.0,11288.0,11550.0,11550.0,4190.0,7836.89501953125
2003-11-04,11550.5,11314.7998046875,11550.5,11340.0,762.0,7694.408203125
2003-11-05,11366.2998046875,11006.599609375,11347.900390625,11366.2998046875,3238.0,7712.2509765625
2003-11-06,11366.7998046875,11355.7998046875,11366.7998046875,11355.7998046875,762.0,7705.12841796875
2003-11-07,11786.2998046875,11288.0,11368.900390625,11786.2998046875,1524.0,7997.23193359375
2003-11-10,11287.5,11025.5,11287.5,11025.5,3810.0,7481.01611328125
2003-11-11,11287.5,10767.2001953125,10767.2001953125,11287.5,1143.0,7658.78369140625
2003-11-12,11287.5,10951.5,10951.5,11287.5,762.0,7658.78369140625
2003-11-13,11550.0,11550.0,11550.0,11550.0,571.0,7836.89501953125
2003-11-14,12075.0,11760.0,11760.0,12075.0,1905.0,8193.119140625
2003-11-17,12074.5,11460.7998046875,11812.5,12074.5,1143.0,8192.7802734375
2003-11-18,11298.0,11182.5,11182.5,11298.0,1714.0,7665.91015625
2003-11-19,11340.0,11306.900390625,11313.7998046875,11340.0,2095.0,7694.408203125
2003-11-20,11707.5,11550.0,11550.0,11550.0,2476.0,7836.89501953125
2003-11-21,11550.0,11340.0,11550.0,11392.5,3619.0,7730.03173828125
2003-11-24,11733.7998046875,11392.5,11392.5,11733.7998046875,1143.0,7961.60888671875
2003-11-25,11384.599609375,11287.5,11384.599609375,11292.7998046875,1905.0,7662.3818359375
2003-11-26,11550.0,11292.7998046875,11292.7998046875,11340.5,762.0,7694.74658203125
2003-11-27,11445.0,11287.5,11445.0,11288.0,1143.0,7659.12548828125
2003-11-28,11550.0,11550.0,11550.0,11550.0,2095.0,7836.89501953125
2003-12-01,11576.2998046875,11340.5,11576.2998046875,11340.5,1714.0,7694.74658203125
2003-12-02,11550.0,11550.0,11550.0,11550.0,571.0,7836.89501953125
2003-12-03,11550.5,11550.0,11550.0,11550.0,4000.0,7836.89501953125
2003-12-04,11288.599609375,11288.599609375,11288.599609375,11288.599609375,381.0,7659.5283203125
2003-12-05,11550.0,11288.0,11550.0,11288.0,1714.0,7659.12548828125
2003-12-08,12311.2998046875,11445.0,11445.0,11445.0,0.0,7765.65283203125
2003-12-09,11550.0,11550.0,11550.0,11550.0,190.0,7836.89501953125
2003-12-10,11550.5,11445.0,11445.0,11550.5,952.0,7837.23681640625
2003-12-11,11812.0,11445.0,11812.0,11445.0,1905.0,7765.65283203125
2003-12-12,11859.2001953125,11025.0,11859.2001953125,11628.7998046875,1905.0,7890.36328125
2003-12-15,11628.7998046875,11282.2998046875,11628.7998046875,11282.2998046875,952.0,7655.25830078125
2003-12-16,11077.5,11027.099609375,11027.099609375,11077.5,952.0,7516.29736328125
2003-12-17,11550.0,10920.5,10920.5,11550.0,2286.0,7836.89501953125
2003-12-18,11550.0,11135.2998046875,11206.099609375,11550.0,1714.0,7836.89501953125
2003-12-19,11781.0,11429.2998046875,11781.0,11429.2998046875,1333.0,7754.998046875
2003-12-22,11313.7998046875,11182.5,11182.5,11313.7998046875,381.0,7676.630859375
2003-12-23,11812.5,11392.5,11392.5,11812.5,2667.0,8015.00927734375
2003-12-26,11392.5,11392.5,11392.5,11392.5,190.0,7730.03173828125
2003-12-29,11550.0,11550.0,11550.0,11550.0,571.0,7836.89501953125
2003-12-30,11812.5,11812.5,11812.5,11812.5,571.0,8015.00927734375
2004-01-02,12075.0,11445.0,11812.5,12075.0,4762.0,8193.119140625
2004-01-05,12075.0,11715.400390625,11715.400390625,12075.0,6095.0,8193.119140625
2004-01-06,12390.0,11970.5,12075.0,12390.0,3619.0,8406.8544921875
2004-01-07,12022.5,11865.0,12022.5,11917.5,4000.0,8086.25341796875
2004-01-08,12342.7998046875,12337.0,12340.099609375,12342.7998046875,3048.0,8374.8271484375
2004-01-09,12600.0,12442.5,12442.5,12600.0,1143.0,8549.3408203125
2004-01-12,13387.5,12705.0,12705.0,13072.5,2857.0,8869.943359375
2004-01-13,12681.900390625,12681.400390625,12681.900390625,12681.900390625,1143.0,8604.9130859375
2004-01-14,12363.7998046875,11970.0,12363.7998046875,12332.2998046875,2857.0,8367.7001953125
2004-01-15,11865.5,11865.5,11865.5,11865.5,381.0,8050.96875
2004-01-16,12075.0,11707.5,11891.2998046875,12075.0,2286.0,8193.119140625
2004-01-19,12337.5,12075.5,12075.5,12337.5,381.0,8371.23046875
2004-01-20,12862.5,12023.599609375,12337.5,12862.5,1333.0,8727.4521484375
2004-01-21,12101.2998046875,12101.2998046875,12101.2998046875,12101.2998046875,190.0,8210.962890625
2004-01-22,12101.2998046875,11917.5,11918.0,12101.2998046875,762.0,8210.962890625
2004-01-23,11891.7998046875,11891.7998046875,11891.7998046875,11891.7998046875,381.0,8068.81298828125
2004-01-26,12390.0,11876.0,12075.0,12390.0,2667.0,8406.8544921875
2004-01-27,12652.5,12022.5,12652.0,12547.5,12762.0,8513.71875
2004-01-28,12080.2998046875,12075.0,12075.0,12080.2998046875,3810.0,8196.7158203125
2004-01-29,12127.5,11892.2998046875,12127.5,11892.2998046875,762.0,8069.1533203125
2004-01-30,11917.5,11550.0,11917.5,11555.7998046875,762.0,7840.8310546875
2004-02-02,12022.5,11446.099609375,11446.099609375,12022.5,4190.0,8157.4951171875
2004-02-03,12337.5,12075.0,12337.5,12075.0,381.0,8193.119140625
2004-02-04,11865.0,11715.400390625,11715.400390625,11865.0,571.0,8050.630859375
2004-02-05,11602.5,11550.0,11602.5,11551.099609375,1524.0,7837.64404296875
2004-02-06,11812.5,11550.5,11550.5,11812.5,1143.0,8015.00927734375
2004-02-09,12337.5,11603.0,11603.0,12337.5,4190.0,8371.23046875
2004-02-10,12337.0,12075.0,12075.0,12180.0,1714.0,8264.3623046875
2004-02-11,12075.0,11880.7998046875,11880.7998046875,12075.0,571.0,8193.119140625
2004-02-12,12705.0,12076.099609375,12076.099609375,12337.5,4762.0,8371.23046875
2004-02-13,12232.5,12232.5,12232.5,12232.5,190.0,8299.984375
2004-02-16,12092.900390625,12092.900390625,12092.900390625,12092.900390625,190.0,8205.263671875
2004-02-17,12652.5,12092.2998046875,12092.2998046875,12547.5,1524.0,8513.71875
2004-02-18,12337.5,12180.0,12180.0,12232.5,2667.0,8299.984375
2004-02-19,12308.099609375,12075.5,12233.0,12075.5,1333.0,8193.458984375
2004-02-20,12022.5,11760.0,11760.0,12022.5,1905.0,8157.4951171875
2004-02-25,11865.0,11712.7998046875,11865.0,11723.2998046875,571.0,7954.4833984375
2004-02-26,13632.2001953125,13632.2001953125,13632.2001953125,13632.2001953125,0.0,9249.708984375
2004-02-27,12337.0,12232.5,12232.5,12337.0,3619.0,8370.890625
2004-03-01,12337.0,12258.7998046875,12334.900390625,12337.0,2286.0,8370.890625
2004-03-02,12600.0,12600.0,12600.0,12600.0,381.0,8549.3408203125
2004-03-03,12600.0,12600.0,12600.0,12600.0,762.0,8549.3408203125
2004-03-04,12600.0,12600.0,12600.0,12600.0,381.0,8549.3408203125
2004-03-05,12600.0,12600.0,12600.0,12600.0,571.0,8549.3408203125
2004-03-08,12757.5,12376.900390625,12757.5,12376.900390625,1143.0,8397.96484375
2004-03-09,12547.5,12075.5,12075.5,12337.5,1524.0,8371.23046875
2004-03-10,12337.5,11970.0,11970.0,12075.0,7429.0,8193.119140625
2004-03-11,11786.2998046875,11718.0,11718.0,11786.2998046875,381.0,7997.23193359375
2004-03-12,12127.5,11550.5,11550.5,12127.5,571.0,8228.7431640625
2004-03-15,11765.2998046875,11603.0,11765.2998046875,11603.0,1524.0,7872.859375
2004-03-16,12179.5,11708.0,11708.0,12179.5,1524.0,8264.0224609375
2004-03-17,11817.7998046875,11760.0,11817.7998046875,11812.5,2095.0,8015.00927734375
2004-03-18,12075.0,11734.2998046875,11865.0,12075.0,3810.0,8193.119140625
2004-03-19,12180.0,11917.5,12023.0,12180.0,2286.0,8264.3623046875
2004-03-22,11817.7998046875,11817.7998046875,11817.7998046875,11817.7998046875,381.0,8018.603515625
2004-03-23,11681.2998046875,11655.0,11681.2998046875,11655.0,1333.0,7908.140625
2004-03-24,11697.5,11666.0,11666.0,11697.5,3048.0,7936.97607421875
2004-03-25,12232.5,11813.0,11813.0,12180.0,4381.0,8264.3623046875
2004-03-26,11970.5,11970.5,11970.5,11970.5,571.0,8122.2109375
2004-03-29,12075.0,12075.0,12075.0,12075.0,190.0,8193.119140625
2004-03-30,12600.0,11715.400390625,11715.400390625,12600.0,952.0,8549.3408203125
2004-03-31,12699.7998046875,12232.5,12232.5,12699.7998046875,952.0,8617.0595703125
2004-04-01,12338.0,11707.5,11707.5,12338.0,3048.0,8371.5712890625
2004-04-02,12836.7998046875,12184.7001953125,12184.7001953125,12836.7998046875,2667.0,8710.015625
2004-04-05,12862.5,12479.2998046875,12862.5,12600.0,952.0,8549.3408203125
2004-04-06,12862.5,12862.5,12862.5,12862.5,952.0,8727.4521484375
2004-04-07,12862.5,12862.5,12862.5,12862.5,1143.0,8727.4521484375
2004-04-08,13125.0,12180.0,12180.0,12180.0,0.0,8264.3623046875
2004-04-12,12600.0,12600.0,12600.0,12600.0,571.0,8549.3408203125
2004-04-13,12232.5,12232.5,12232.5,12232.5,190.0,8299.984375
2004-04-14,12180.5,12180.5,12180.5,12180.5,762.0,8264.7041015625
2004-04-15,12600.0,11812.5,12600.0,11812.5,2095.0,8015.00927734375
2004-04-16,12705.0,12023.0,12023.0,12705.0,762.0,8620.583984375
2004-04-19,12967.5,12337.5,12337.5,12337.5,0.0,8371.23046875
2004-04-20,12442.5,12327.0,12327.0,12442.5,3238.0,8442.47265625
2004-04-22,12547.5,12416.2998046875,12416.2998046875,12547.5,5143.0,8513.71875
2004-04-26,12285.5,12285.5,12285.5,12285.5,571.0,8335.9462890625
2004-04-27,12285.5,12285.0,12285.5,12285.0,1333.0,8335.607421875
2004-04-28,12180.5,12180.0,12180.5,12180.0,571.0,8264.3623046875
2004-04-29,12022.5,11550.0,11655.0,12022.5,2476.0,8157.4951171875
2004-04-30,11812.5,11812.5,11812.5,11812.5,1143.0,8015.00927734375
2004-05-03,11287.0,11025.0,11287.0,11025.0,381.0,7480.67578125
2004-05-04,10763.0,10552.5,10605.0,10762.5,4571.0,7302.5625
2004-05-05,10762.5,10395.0,10762.5,10395.0,4190.0,7053.2060546875
2004-05-06,10500.0,10395.0,10395.0,10494.7998046875,4000.0,7120.921875
2004-05-07,10494.7998046875,9922.5,10494.7998046875,9922.5,2476.0,6732.60546875
2004-05-10,9628.5,9450.0,9628.5,9450.0,762.0,6412.005859375
2004-05-11,9607.5,9187.5,9607.5,9555.0,4190.0,6483.251953125
2004-05-12,9292.5,9292.5,9292.5,9292.5,190.0,6305.13916015625
2004-05-13,9397.5,9187.5,9293.0302734375,9187.5,1333.0,6233.89501953125
2004-05-14,9450.0,9187.5,9187.5,9450.0,3238.0,6412.005859375
2004-05-17,9188.0302734375,8981.1796875,9188.0302734375,8981.1796875,1333.0,6093.90380859375
2004-05-18,9135.5302734375,9135.5302734375,9135.5302734375,9135.5302734375,190.0,6198.6328125
2004-05-19,9293.0302734375,9292.5,9293.0302734375,9292.5,952.0,6305.13916015625
2004-05-20,9293.0302734375,9293.0302734375,9293.0302734375,9293.0302734375,762.0,6305.49951171875
2004-05-21,9298.2802734375,9187.5,9298.2802734375,9187.5,762.0,6233.89501953125
2004-05-24,9292.5,9166.5,9166.5,9292.5,1143.0,6305.13916015625
2004-05-25,9958.73046875,9030.5302734375,9030.5302734375,9958.73046875,1143.0,6757.1904296875
2004-05-26,9712.5,9187.5,9712.5,9187.5,1714.0,6233.89501953125
2004-05-27,9607.5,9450.5302734375,9607.5,9450.5302734375,762.0,6412.36669921875
2004-05-28,9555.0,9450.0,9555.0,9450.0,2095.0,6412.005859375
2004-05-31,9450.5302734375,9450.5302734375,9450.5302734375,9450.5302734375,952.0,6412.36669921875
2004-06-01,9244.2001953125,9244.2001953125,9244.2001953125,9244.2001953125,571.0,6272.36572265625
2004-06-02,9292.5,9192.75,9292.5,9192.75,2286.0,6237.45849609375
2004-06-03,9345.0,9345.0,9345.0,9345.0,1905.0,6340.7626953125
2004-06-04,9188.0302734375,9188.0302734375,9188.0302734375,9188.0302734375,571.0,6234.25341796875
2004-06-07,9450.0,9450.0,9450.0,9450.0,1333.0,6412.005859375
2004-06-08,9555.0,9450.0,9555.0,9450.0,952.0,6412.005859375
2004-06-09,9450.0,9345.0,9347.099609375,9450.0,1333.0,6412.005859375
2004-06-11,9502.5,9450.0,9450.0,9502.5,952.0,6447.6279296875
2004-06-14,9502.5,9219.0,9502.5,9219.0,1524.0,6255.267578125
2004-06-15,9242.099609375,9242.099609375,9242.099609375,9242.099609375,190.0,6270.9423828125
2004-06-16,9607.5,9293.0302734375,9293.0302734375,9293.0302734375,0.0,6305.49951171875
2004-06-17,9319.2802734375,9292.5,9293.0302734375,9319.2802734375,1333.0,6323.310546875
2004-06-18,9320.330078125,9319.2802734375,9320.330078125,9319.2802734375,381.0,6323.310546875
2004-06-21,9345.0,9188.0302734375,9345.0,9240.0,2095.0,6269.51904296875
2004-06-22,9293.0302734375,9245.25,9293.0302734375,9292.5,1524.0,6305.13916015625
2004-06-23,9476.25,9266.7802734375,9476.25,9423.75,1714.0,6394.19482421875
2004-06-24,9293.0302734375,9292.5,9293.0302734375,9292.5,1143.0,6305.13916015625
2004-06-25,9450.0,9293.0302734375,9450.0,9297.75,4190.0,6308.70166015625
2004-06-28,9712.5,9345.0,9345.0,9450.5302734375,3619.0,6412.36669921875
2004-06-29,9870.0,9423.75,9555.0,9870.0,3238.0,6696.984375
2004-06-30,9870.0,9581.25,9870.0,9581.25,762.0,6501.06103515625
2004-07-01,9555.5302734375,9450.0,9555.0,9450.0,4381.0,6412.005859375
2004-07-02,9712.5,9450.5302734375,9712.5,9450.5302734375,1524.0,6412.36669921875
2004-07-05,9711.98046875,9451.0498046875,9711.98046875,9451.580078125,1333.0,6413.07861328125
2004-07-06,9660.0,9555.0,9660.0,9555.0,952.0,6483.251953125
2004-07-07,10500.0,9712.5,9712.5,10500.0,762.0,7124.4501953125
2004-07-08,10395.0,9712.5,9712.5,10395.0,381.0,7053.2060546875
2004-07-12,10090.5,10090.5,10090.5,10090.5,190.0,6846.59765625
2004-07-13,9791.25,9791.25,9791.25,9791.25,190.0,6643.55029296875
2004-07-14,9791.7802734375,9791.7802734375,9791.7802734375,9791.7802734375,381.0,6643.91064453125
2004-07-15,9975.5302734375,9975.5302734375,9975.5302734375,9975.5302734375,190.0,6768.5888671875
2004-07-16,10500.0,10395.0,10395.0,10500.0,2095.0,7124.4501953125
2004-07-19,10909.0,10909.0,10909.0,10909.0,190.0,7401.96630859375
2004-07-20,11025.0,10920.5,11025.0,10920.5,762.0,7409.7685546875
2004-07-21,11025.0,10815.5,11025.0,10815.5,1333.0,7338.5263671875
2004-07-22,10815.5,10815.5,10815.5,10815.5,190.0,7338.5263671875
2004-07-23,10605.0,10290.5,10500.0,10290.5,952.0,6982.2998046875
2004-07-26,9985.5,9985.5,9985.5,9985.5,381.0,6775.35302734375
2004-07-27,11025.0,10442.2998046875,11025.0,10442.2998046875,762.0,7085.30029296875
2004-07-28,10500.0,10442.2998046875,10442.2998046875,10500.0,762.0,7124.4501953125
2004-07-29,11025.0,10699.5,10867.5,10699.5,2286.0,7259.8154296875
2004-07-30,11025.0,10710.5,11025.0,10710.5,952.0,7267.279296875
2004-08-02,10710.0,10605.0,10607.599609375,10710.0,571.0,7266.94140625
2004-08-03,10710.5,10710.5,10710.5,10710.5,571.0,7267.279296875
2004-08-04,10763.0,10763.0,10763.0,10763.0,190.0,7302.900390625
2004-08-05,10710.0,10710.0,10710.0,10710.0,1333.0,7266.94140625
2004-08-06,10710.0,10132.5,10132.5,10132.5,0.0,6875.09716796875
2004-08-09,11025.0,10972.5,11025.0,10972.5,952.0,7445.05322265625
2004-08-10,10972.5,10972.5,10972.5,10972.5,571.0,7445.05322265625
2004-08-11,11182.5,10972.5,10972.5,11182.5,2667.0,7587.54150390625
2004-08-12,11025.0,10849.099609375,10849.099609375,11025.0,1905.0,7480.67578125
2004-08-13,11261.2998046875,11025.0,11261.2998046875,11025.0,1333.0,7480.67578125
2004-08-16,11286.5,10699.5,10699.5,11286.5,381.0,7658.10498046875
2004-08-17,11287.5,10867.5,10920.0,11077.5,9714.0,7516.29736328125
2004-08-18,11208.7998046875,10893.7998046875,11208.7998046875,10893.7998046875,9333.0,7391.65380859375
2004-08-19,11550.0,11287.5,11287.5,11313.7998046875,15619.0,7676.630859375
2004-08-20,11655.0,11288.0,11340.0,11655.0,5143.0,7908.140625
2004-08-23,12075.0,11602.5,11809.900390625,12075.0,5143.0,8193.119140625
2004-08-24,12206.2998046875,12180.0,12180.0,12206.2998046875,2857.0,8282.2080078125
2004-08-25,12337.5,11550.0,11550.0,12180.0,3238.0,8264.3623046875
2004-08-26,11865.0,11812.5,11817.7998046875,11812.5,762.0,8015.00927734375
2004-08-27,11550.5,11550.5,11550.5,11550.5,381.0,7837.23681640625
2004-08-30,11865.0,11550.5,11550.5,11813.0,11429.0,8015.34814453125
2004-08-31,12075.0,11812.5,12075.0,11812.5,1333.0,8015.00927734375
2004-09-01,12075.0,11768.400390625,11768.400390625,12075.0,1143.0,8193.119140625
2004-09-02,12075.0,11602.5,12075.0,11603.0,1143.0,7872.859375
2004-09-03,11812.5,11550.0,11812.5,11812.5,5905.0,8015.00927734375
2004-09-06,11891.2998046875,11891.2998046875,11891.2998046875,11891.2998046875,762.0,8068.47509765625
2004-09-08,11813.0,11813.0,11813.0,11813.0,571.0,8015.34814453125
2004-09-09,12075.5,11917.5,11917.5,12075.0,4762.0,8193.119140625
2004-09-10,11975.7998046875,11812.5,11812.5,11975.7998046875,1333.0,8125.81201171875
2004-09-13,12075.5,12075.0,12075.0,12075.0,3810.0,8193.119140625
2004-09-14,12180.0,12130.7001953125,12180.0,12130.7001953125,571.0,8230.916015625
2004-09-15,12128.0,12127.5,12128.0,12127.5,762.0,8228.7431640625
2004-09-16,12128.0,12128.0,12128.0,12128.0,190.0,8229.078125
2004-09-17,12075.5,12075.0,12075.5,12075.0,1333.0,8193.119140625
2004-09-20,12227.2998046875,11862.400390625,12227.2998046875,12127.5,952.0,8228.7431640625
2004-09-21,12547.5,12332.2998046875,12332.2998046875,12547.5,6095.0,8513.71875
2004-09-22,12652.5,12626.2998046875,12626.2998046875,12652.5,571.0,8584.962890625
2004-09-23,12652.5,12180.0,12180.0,12180.0,0.0,8264.3623046875
2004-09-24,12274.5,12274.5,12274.5,12274.5,1905.0,8328.484375
2004-09-27,12337.5,12337.5,12337.5,12337.5,381.0,8371.23046875
2004-09-28,12391.099609375,12390.5,12390.5,12391.099609375,381.0,8407.5966796875
2004-09-29,12862.5,12391.099609375,12652.5,12391.099609375,3810.0,8407.5966796875
2004-09-30,12442.5,12395.7998046875,12395.7998046875,12442.5,1714.0,8442.47265625
2004-10-01,12398.400390625,12398.400390625,12398.400390625,12398.400390625,381.0,8412.552734375
2004-10-04,12468.7998046875,12443.0,12443.0,12468.7998046875,762.0,8460.3193359375
2004-10-05,12443.0,12442.5,12443.0,12442.5,381.0,8442.47265625
2004-10-06,12600.0,12443.0,12443.0,12600.0,762.0,8549.3408203125
2004-10-07,12444.099609375,12444.099609375,12444.099609375,12444.099609375,381.0,8443.5615234375
2004-10-08,12443.0,12442.5,12442.5,12443.0,571.0,8442.8125
2004-10-11,12455.599609375,12442.5,12442.5,12455.599609375,952.0,8451.3623046875
2004-10-13,12600.0,12442.5,12442.5,12600.0,9905.0,8549.3408203125
2004-10-14,12443.0,12443.0,12443.0,12443.0,190.0,8442.8125
2004-10-15,12443.0,12443.0,12443.0,12443.0,571.0,8442.8125
2004-10-18,12495.0,12443.599609375,12443.599609375,12495.0,571.0,8478.09765625
2004-10-19,12443.599609375,12443.599609375,12443.599609375,12443.599609375,952.0,8443.21875
2004-10-20,12443.599609375,12443.0,12443.599609375,12443.0,571.0,8442.8125
2004-10-21,12547.0,12495.5,12495.5,12547.0,381.0,8513.380859375
2004-10-22,12705.0,12479.7998046875,12479.7998046875,12705.0,381.0,8620.583984375
2004-10-25,12600.0,12495.0,12600.0,12495.0,571.0,8478.09765625
2004-10-26,12857.2998046875,12443.0,12443.0,12495.5,7238.0,8478.439453125
2004-10-27,12495.5,12442.5,12442.5,12495.5,381.0,8478.439453125
2004-10-28,12500.7998046875,12500.7998046875,12500.7998046875,12500.7998046875,1333.0,8482.0302734375
2004-10-29,12600.0,12495.0,12495.5,12600.0,2095.0,8549.3408203125
2004-11-01,12810.0,12652.5,12652.5,12652.5,0.0,8584.962890625
2004-11-03,12705.0,12678.7998046875,12679.2998046875,12678.7998046875,2857.0,8602.8115234375
2004-11-04,12496.599609375,12496.599609375,12496.599609375,12496.599609375,381.0,8479.1826171875
2004-11-05,12547.5,12547.5,12547.5,12547.5,190.0,8513.71875
2004-11-08,12553.2998046875,12547.5,12553.2998046875,12547.5,762.0,8513.71875
2004-11-09,12862.5,12496.099609375,12496.099609375,12496.099609375,0.0,8478.8408203125
2004-11-10,12600.5,12600.0,12600.0,12600.5,952.0,8549.6796875
2004-11-11,12505.5,12495.5,12500.2998046875,12505.5,1143.0,8485.22265625
2004-11-12,12757.5,12547.5,12547.5,12757.5,6286.0,8656.20703125
2004-11-16,12547.5,12337.5,12379.5,12547.5,6857.0,8513.71875
2004-11-17,12547.5,12443.0,12443.0,12447.7998046875,5524.0,8446.0693359375
2004-11-18,12600.0,12390.5,12391.099609375,12600.0,2667.0,8549.3408203125
2004-11-19,12600.0,12442.5,12600.0,12442.5,762.0,8442.47265625
2004-11-22,12395.7998046875,12395.7998046875,12395.7998046875,12395.7998046875,381.0,8410.7880859375
2004-11-23,12547.5,12395.7998046875,12395.7998046875,12547.5,1905.0,8513.71875
2004-11-24,12569.0,12568.5,12568.5,12568.5,952.0,8527.9658203125
2004-11-25,12699.7998046875,12350.599609375,12547.5,12652.5,2286.0,8584.962890625
2004-11-26,12443.599609375,12443.599609375,12443.599609375,12443.599609375,762.0,8443.21875
2004-11-29,12444.099609375,12443.0,12443.0,12444.099609375,2476.0,8443.5615234375
2004-11-30,12444.099609375,12444.099609375,12444.099609375,12444.099609375,190.0,8443.5615234375
2004-12-01,12600.5,12600.0,12600.0,12600.0,1905.0,8549.3408203125
2004-12-02,12757.0,12443.599609375,12448.2998046875,12757.0,2095.0,8655.869140625
2004-12-03,12547.5,12468.7998046875,12547.5,12468.7998046875,381.0,8460.3193359375
2004-12-06,12495.5,12495.0,12495.5,12495.0,1714.0,8478.09765625
2004-12-07,12416.2998046875,12390.0,12390.0,12395.2998046875,1714.0,8410.4482421875
2004-12-08,12180.5,12180.0,12180.0,12180.5,571.0,8264.7041015625
2004-12-09,12233.599609375,12233.599609375,12233.599609375,12233.599609375,381.0,8300.7314453125
2004-12-10,12259.2998046875,12232.5,12259.2998046875,12232.5,1143.0,8299.984375
2004-12-13,12311.2998046875,12311.2998046875,12311.2998046875,12311.2998046875,190.0,8353.453125
2004-12-14,12322.2998046875,12322.2998046875,12322.2998046875,12322.2998046875,190.0,8360.9189453125
2004-12-15,12337.5,12043.5,12047.7001953125,12337.5,11810.0,8371.23046875
2004-12-16,12600.0,12075.0,12075.0,12600.0,2095.0,8549.3408203125
2004-12-17,12757.5,12227.2998046875,12227.2998046875,12757.5,952.0,8656.20703125
2004-12-20,12863.0,12757.5,12757.5,12863.0,1524.0,8727.791015625
2004-12-21,13256.2998046875,12868.7998046875,12868.7998046875,13256.2998046875,762.0,8994.654296875
2004-12-22,13702.5,13650.0,13650.0,13702.5,952.0,9297.412109375
2004-12-23,13413.7998046875,13177.5,13288.2998046875,13413.7998046875,1333.0,9101.5244140625
2004-12-27,13014.7998046875,13014.7998046875,13014.7998046875,13014.7998046875,190.0,8830.7919921875
2004-12-28,14175.0,13230.5,13387.5,14070.0,3810.0,9546.7626953125
2004-12-29,14962.0,13440.0,13440.0,13440.0,0.0,9119.296875
2004-12-30,14175.0,14169.7998046875,14169.7998046875,14175.0,571.0,9618.009765625
2005-01-03,14385.0,14175.0,14175.0,14175.0,0.0,9618.009765625
2005-01-04,14385.0,14175.0,14385.0,14385.0,571.0,9760.498046875
2005-01-05,14437.5,14437.5,14437.5,14437.5,952.0,9796.1220703125
2005-01-06,14437.5,14437.5,14437.5,14437.5,762.0,9796.1220703125
2005-01-07,15172.5,14437.5,14437.5,15172.5,1905.0,10294.83203125
2005-01-10,15487.5,14280.0,14280.0,14280.0,0.0,9689.2529296875
2005-01-11,14726.2998046875,14280.0,14726.2998046875,14700.0,1333.0,9974.2314453125
2005-01-12,14857.5,14370.2998046875,14370.2998046875,14857.5,1905.0,10081.0966796875
2005-01-13,14910.0,14857.5,14857.5,14910.0,2095.0,10116.720703125
2005-01-14,14858.0,14858.0,14858.0,14858.0,571.0,10081.439453125
2005-01-17,14852.2998046875,14437.5,14437.5,14852.2998046875,381.0,10077.5712890625
2005-01-18,14847.0,14831.2998046875,14841.7998046875,14847.0,1333.0,10073.9755859375
2005-01-19,14437.5,14437.5,14437.5,14437.5,381.0,9796.1220703125
2005-01-20,14017.5,14017.5,14017.5,14017.5,190.0,9511.1435546875
2005-01-21,15330.0,13913.0,13913.0,15330.0,1333.0,10401.6982421875
2005-01-24,14878.5,14878.5,14878.5,14878.5,190.0,10095.34765625
2005-01-26,15487.5,15225.5,15225.5,15487.5,15619.0,10508.56640625
2005-01-27,15030.7998046875,15030.7998046875,15030.7998046875,15030.7998046875,571.0,10198.6875
2005-01-28,14753.0,14753.0,14753.0,14753.0,381.0,10010.19140625
2005-01-31,14962.5,14700.0,14700.0,14962.5,571.0,10152.341796875
2005-02-01,15225.0,15093.7998046875,15093.7998046875,15225.0,2095.0,10330.455078125
2005-02-02,15225.5,15173.0,15225.0,15225.0,5143.0,10330.455078125
2005-02-03,15330.0,15225.0,15225.0,15251.2998046875,1714.0,10348.30078125
2005-02-04,15487.5,15277.5,15277.5,15278.0,6286.0,10366.4169921875
2005-02-09,15750.0,15697.5,15697.5,15750.0,3048.0,10686.67578125
2005-02-10,15487.5,15487.5,15487.5,15487.5,190.0,10508.56640625
2005-02-11,15855.0,15855.0,15855.0,15855.0,190.0,10757.9208984375
2005-02-14,15750.5,15750.5,15750.5,15750.5,190.0,10687.015625
2005-02-15,16012.5,16012.5,16012.5,16012.5,190.0,10864.7900390625
2005-02-16,16800.0,16275.5,16695.0,16800.0,3810.0,11399.1240234375
2005-02-17,16800.5,16800.0,16800.5,16800.0,762.0,11399.1240234375
2005-02-18,17850.0,17319.80078125,17850.0,17325.0,1524.0,11755.34375
2005-02-21,16815.80078125,16800.0,16815.80078125,16800.0,762.0,11399.1240234375
2005-02-22,18900.0,17063.0,17325.0,18900.0,3048.0,12824.01171875
2005-02-23,17598.5,17598.5,17598.5,17598.5,190.0,11940.9208984375
2005-02-24,18112.5,17850.5,17850.5,17902.5,2095.0,12147.189453125
2005-02-25,17325.0,17062.5,17325.0,17062.5,3238.0,11577.2333984375
2005-02-28,16800.5,16800.0,16800.0,16800.0,1524.0,11399.1240234375
2005-03-01,16298.599609375,16275.0,16298.599609375,16275.0,381.0,11042.8994140625
2005-03-02,16905.0,15802.5,15802.5,15802.5,0.0,10722.2998046875
2005-03-03,15803.0,15803.0,15803.0,15803.0,762.0,10722.6376953125
2005-03-04,16537.5,16044.0,16537.5,16044.0,381.0,10886.16015625
2005-03-07,16065.0,16039.2998046875,16039.2998046875,16065.0,1524.0,10900.408203125
2005-03-08,16432.0,16222.5,16222.5,16223.0,762.0,11007.6171875
2005-03-09,16012.5,16012.5,16012.5,16012.5,190.0,10864.7900390625
2005-03-10,16012.5,15802.5,16012.5,15963.2001953125,4190.0,10831.337890625
2005-03-11,16012.5,16012.5,16012.5,16012.5,762.0,10864.7900390625
2005-03-14,15534.7998046875,15280.099609375,15534.7998046875,15280.099609375,3048.0,10367.83984375
2005-03-15,15488.0,15488.0,15488.0,15488.0,381.0,10508.9052734375
2005-03-16,15750.0,15383.0,15383.0,15750.0,762.0,10686.67578125
2005-03-17,16537.5,15750.0,15750.0,15750.0,0.0,10686.67578125
2005-03-18,16537.5,15750.5,15750.5,15750.5,0.0,10687.015625
2005-03-21,15855.0,15751.099609375,15751.099609375,15802.5,1524.0,10722.2998046875
2005-03-22,16694.5,15802.5,15802.5,15802.5,952.0,10722.2998046875
2005-03-23,15802.5,15802.5,15802.5,15802.5,952.0,10722.2998046875
2005-03-24,15803.0,15803.0,15803.0,15803.0,381.0,10722.6376953125
2005-03-28,15855.0,15802.5,15855.0,15802.5,2857.0,10722.2998046875
2005-03-29,15750.5,15750.0,15750.0,15750.0,4762.0,10686.67578125
2005-03-30,15750.0,15303.7998046875,15750.0,15750.0,1143.0,10686.67578125
2005-03-31,15750.0,15750.0,15750.0,15750.0,2286.0,10686.67578125
2005-04-01,15750.0,15303.7998046875,15303.7998046875,15750.0,3429.0,10686.67578125
2005-04-04,15750.0,15750.0,15750.0,15750.0,1333.0,10686.67578125
2005-04-05,15802.5,15697.5,15802.5,15750.0,2667.0,10686.67578125
2005-04-06,15803.0,15750.0,15803.0,15750.0,1333.0,10686.67578125
2005-04-07,15750.5,15750.5,15750.5,15750.5,190.0,10687.015625
2005-04-08,16012.5,15750.5,15750.5,16012.5,571.0,10864.7900390625
2005-04-11,16013.0,16012.5,16013.0,16012.5,1143.0,10864.7900390625
2005-04-12,16275.0,15908.0,16143.7998046875,16275.0,1714.0,11042.8994140625
2005-04-13,16534.900390625,16275.0,16275.0,16534.900390625,3048.0,11219.248046875
2005-04-14,16044.0,15750.0,16044.0,15750.0,762.0,10686.67578125
2005-04-15,15750.5,15750.5,15750.5,15750.5,190.0,10687.015625
2005-04-18,15750.5,15750.0,15750.5,15750.0,952.0,10686.67578125
2005-04-19,15907.5,15282.7998046875,15282.7998046875,15907.5,571.0,10793.5439453125
2005-04-20,16380.0,15750.5,15750.5,16380.0,1143.0,11114.14453125
2005-04-22,15750.5,15750.5,15750.5,15750.5,381.0,10687.015625
2005-04-25,16275.0,15907.5,16275.0,15907.5,571.0,10793.5439453125
2005-04-26,15750.0,15750.0,15750.0,15750.0,1905.0,10686.67578125
2005-04-27,15750.5,15750.5,15750.5,15750.5,190.0,10687.015625
2005-04-28,15750.5,15698.0,15750.5,15698.0,762.0,10651.3935546875
2005-04-29,16537.5,15487.5,15487.5,15487.5,0.0,10508.56640625
2005-05-02,16275.0,15225.0,15225.0,15225.0,0.0,10330.455078125
2005-05-03,16275.0,15230.2998046875,15230.2998046875,15230.2998046875,0.0,10334.052734375
2005-05-04,15277.5,15225.0,15277.5,15225.0,762.0,10330.455078125
2005-05-05,15225.0,14700.0,15225.0,14700.0,16381.0,9974.2314453125
2005-05-06,15225.0,14700.0,14700.0,15225.0,70667.0,10330.455078125
2005-05-09,15225.5,14752.5,14805.0,15225.5,1333.0,10330.7939453125
2005-05-10,15225.0,14778.7998046875,15225.0,14778.7998046875,1333.0,10027.6982421875
2005-05-11,14702.599609375,14702.599609375,14702.599609375,14702.599609375,190.0,9975.9970703125
2005-05-12,14753.0,14752.5,14753.0,14752.5,381.0,10009.8505859375
2005-05-13,14438.0,14437.5,14438.0,14437.5,952.0,9796.1220703125
2005-05-16,14175.5,14175.5,14175.5,14175.5,381.0,9618.349609375
2005-05-17,14175.0,13912.5,14175.0,13912.5,1333.0,9439.8955078125
2005-05-18,14227.5,14227.5,14227.5,14227.5,190.0,9653.6318359375
2005-05-19,16012.5,13912.5,13912.5,13912.5,0.0,9439.8955078125
2005-05-20,16012.0,15225.0,16012.0,15225.0,5905.0,10330.455078125
2005-05-23,15750.0,14700.0,14700.0,14700.0,0.0,9974.2314453125
2005-05-24,15382.5,14773.5,14773.5,15330.0,1714.0,10401.6982421875
2005-05-25,15330.5,15330.0,15330.0,15330.0,2286.0,10401.6982421875
2005-05-27,15750.0,15332.599609375,15332.599609375,15750.0,762.0,10686.67578125
2005-05-30,15330.5,15330.0,15330.5,15330.0,1333.0,10401.6982421875
2005-05-31,15330.5,15330.0,15330.0,15330.0,952.0,10401.6982421875
2005-06-01,15492.7998046875,15488.0,15488.0,15492.7998046875,762.0,10512.162109375
2005-06-02,16275.0,16117.5,16117.5,16275.0,1905.0,11042.8994140625
2005-06-03,16800.0,16012.5,16013.0,16800.0,7429.0,11399.1240234375
2005-06-06,16327.5,16017.7998046875,16327.5,16017.7998046875,571.0,10868.3837890625
2005-06-07,16012.5,16012.5,16012.5,16012.5,571.0,10864.7900390625
2005-06-08,16012.5,16012.5,16012.5,16012.5,762.0,10864.7900390625
2005-06-09,16275.0,16012.5,16012.5,16275.0,2857.0,11042.8994140625
2005-06-10,16275.0,16012.5,16012.5,16012.5,952.0,10864.7900390625
2005-06-13,15750.0,15750.0,15750.0,15750.0,190.0,10686.67578125
2005-06-14,16012.5,15750.0,15750.0,16012.5,2476.0,10864.7900390625
2005-06-15,15750.0,15750.0,15750.0,15750.0,762.0,10686.67578125
2005-06-16,15750.0,14752.5,15750.0,15750.0,1714.0,10686.67578125
2005-06-17,15750.0,15487.5,15487.5,15750.0,762.0,10686.67578125
2005-06-20,16222.5,14175.0,14175.0,14175.0,0.0,9618.009765625
2005-06-21,15750.0,15225.0,15225.0,15750.0,952.0,10686.67578125
2005-06-22,15225.0,14222.2998046875,15225.0,14542.5,1143.0,9867.3662109375
2005-06-23,14700.0,14543.599609375,14700.0,14543.599609375,1143.0,9868.109375
2005-06-27,14411.2998046875,14222.2998046875,14411.2998046875,14227.5,1143.0,9653.6318359375
2005-06-28,14647.5,14437.5,14647.5,14437.5,762.0,9796.1220703125
2005-06-29,14437.5,14280.5,14437.5,14280.5,381.0,9689.5927734375
2005-06-30,14227.5,14222.2998046875,14222.2998046875,14222.2998046875,762.0,9650.1025390625
2005-07-01,13650.0,13650.0,13650.0,13650.0,190.0,9261.78515625
2005-07-04,14175.0,13650.0,13650.0,14175.0,571.0,9618.009765625
2005-07-05,14962.0,13650.0,13650.0,13650.0,0.0,9261.78515625
2005-07-06,14169.7998046875,14169.7998046875,14169.7998046875,14169.7998046875,190.0,9614.482421875
2005-07-07,13125.5,13125.0,13125.0,13125.5,381.0,8905.9052734375
2005-07-08,13650.0,13650.0,13650.0,13650.0,571.0,9261.78515625
2005-07-11,13755.0,13702.5,13702.5,13755.0,1143.0,9333.0302734375
2005-07-12,13387.5,13387.5,13387.5,13387.5,190.0,9083.6767578125
2005-07-13,12972.7998046875,12915.0,12972.7998046875,12915.0,762.0,8763.072265625
2005-07-14,13125.0,13125.0,13125.0,13125.0,190.0,8905.5634765625
2005-07-15,13125.0,11025.0,12862.5,12597.400390625,2286.0,8547.576171875
2005-07-18,13125.0,12127.5,12127.5,12127.5,0.0,8228.7431640625
2005-07-19,13125.0,12127.5,12127.5,12127.5,0.0,8228.7431640625
2005-07-20,12862.5,12077.599609375,12077.599609375,12077.599609375,0.0,8194.8828125
2005-07-21,12127.5,12127.5,12127.5,12127.5,190.0,8228.7431640625
2005-07-22,12705.0,12705.0,12705.0,12705.0,190.0,8620.583984375
2005-07-25,12127.5,12127.5,12127.5,12127.5,190.0,8228.7431640625
2005-07-26,12075.0,12075.0,12075.0,12075.0,190.0,8193.119140625
2005-07-27,12075.0,12075.0,12075.0,12075.0,571.0,8193.119140625
2005-07-28,12862.5,12337.5,12337.5,12337.5,0.0,8371.23046875
2005-07-29,13387.5,13125.0,13125.0,13387.5,1524.0,9083.6767578125
2005-08-01,13387.5,12862.5,13387.5,12862.5,952.0,8727.4521484375
2005-08-02,13387.5,13387.5,13387.5,13387.5,571.0,9083.6767578125
2005-08-03,13282.5,13125.5,13125.5,13282.5,381.0,9012.4296875
2005-08-04,13256.2998046875,12605.7998046875,13177.5,12605.7998046875,1905.0,8553.2763671875
2005-08-05,15225.0,13335.0,13335.0,15225.0,4762.0,10330.455078125
2005-08-08,15225.0,15225.0,15225.0,15225.0,190.0,10330.455078125
2005-08-09,15330.0,15330.0,15330.0,15330.0,381.0,10401.6982421875
2005-08-10,14700.5,14280.0,14700.5,14280.0,571.0,9689.2529296875
2005-08-11,15749.5,14215.400390625,14700.0,14438.0,1333.0,9796.4599609375
2005-08-12,13912.5,13548.2001953125,13548.2001953125,13912.5,381.0,9439.8955078125
2005-08-15,13965.0,13912.5,13965.0,13912.5,381.0,9439.8955078125
2005-08-16,13650.0,13492.5,13650.0,13492.5,571.0,9154.91796875
2005-08-17,13597.5,13440.0,13597.5,13440.0,571.0,9119.296875
2005-08-18,14175.0,13650.0,14175.0,14175.0,952.0,9618.009765625
2005-08-19,14175.0,13965.0,13965.0,13965.0,1333.0,9475.5224609375
2005-08-22,14175.0,13967.599609375,14175.0,14070.0,762.0,9546.7626953125
2005-08-23,14175.0,13912.5,14175.0,14017.5,3048.0,9511.1435546875
2005-08-24,14962.5,14490.0,14490.0,14962.5,762.0,10152.341796875
2005-08-25,14700.0,14700.0,14700.0,14700.0,381.0,9974.2314453125
2005-08-26,14910.0,14490.0,14490.0,14490.0,0.0,9831.740234375
2005-08-29,15172.5,14437.5,14437.5,14437.5,0.0,9796.1220703125
2005-08-30,15225.0,14448.0,14700.0,14448.0,2476.0,9803.24609375
2005-08-31,14542.5,14437.5,14542.5,14437.5,3810.0,9796.1220703125
2005-09-01,14910.0,14437.5,14437.5,14437.5,0.0,9796.1220703125
2005-09-02,14910.0,14463.7998046875,14463.7998046875,14463.7998046875,0.0,9813.966796875
2005-09-05,14857.5,14437.5,14857.5,14437.5,762.0,9796.1220703125
2005-09-06,14700.0,14437.5,14595.0,14700.0,3048.0,9974.2314453125
2005-09-08,14439.099609375,14438.0,14438.0,14439.099609375,571.0,9797.2060546875
2005-09-09,14542.5,14443.2998046875,14443.2998046875,14542.5,381.0,9867.3662109375
2005-09-12,14857.5,14437.5,14437.5,14490.0,6095.0,9831.740234375
2005-09-13,14542.5,14490.0,14490.0,14490.0,762.0,9831.740234375
2005-09-14,14490.0,14437.5,14437.5,14490.0,1333.0,9831.740234375
2005-09-15,14647.5,14440.099609375,14440.099609375,14490.0,1714.0,9831.740234375
2005-09-16,14464.2998046875,14464.2998046875,14464.2998046875,14464.2998046875,381.0,9814.3037109375
2005-09-19,15435.0,14542.5,14542.5,15435.0,60762.0,10472.943359375
2005-09-20,15487.5,15225.0,15487.0,15487.5,2286.0,10508.56640625
2005-09-21,16012.5,15015.0,15487.5,15230.7998046875,17143.0,10334.3876953125
2005-09-22,15750.0,15748.400390625,15749.5,15749.0,1905.0,10686.0
2005-09-23,15749.5,15487.5,15487.5,15487.5,3619.0,10508.56640625
2005-09-26,16800.0,15225.0,16800.0,16170.0,11810.0,10971.6572265625
2005-09-27,15487.5,15487.5,15487.5,15487.5,190.0,10508.56640625
2005-09-28,15750.0,15487.5,15487.5,15750.0,762.0,10686.67578125
2005-09-29,16274.5,15225.0,15225.0,15225.0,0.0,10330.455078125
2005-09-30,15697.0,14910.0,14910.0,14910.0,0.0,10116.720703125
2005-10-03,15225.0,15015.0,15125.2998046875,15225.0,6286.0,10330.455078125
2005-10-04,16275.0,15487.5,16275.0,15750.0,1333.0,10686.67578125
2005-10-05,15540.0,15225.0,15540.0,15225.0,3429.0,10330.455078125
2005-10-06,15225.0,15225.0,15225.0,15225.0,952.0,10330.455078125
2005-10-07,15277.5,15277.5,15277.5,15277.5,2476.0,10366.078125
2005-10-10,15225.0,14962.5,15225.0,14962.5,28571.0,10152.341796875
2005-10-11,15225.5,15225.0,15225.0,15225.5,15238.0,10330.7939453125
2005-10-13,15120.0,15120.0,15120.0,15120.0,762.0,10259.2080078125
2005-10-14,15225.0,15225.0,15225.0,15225.0,381.0,10330.455078125
2005-10-17,15225.5,15225.5,15225.5,15225.5,190.0,10330.7939453125
2005-10-18,15226.099609375,15225.0,15225.0,15225.0,4571.0,10330.455078125
2005-10-19,14988.7998046875,14988.7998046875,14988.7998046875,14988.7998046875,381.0,10170.1884765625
2005-10-20,15225.5,14989.2998046875,14989.2998046875,15225.5,2286.0,10330.7939453125
2005-10-21,15225.5,15225.5,15225.5,15225.5,952.0,10330.7939453125
2005-10-24,15225.0,15015.5,15015.5,15225.0,1333.0,10330.455078125
2005-10-25,15487.5,15225.0,15225.0,15487.5,3238.0,10508.56640625
2005-10-26,15750.0,15225.0,15750.0,15225.0,952.0,10330.455078125
2005-10-27,15487.5,15277.5,15277.5,15330.0,1143.0,10401.6982421875
2005-10-28,15487.5,15278.0,15278.0,15487.5,571.0,10508.56640625
2005-10-31,16012.5,15225.5,15487.5,16012.5,1524.0,10864.7900390625
2005-11-01,16275.0,15489.599609375,15489.599609375,16275.0,2476.0,11042.8994140625
2005-11-03,16747.0,15750.0,15750.0,16747.0,1524.0,11363.16015625
2005-11-04,16065.5,16065.0,16065.5,16065.0,762.0,10900.408203125
2005-11-07,16800.0,15855.0,16800.0,15855.0,3429.0,10757.9208984375
2005-11-08,16275.0,15750.0,15750.0,15802.5,56571.0,10722.2998046875
2005-11-09,15802.5,15750.5,15802.5,15750.5,1333.0,10687.015625
2005-11-10,16274.5,15750.0,15750.0,15855.0,5333.0,10757.9208984375
2005-11-11,15908.0,15907.5,15908.0,15907.5,762.0,10793.5439453125
2005-11-14,15802.5,15225.5,15487.5,15802.5,762.0,10722.2998046875
2005-11-16,16275.0,15750.0,15750.0,16248.7998046875,4952.0,11025.1240234375
2005-11-17,16747.5,16012.5,16275.0,16747.5,3238.0,11363.4990234375
2005-11-18,16275.0,15881.2998046875,16275.0,15881.2998046875,2667.0,10775.767578125
2005-11-21,16012.5,15881.2998046875,15881.7998046875,16012.5,2667.0,10864.7900390625
2005-11-22,16275.0,15855.0,15855.0,16275.0,3619.0,11042.8994140625
2005-11-23,16012.5,15723.7998046875,15881.2998046875,16012.5,40000.0,10864.7900390625
2005-11-24,16275.0,15750.0,15750.0,16275.0,1143.0,11042.8994140625
2005-11-25,16275.0,15750.0,15750.0,15750.0,0.0,10686.67578125
2005-11-28,16800.0,15855.0,16800.0,15855.0,1524.0,10757.9208984375
2005-11-29,16275.0,15855.0,15855.0,16275.0,1714.0,11042.8994140625
2005-11-30,15803.599609375,15802.5,15802.5,15803.599609375,571.0,10723.046875
2005-12-01,16485.0,15802.5,15802.5,16485.0,2095.0,11185.3896484375
2005-12-02,17036.30078125,16117.5,17036.30078125,16117.5,571.0,10936.0322265625
2005-12-05,16012.5,16012.5,16012.5,16012.5,190.0,10864.7900390625
2005-12-06,16800.0,16012.5,16012.5,16380.0,1333.0,11114.14453125
2005-12-07,16537.5,16380.0,16380.0,16537.5,3238.0,11221.0107421875
2005-12-08,16695.0,16380.0,16380.0,16540.099609375,5524.0,11222.775390625
2005-12-09,16275.0,16275.0,16275.0,16275.0,190.0,11042.8994140625
2005-12-12,16537.5,16328.599609375,16328.599609375,16537.5,952.0,11221.0107421875
2005-12-13,16642.5,16275.0,16275.0,16642.5,5143.0,11292.2578125
2005-12-14,16642.5,16537.5,16537.5,16642.5,2667.0,11292.2578125
2005-12-15,16695.0,16406.30078125,16695.0,16433.0,1524.0,11150.1064453125
2005-12-16,16642.5,16458.80078125,16458.80078125,16642.5,3429.0,11292.2578125
2005-12-19,16485.0,16464.0,16485.0,16464.0,381.0,11171.138671875
2005-12-20,16327.5,16327.5,16327.5,16327.5,381.0,11078.521484375
2005-12-21,16353.7998046875,16353.7998046875,16353.7998046875,16353.7998046875,762.0,11096.3671875
2005-12-22,16537.5,16527.0,16527.0,16537.5,5143.0,11221.0107421875
2005-12-23,16799.5,16433.0,16433.0,16799.5,3810.0,11398.7841796875
2005-12-26,16800.0,16537.5,16800.0,16537.5,762.0,11221.0107421875
2005-12-27,16800.0,16538.0,16538.0,16642.5,1524.0,11292.2578125
2005-12-28,16800.0,16590.0,16590.0,16800.0,2476.0,11399.1240234375
2005-12-29,17062.5,17062.5,17062.5,17062.5,571.0,11577.2333984375
2006-01-02,17587.5,17062.5,17062.5,17587.5,7619.0,11933.455078125
2006-01-03,17582.30078125,17063.599609375,17063.599609375,17582.30078125,6095.0,11929.9267578125
2006-01-04,17587.5,17325.0,17587.5,17325.0,1714.0,11755.34375
2006-01-05,17325.0,17220.0,17325.0,17220.0,7619.0,11684.1005859375
2006-01-06,17849.5,17272.5,17272.5,17272.5,0.0,11719.72265625
2006-01-09,17298.80078125,17298.80078125,17298.80078125,17298.80078125,762.0,11737.568359375
2006-01-10,18374.5,17329.19921875,17329.19921875,17329.19921875,0.0,11758.1923828125
2006-01-11,17483.0,17329.69921875,17351.30078125,17483.0,952.0,11862.55078125
2006-01-12,17587.5,17430.5,17430.5,17587.5,952.0,11933.455078125
2006-01-13,17640.0,17535.0,17535.0,17640.0,1905.0,11969.08203125
2006-01-16,17850.0,17514.0,17514.0,17641.099609375,2857.0,11969.8232421875
2006-01-17,17745.0,17640.0,17640.0,17745.0,20762.0,12040.322265625
2006-01-18,17771.30078125,17640.5,17771.30078125,17666.80078125,952.0,11987.263671875
2006-01-19,18321.5,17693.0,18321.5,18112.5,4571.0,12289.6787109375
2006-01-20,18375.5,17960.80078125,18375.5,17960.80078125,381.0,12186.748046875
2006-01-23,18637.5,18113.0,18113.0,18637.5,1524.0,12645.9013671875
2006-01-24,19162.5,18638.599609375,18900.0,18638.599609375,8571.0,12646.646484375
2006-01-26,19320.0,19162.5,19162.5,19320.0,4190.0,13108.990234375
2006-01-27,18900.0,18375.0,18375.0,18900.0,762.0,12824.01171875
2006-01-30,20469.80078125,18165.0,18742.5,20469.80078125,952.0,13889.1513671875
2006-01-31,19057.5,19057.5,19057.5,19057.5,190.0,12930.8828125
2006-02-01,19687.5,19687.5,19687.5,19687.5,952.0,13358.345703125
2006-02-02,19845.0,19687.5,19687.5,19687.5,6286.0,13358.345703125
2006-02-03,19688.599609375,19688.0,19688.599609375,19688.0,4000.0,13358.685546875
2006-02-06,20737.5,19950.0,20212.5,19950.0,1714.0,13536.4609375
2006-02-07,20737.5,18926.30078125,19950.0,20737.5,3238.0,14070.7919921875
2006-02-08,19950.0,19950.0,19950.0,19950.0,762.0,13536.4609375
2006-02-09,20737.5,19950.0,20737.5,20475.0,5143.0,13892.6826171875
2006-02-10,20212.5,19950.0,19950.0,20212.5,571.0,13714.568359375
2006-02-13,20212.5,19951.099609375,20212.5,20212.5,1143.0,13714.568359375
2006-02-14,20212.5,19950.0,20212.5,19950.0,3048.0,13536.4609375
2006-02-15,21000.0,19950.0,19950.0,21000.0,1714.0,14248.900390625
2006-02-16,21262.5,20790.0,21262.5,21000.0,1714.0,14248.900390625
2006-02-17,21525.0,21262.5,21262.5,21525.0,381.0,14605.125
2006-02-20,20937.0,20213.0,20213.0,20895.0,1905.0,14177.66015625
2006-02-21,20895.0,20632.5,20895.0,20632.5,1333.0,13999.5439453125
2006-02-22,20947.5,20213.0,20213.0,20947.5,1143.0,14213.283203125
2006-02-23,20947.5,20947.5,20947.5,20947.5,381.0,14213.283203125
2006-02-24,20947.5,20947.5,20947.5,20947.5,1905.0,14213.283203125
2006-03-01,20790.5,20790.0,20790.0,20790.0,4571.0,14106.412109375
2006-03-02,20685.0,20317.5,20685.0,20317.5,2286.0,13785.810546875
2006-03-03,20737.5,20213.0,20213.0,20213.599609375,1143.0,13715.318359375
2006-03-06,20213.0,20055.5,20213.0,20212.5,6476.0,13714.568359375
2006-03-07,20002.5,19976.30078125,20002.5,19976.30078125,1714.0,13554.3017578125
2006-03-08,19950.0,19688.0,19950.0,19688.0,381.0,13358.685546875
2006-03-09,19687.5,19687.5,19687.5,19687.5,190.0,13358.345703125
2006-03-10,19687.5,19635.0,19687.5,19635.0,1524.0,13322.7255859375
2006-03-13,19635.0,19635.0,19635.0,19635.0,571.0,13322.7255859375
2006-03-14,21000.0,20685.0,20737.0,20737.0,2095.0,14070.4521484375
2006-03-15,21525.0,18900.0,20737.5,21525.0,2857.0,14605.125
2006-03-16,21787.5,21787.5,21787.5,21787.5,190.0,14783.2353515625
2006-03-17,21262.5,21262.5,21262.5,21262.5,952.0,14427.013671875
2006-03-20,22574.0,20475.0,23625.0,21000.0,1714.0,14248.900390625
2006-03-21,22050.0,21000.5,22049.5,21000.5,3810.0,14249.240234375
2006-03-22,21000.0,20212.5,21000.0,20238.80078125,1143.0,13732.4111328125
2006-03-23,20475.0,19955.30078125,20475.0,20212.5,1333.0,13714.568359375
2006-03-24,20475.0,20212.5,20212.5,20475.0,952.0,13892.6826171875
2006-03-27,20475.0,20475.0,20475.0,20475.0,571.0,13892.6826171875
2006-03-28,20737.5,20475.0,20475.0,20737.5,3619.0,14070.7919921875
2006-03-29,20999.5,19950.5,20737.5,20999.5,3238.0,14248.5625
2006-03-30,20737.0,20160.5,20737.0,20160.5,952.0,13679.2861328125
2006-03-31,20947.0,19687.5,20003.0,20947.0,2286.0,14212.9404296875
2006-04-03,19740.0,19582.5,19582.5,19740.0,762.0,13393.96875
2006-04-04,19950.0,19530.0,19530.0,19950.0,7619.0,13536.4609375
2006-04-05,19635.0,19163.599609375,19635.0,19425.0,1143.0,13180.23828125
2006-04-06,19426.099609375,19057.5,19426.099609375,19057.5,5524.0,12930.8828125
2006-04-07,19845.0,19188.80078125,19845.0,19188.80078125,571.0,13019.9677734375
2006-04-10,19320.0,19188.80078125,19320.0,19188.80078125,571.0,13019.9677734375
2006-04-11,19687.5,19005.0,19188.80078125,19005.0,571.0,12895.255859375
2006-04-12,20790.0,18952.5,19320.0,20474.5,5714.0,13892.3447265625
2006-04-13,20107.5,19687.5,20107.5,19687.5,381.0,13358.345703125
2006-04-17,19687.5,19687.5,19687.5,19687.5,6476.0,13358.345703125
2006-04-18,20448.19921875,19687.5,20448.19921875,19687.5,952.0,13358.345703125
2006-04-19,20212.5,18900.0,20212.5,18900.0,1524.0,12824.01171875
2006-04-20,18900.5,18645.400390625,18900.0,18645.400390625,1714.0,12651.26171875
2006-04-24,18900.0,18585.0,18795.0,18900.0,4571.0,12824.01171875
2006-04-25,18637.5,18480.0,18637.5,18480.0,7619.0,12539.0380859375
2006-04-26,18637.5,18427.5,18532.5,18427.5,1333.0,12503.4091796875
2006-04-27,18375.0,18138.80078125,18139.30078125,18375.0,1524.0,12467.7900390625
2006-04-28,19425.0,18430.099609375,19425.0,18430.099609375,762.0,12505.17578125
2006-05-02,18900.0,18117.80078125,18117.80078125,18638.0,1714.0,12646.240234375
2006-05-03,20422.5,19425.0,19425.0,20422.5,571.0,13857.0556640625
2006-05-04,20947.0,20055.0,20448.19921875,20632.5,5143.0,13999.5439453125
2006-05-05,20947.5,20212.5,20632.5,20842.5,4762.0,14142.0341796875
2006-05-08,21262.5,20842.5,20842.5,21262.5,4381.0,14427.013671875
2006-05-09,21000.0,20475.0,21000.0,20475.0,952.0,13892.6826171875
2006-05-10,21525.0,21000.0,21000.0,21525.0,5714.0,14605.125
2006-05-11,21787.5,21000.0,21786.5,21525.0,4000.0,14605.125
2006-05-12,21525.0,21000.0,21525.0,21525.0,1714.0,14605.125
2006-05-15,20737.5,19950.5,19951.099609375,20475.0,2286.0,13892.6826171875
2006-05-16,21105.0,20475.0,20475.0,21000.0,762.0,14248.900390625
2006-05-17,21519.80078125,20895.0,21519.80078125,20895.0,1905.0,14177.66015625
2006-05-18,21262.5,20475.0,21000.0,21262.5,1524.0,14427.013671875
2006-05-19,21000.0,20475.0,20581.599609375,21000.0,2857.0,14248.900390625
2006-05-22,19687.5,19425.0,19687.5,19425.0,381.0,13180.23828125
2006-05-23,19950.0,18637.5,18900.0,19425.0,1524.0,13180.23828125
2006-05-24,19477.5,19425.0,19477.5,19425.0,1333.0,13180.23828125
2006-05-25,19950.0,19425.0,19425.0,19950.0,1143.0,13536.4609375
2006-05-26,20475.0,19950.0,19950.0,20475.0,762.0,13892.6826171875
2006-05-29,20475.0,20212.5,20475.0,20212.5,1143.0,13714.568359375
2006-05-30,20212.5,19950.0,20212.5,19950.0,1143.0,13536.4609375
2006-05-31,19950.0,19740.0,19950.0,19950.0,6286.0,13536.4609375
2006-06-01,20212.5,19950.0,19950.0,20212.5,4381.0,13714.568359375
2006-06-02,20475.0,20212.5,20475.0,20212.5,2286.0,13714.568359375
2006-06-05,20475.0,19950.0,20475.0,20212.5,2476.0,13714.568359375
2006-06-06,19740.0,19687.5,19740.0,19687.5,2476.0,13358.345703125
2006-06-07,19687.5,19687.5,19687.5,19687.5,571.0,13358.345703125
2006-06-08,19687.5,19425.0,19687.5,19425.0,1333.0,13180.23828125
2006-06-09,19425.0,19167.80078125,19425.0,19167.80078125,1333.0,13005.7216796875
2006-06-12,19687.5,19162.5,19687.5,19162.5,762.0,13002.1220703125
2006-06-13,19162.5,18900.0,19162.5,18900.0,571.0,12824.01171875
2006-06-14,19162.5,18900.0,18900.0,19162.5,3048.0,13002.1220703125
2006-06-16,19425.0,18900.0,18900.0,19425.0,1905.0,13180.23828125
2006-06-19,19425.0,18900.0,19425.0,19422.400390625,3238.0,13178.4716796875
2006-06-20,20737.5,19162.5,19425.0,19162.5,762.0,13002.1220703125
2006-06-21,19425.0,19162.5,19425.0,19162.5,3429.0,13002.1220703125
2006-06-22,19687.5,19425.0,19425.5,19687.5,2476.0,13358.345703125
2006-06-23,21000.0,19687.5,21000.0,20842.5,1143.0,14142.0341796875
2006-06-26,20895.0,20475.0,20475.0,20737.5,2476.0,14070.7919921875
2006-06-27,20737.5,20632.5,20737.5,20632.5,1143.0,13999.5439453125
2006-06-28,20632.5,20475.0,20632.5,20475.0,1143.0,13892.6826171875
2006-06-29,20774.30078125,19687.5,20475.0,20774.30078125,3810.0,14095.76171875
2006-06-30,20816.30078125,20737.5,20774.30078125,20737.5,6286.0,14070.7919921875
2006-07-03,20879.30078125,20737.5,20737.5,20879.30078125,8381.0,14167.0048828125
2006-07-04,21036.80078125,20643.0,20643.0,20643.0,0.0,14006.671875
2006-07-05,21036.80078125,21036.80078125,21036.80078125,21036.80078125,2857.0,14273.87109375
2006-07-06,21141.80078125,20632.5,21105.0,20635.099609375,10095.0,14001.3134765625
2006-07-07,20738.0,20475.0,20737.5,20475.0,1905.0,13892.6826171875
2006-07-10,21262.0,20212.5,20212.5,20212.5,0.0,13714.568359375
2006-07-11,20475.0,20475.0,20475.0,20475.0,952.0,13892.6826171875
2006-07-12,21000.0,20737.5,20737.5,21000.0,1333.0,14248.900390625
2006-07-13,20737.5,20632.5,20737.5,20737.5,1714.0,14070.7919921875
2006-07-14,20999.5,20081.80078125,20081.80078125,20081.80078125,0.0,13625.884765625
2006-07-17,20999.5,20738.0,20738.0,20738.0,0.0,14071.12890625
2006-07-18,20737.5,20737.5,20737.5,20737.5,952.0,14070.7919921875
2006-07-19,21525.0,21000.0,21000.0,21524.5,12190.0,14604.78515625
2006-07-20,21735.0,21525.0,21525.0,21735.0,952.0,14747.611328125
2006-07-21,21945.0,21735.0,21735.0,21735.0,0.0,14747.611328125
2006-07-24,22312.5,21945.0,21945.0,22312.5,2857.0,15139.4619140625
2006-07-25,22312.5,22312.5,22312.5,22312.5,381.0,15139.4619140625
2006-07-26,23625.0,22313.0,23625.0,22837.5,762.0,15495.677734375
2006-07-27,22312.5,18375.0,22312.5,18692.099609375,8000.0,12682.9482421875
2006-07-28,19950.0,18375.0,18744.099609375,19950.0,7238.0,13536.4609375
2006-07-31,19950.0,18639.099609375,19950.0,18639.099609375,2286.0,12646.98828125
2006-08-01,18690.0,18663.80078125,18690.0,18690.0,5905.0,12681.525390625
2006-08-02,19425.0,18637.5,18690.0,18637.5,12571.0,12645.9013671875
2006-08-03,19425.0,18900.0,18900.0,19425.0,3619.0,13180.23828125
2006-08-04,19425.0,19372.5,19372.5,19425.0,1143.0,13180.23828125
2006-08-07,18952.5,18900.0,18952.5,18900.0,9333.0,12824.01171875
2006-08-08,18952.5,18952.5,18952.5,18952.5,190.0,12859.630859375
2006-08-09,18952.5,18952.5,18952.5,18952.5,381.0,12859.630859375
2006-08-10,18952.5,18900.0,18952.5,18900.0,2095.0,12824.01171875
2006-08-11,19215.0,19162.5,19162.5,19215.0,8381.0,13037.744140625
2006-08-14,18690.5,18622.30078125,18622.30078125,18637.5,6286.0,12645.9013671875
2006-08-15,18900.0,18663.80078125,18664.30078125,18900.0,1905.0,12824.01171875
2006-08-16,19162.5,18900.0,19162.5,19162.5,3048.0,13002.1220703125
2006-08-17,19425.0,19372.0,19372.0,19425.0,4381.0,13180.23828125
2006-08-18,19267.5,19005.0,19005.5,19267.5,10095.0,13073.3662109375
2006-08-21,19162.5,19057.5,19162.5,19057.5,4952.0,12930.8828125
2006-08-22,19057.5,18768.80078125,18768.80078125,18900.0,12190.0,12824.01171875
2006-08-23,18795.0,18795.0,18795.0,18795.0,1714.0,12752.765625
2006-08-24,18622.30078125,18622.30078125,18622.30078125,18622.30078125,381.0,12635.5869140625
2006-08-25,19372.0,19372.0,19372.0,19372.0,190.0,13144.2734375
2006-08-28,19582.0,19425.0,19425.0,19530.0,762.0,13251.4814453125
2006-08-29,19635.0,18952.5,19635.0,18952.5,381.0,12859.630859375
2006-08-30,19005.0,19005.0,19005.0,19005.0,952.0,12895.255859375
2006-08-31,19010.30078125,19005.0,19010.30078125,19005.0,4000.0,12895.255859375
2006-09-01,19057.5,18900.0,19057.5,18900.0,3238.0,12824.01171875
2006-09-04,19005.0,18847.5,18900.0,19005.0,5143.0,12895.255859375
2006-09-05,19005.0,18795.0,19005.0,18795.0,3619.0,12752.765625
2006-09-06,18795.0,18795.0,18795.0,18795.0,571.0,12752.765625
2006-09-08,19372.5,19372.5,19372.5,19372.5,190.0,13144.615234375
2006-09-11,19372.5,19372.5,19372.5,19372.5,1905.0,13144.615234375
2006-09-12,19162.5,18900.0,18900.0,18900.0,2857.0,12824.01171875
2006-09-13,19162.5,18900.0,18900.0,19162.5,2286.0,13002.1220703125
2006-09-14,19162.5,19162.5,19162.5,19162.5,1714.0,13002.1220703125
2006-09-15,19346.30078125,19162.5,19162.5,19346.30078125,2286.0,13126.8330078125
2006-09-18,19425.0,19425.0,19425.0,19425.0,7238.0,13180.23828125
2006-09-19,19372.5,19162.5,19372.5,19162.5,5333.0,13002.1220703125
2006-09-20,19162.5,19162.5,19162.5,19162.5,1333.0,13002.1220703125
2006-09-21,19162.0,18900.0,19057.5,19162.0,4190.0,13001.78125
2006-09-22,18638.599609375,18637.5,18637.5,18638.599609375,2286.0,12646.646484375
2006-09-25,18742.5,18376.099609375,18690.0,18376.099609375,5143.0,12468.53515625
2006-09-26,18847.5,18532.5,18732.0,18847.5,5333.0,12788.3896484375
2006-09-27,19047.0,18690.0,18847.5,18690.5,3810.0,12681.8642578125
2006-09-28,19162.5,18900.0,18900.0,19162.5,1524.0,13002.1220703125
2006-09-29,19425.0,18795.0,19425.0,19005.0,2476.0,12895.255859375
2006-10-02,19162.5,19005.0,19162.5,19005.0,571.0,12895.255859375
2006-10-03,18900.0,18375.0,18847.5,18375.0,4190.0,12467.7900390625
2006-10-04,19110.0,18532.5,18637.5,19110.0,4952.0,12966.50390625
2006-10-05,18900.0,18900.0,18900.0,18900.0,1333.0,12824.01171875
2006-10-06,18900.0,18900.0,18900.0,18900.0,8952.0,12824.01171875
2006-10-09,18900.0,18900.0,18900.0,18900.0,2476.0,12824.01171875
2006-10-10,18900.0,18900.0,18900.0,18900.0,571.0,12824.01171875
2006-10-11,18900.0,18638.0,18900.0,18638.0,4000.0,12646.240234375
2006-10-13,19425.0,18900.0,18900.0,19425.0,381.0,13180.23828125
2006-10-16,18900.0,18795.5,18900.0,18795.5,2095.0,12753.1064453125
2006-10-17,19267.0,18847.5,18900.0,18847.5,2095.0,12788.3896484375
2006-10-18,19005.0,18637.5,19005.0,18716.30078125,6286.0,12699.37109375
2006-10-19,18795.0,18637.5,18795.0,18637.5,5143.0,12645.9013671875
2006-10-20,19635.0,19058.0,19372.0,19058.0,12000.0,12931.2197265625
2006-10-23,18926.80078125,18926.30078125,18926.80078125,18926.30078125,1524.0,12841.8564453125
2006-10-24,18926.30078125,18663.80078125,18926.30078125,18663.80078125,2667.0,12663.748046875
2006-10-25,18663.80078125,18375.5,18375.5,18480.0,3048.0,12539.0380859375
2006-10-26,18480.0,18375.0,18480.0,18375.0,2286.0,12467.7900390625
2006-10-27,18375.0,17692.5,18117.80078125,17850.0,8000.0,12111.56640625
2006-10-30,18112.5,18112.5,18112.5,18112.5,571.0,12289.6787109375
2006-10-31,18112.5,17850.5,18112.5,17850.5,381.0,12111.908203125
2006-11-01,18375.0,18112.5,18375.0,18112.5,2857.0,12289.6787109375
2006-11-03,18322.5,17850.0,17850.0,17850.0,0.0,12111.56640625
2006-11-06,18847.5,18113.599609375,18847.5,18113.599609375,5143.0,12290.4248046875
2006-11-07,17850.0,17613.80078125,17850.0,17850.0,2667.0,12111.56640625
2006-11-08,17850.0,17535.0,17850.0,17535.0,11048.0,11897.8330078125
2006-11-09,17483.0,17325.0,17483.0,17325.0,2476.0,11755.34375
2006-11-10,17587.5,17062.5,17587.5,17062.5,5333.0,11577.2333984375
2006-11-13,16800.0,16380.0,16800.0,16537.5,24190.0,11221.0107421875
2006-11-14,16800.0,16275.0,16380.5,16437.80078125,13714.0,11153.3642578125
2006-11-16,17115.0,16537.5,16537.5,16957.5,25524.0,11505.9892578125
2006-11-17,16957.5,16642.5,16642.5,16642.5,0.0,11292.2578125
2006-11-21,17267.30078125,16669.30078125,16957.5,17267.30078125,5714.0,11716.1953125
2006-11-22,17535.0,16800.0,17325.0,17535.0,8381.0,11897.8330078125
2006-11-23,17639.5,17325.0,17325.0,17639.5,1714.0,11968.7412109375
2006-11-24,17850.0,17062.5,17325.0,17797.0,9714.0,12075.6083984375
2006-11-27,17955.0,17535.0,17797.0,17797.5,4952.0,12075.9453125
2006-11-28,17818.5,17220.0,17745.0,17220.0,2857.0,11684.1005859375
2006-11-29,17325.0,16905.0,16905.0,16983.80078125,1143.0,11523.833984375
2006-11-30,17823.80078125,16800.0,16800.0,17823.80078125,8000.0,12093.7890625
2006-12-01,18322.5,17850.0,18165.0,17850.0,7429.0,12111.56640625
2006-12-04,18364.5,17115.0,17850.0,18364.5,16952.0,12460.6650390625
2006-12-05,18637.5,17587.5,18637.5,17902.5,7238.0,12147.189453125
2006-12-06,18243.80078125,17482.5,17482.5,18243.80078125,12000.0,12378.7685546875
2006-12-07,18637.5,18112.5,18375.0,18401.30078125,12000.0,12485.63671875
2006-12-08,18532.5,18154.5,18154.5,18154.5,0.0,12318.177734375
2006-12-11,18689.5,18375.0,18480.0,18585.0,14857.0,12610.2783203125
2006-12-12,18585.0,18585.0,18585.0,18585.0,762.0,12610.2783203125
2006-12-13,18217.5,18060.0,18060.0,18217.5,762.0,12360.923828125
2006-12-14,18480.0,18112.5,18375.0,18375.0,5714.0,12467.7900390625
2006-12-15,18480.0,18479.5,18480.0,18479.5,2286.0,12538.693359375
2006-12-18,19425.0,18637.5,18637.5,19005.0,20381.0,12895.255859375
2006-12-19,18900.0,18742.5,18900.0,18742.5,11619.0,12717.14453125
2006-12-20,18952.5,18690.0,18952.5,18952.5,17714.0,12859.630859375
2006-12-21,18952.5,18558.80078125,18900.0,18952.5,5143.0,12859.630859375
2006-12-22,19136.30078125,18768.80078125,19136.30078125,18900.0,9333.0,12824.01171875
2006-12-26,18900.0,18375.0,18375.0,18375.0,0.0,12467.7900390625
2006-12-27,19372.5,18427.5,18427.5,19372.5,10857.0,13144.615234375
2006-12-28,19398.80078125,18690.0,19372.5,18690.0,6095.0,12681.525390625
2007-01-02,19367.30078125,18112.5,18375.0,19367.30078125,15619.0,13141.0859375
2007-01-03,18375.0,18112.5,18112.5,18375.0,3619.0,12467.7900390625
2007-01-04,18123.0,18007.5,18112.5,18007.5,6476.0,12218.43359375
2007-01-05,18217.5,18007.5,18217.5,18112.5,18857.0,12289.6787109375
2007-01-08,18480.0,18112.5,18480.0,18480.0,6667.0,12539.0380859375
2007-01-09,18480.0,18112.5,18112.5,18322.5,2286.0,12432.1669921875
2007-01-10,18375.0,17588.0,18112.5,18112.5,4762.0,12289.6787109375
2007-01-11,18511.5,18112.5,18480.0,18427.5,76952.0,12503.4091796875
2007-01-12,18637.5,18375.0,18480.0,18637.5,5333.0,12645.9013671875
2007-01-15,18795.0,18480.0,18637.5,18637.5,7048.0,12645.9013671875
2007-01-16,18637.0,18637.0,18637.0,18637.0,8190.0,12645.5595703125
2007-01-17,18690.0,18375.0,18690.0,18585.0,33524.0,12610.2783203125
2007-01-18,18375.0,18375.0,18375.0,18375.0,571.0,12467.7900390625
2007-01-19,18690.0,18270.0,18375.0,18690.0,9524.0,12681.525390625
2007-01-22,18637.5,18296.30078125,18637.5,18427.5,11429.0,12503.4091796875
2007-01-23,18480.0,18270.0,18403.900390625,18270.0,4381.0,12396.544921875
2007-01-24,18558.80078125,18270.5,18375.0,18375.0,12952.0,12467.7900390625
2007-01-26,18375.0,18375.0,18375.0,18375.0,1333.0,12467.7900390625
2007-01-29,18375.0,17955.0,18270.0,18375.0,2095.0,12467.7900390625
2007-01-30,18243.80078125,18165.0,18165.0,18243.80078125,1333.0,12378.7685546875
2007-01-31,18427.5,18165.0,18270.0,18427.5,2476.0,12503.4091796875
2007-02-01,19346.30078125,18375.0,18585.0,18637.5,23619.0,12645.9013671875
2007-02-02,18900.0,18375.0,18637.5,18900.0,1143.0,12824.01171875
2007-02-05,18792.400390625,18792.400390625,18792.400390625,18792.400390625,381.0,12751.005859375
2007-02-06,19110.0,18112.5,19109.5,19104.19921875,3048.0,12962.5654296875
2007-02-07,19110.0,18375.0,19110.0,18900.0,1524.0,12824.01171875
2007-02-08,18900.0,18033.80078125,18795.0,18138.80078125,6476.0,12307.5244140625
2007-02-09,18138.80078125,17850.0,18138.80078125,18112.5,7238.0,12289.6787109375
2007-02-12,17850.0,17850.0,17850.0,17850.0,190.0,12111.56640625
2007-02-13,18584.0,17850.0,17850.0,18584.0,952.0,12609.6005859375
2007-02-14,18900.0,18112.5,18375.0,18375.0,3619.0,12467.7900390625
2007-02-15,18375.0,18375.0,18375.0,18375.0,4381.0,12467.7900390625
2007-02-16,18637.5,17965.5,17965.5,18637.5,381.0,12645.9013671875
2007-02-21,18742.5,17855.30078125,17855.30078125,18637.5,1524.0,12645.9013671875
2007-02-22,18900.0,17745.0,17745.0,18900.0,1905.0,12824.01171875
2007-02-23,18742.5,18165.0,18165.0,18742.5,1905.0,12717.14453125
2007-02-26,18742.5,17902.5,18742.5,18375.0,1905.0,12467.7900390625
2007-02-27,17850.0,17850.0,17850.0,17850.0,571.0,12111.56640625
2007-02-28,18715.19921875,17955.0,17955.0,18480.0,2476.0,12539.0380859375
2007-03-01,18506.30078125,17587.5,17587.5,18111.5,12190.0,12289.0029296875
2007-03-02,17587.5,16800.0,17062.5,17587.5,762.0,11933.455078125
2007-03-05,18112.5,17062.5,18112.5,17062.5,762.0,11577.2333984375
2007-03-06,18059.5,16695.5,16800.0,17062.5,6476.0,11577.2333984375
2007-03-07,17010.0,16359.0,16359.0,16359.0,0.0,11099.89453125
2007-03-08,17062.5,17062.5,17062.5,17062.5,190.0,11577.2333984375
2007-03-09,17062.5,16538.0,17062.5,17062.5,571.0,11577.2333984375
2007-03-12,17010.0,16590.0,16590.0,17010.0,381.0,11541.6123046875
2007-03-13,16800.0,16354.2998046875,16695.0,16354.2998046875,1905.0,11096.7060546875
2007-03-14,17062.5,15750.0,16747.5,16275.0,10857.0,11042.8994140625
2007-03-15,16590.0,16222.5,16275.0,16537.5,1333.0,11221.0107421875
2007-03-16,16537.5,16537.0,16537.5,16537.0,571.0,11220.6728515625
2007-03-19,17640.0,16852.5,16852.5,17640.0,381.0,11969.08203125
2007-03-20,17640.0,16275.0,17640.0,17430.0,1714.0,11826.587890625
2007-03-21,17850.0,16537.5,17850.0,17718.80078125,1905.0,12022.5478515625
2007-03-22,17325.0,16695.0,17325.0,16695.0,571.0,11327.876953125
2007-03-23,16537.5,16327.5,16537.5,16327.5,381.0,11078.521484375
2007-03-26,17062.5,16485.0,17062.0,17010.0,2857.0,11541.6123046875
2007-03-27,17456.30078125,16285.5,17010.0,17456.30078125,8762.0,11844.435546875
2007-03-28,17535.0,16542.80078125,17535.0,16695.0,571.0,11327.876953125
2007-03-29,17587.5,17062.5,17587.5,17062.5,2286.0,11577.2333984375
2007-03-30,17850.0,17062.5,17063.0,17850.0,2857.0,12111.56640625
2007-04-02,18270.0,17062.5,17850.0,18060.0,6286.0,12254.0556640625
2007-04-03,8400.0,7612.5,8294.48046875,8400.0,9379.0,5699.56201171875
2007-04-04,8925.0,8662.5,8925.0,8662.5,1015.0,5877.671875
2007-04-05,8820.0,8400.0,8820.0,8636.25,1067.0,5859.861328125
2007-04-09,8715.0,8033.02978515625,8400.0,8552.25,14943.0,5802.865234375
2007-04-10,8636.25,7980.0,7980.0,8216.25,12381.0,5574.88330078125
2007-04-11,8505.0,8138.02978515625,8505.0,8400.0,29855.0,5699.56201171875
2007-04-12,8505.0,8275.0498046875,8399.48046875,8505.0,26924.0,5770.80615234375
2007-04-13,8432.0302734375,8137.5,8400.0,8400.0,25415.0,5699.56201171875
2007-04-16,8610.0,8295.0,8295.0,8594.25,20150.0,5831.36376953125
2007-04-17,8610.0,8347.5,8499.75,8604.75,40478.0,5838.48828125
2007-04-18,8609.48046875,8348.5498046875,8609.48046875,8505.0,9314.0,5770.80615234375
2007-04-19,8452.5,8274.0,8326.5,8400.0,51880.0,5699.56201171875
2007-04-20,8531.25,8163.75,8505.0,8400.0,41794.0,5699.56201171875
2007-04-23,8557.5,8296.580078125,8399.48046875,8547.0,4434.0,5799.30322265625
2007-04-24,8505.0,8195.25,8402.6298828125,8505.0,29577.0,5770.80615234375
2007-04-25,8924.48046875,8556.98046875,8556.98046875,8715.0,55288.0,5913.2939453125
2007-04-26,8845.73046875,8688.75,8820.0,8841.0,28907.0,5998.7880859375
2007-04-27,8925.0,8610.0,8830.5,8925.0,32263.0,6055.783203125
2007-04-30,8898.75,8715.0,8715.5302734375,8872.5,15901.0,6020.1611328125
2007-05-02,8925.0,8557.5,8793.75,8557.5,72025.0,5806.42822265625
2007-05-03,8841.0,8715.0,8820.0,8788.5,17162.0,5963.16455078125
2007-05-04,8791.1298828125,8295.0,8791.1298828125,8610.0,43699.0,5842.05029296875
2007-05-07,8610.0,8321.25,8426.25,8583.23046875,7728.0,5823.88720703125
2007-05-08,8547.0,8347.5,8400.5302734375,8547.0,10204.0,5799.30322265625
2007-05-09,8610.0,8400.0,8547.0,8556.4501953125,17562.0,5805.71630859375
2007-05-10,8662.5,8400.0,8400.0,8400.5302734375,8510.0,5699.9208984375
2007-05-11,8573.25,8389.5,8400.0,8556.98046875,85539.0,5806.07568359375
2007-05-14,8662.5,8295.0,8573.25,8347.5,64537.0,5663.9384765625
2007-05-15,8583.23046875,8347.5,8348.0302734375,8551.73046875,4575.0,5802.51416015625
2007-05-16,8552.25,8347.5,8405.25,8478.23046875,63375.0,5752.642578125
2007-05-17,8578.5,8321.7802734375,8505.0,8504.48046875,57939.0,5770.453125
2007-05-18,8451.98046875,8242.5,8400.0,8400.0,26615.0,5699.56201171875
2007-05-21,8494.5,8384.25,8494.5,8399.48046875,12446.0,5699.2080078125
2007-05-22,8541.23046875,8352.75,8400.0,8452.5,9371.0,5735.18310546875
2007-05-23,8526.0,8358.0,8426.25,8520.75,58701.0,5781.4931640625
2007-05-24,8520.75,8400.0,8520.75,8502.3798828125,35714.0,5769.02685546875
2007-05-25,8452.5,8348.0302734375,8400.0,8436.23046875,32000.0,5724.14404296875
2007-05-28,8512.8798828125,8400.0,8512.8798828125,8499.75,15230.0,5767.24365234375
2007-05-29,8510.25,8400.0,8400.0,8502.3798828125,19939.0,5769.02685546875
2007-05-30,8766.98046875,8379.5302734375,8494.5,8766.98046875,73676.0,5948.564453125
2007-05-31,8820.0,8558.0302734375,8790.080078125,8820.0,13004.0,5984.541015625
2007-06-01,8819.48046875,8610.0,8793.75,8715.0,7383.0,5913.2939453125
2007-06-04,8793.75,8610.0,8610.0,8715.0,5366.0,5913.2939453125
2007-06-05,8664.080078125,8506.580078125,8610.0,8662.5,3800.0,5877.671875
2007-06-06,8662.5,8505.0,8662.5,8505.0,29562.0,5770.80615234375
2007-06-08,8604.75,8452.5,8452.5,8494.5,1907.0,5763.6806640625
2007-06-11,8661.98046875,8505.5302734375,8557.5,8661.98046875,33032.0,5877.3203125
2007-06-12,8610.0,8515.5,8557.5,8609.48046875,9430.0,5841.6982421875
2007-06-13,8662.5,8505.5302734375,8610.0,8662.5,20581.0,5877.671875
2007-06-14,8715.0,8453.0302734375,8662.5,8667.75,12575.0,5881.234375
2007-06-15,8845.73046875,8610.0,8714.48046875,8837.849609375,55396.0,5996.650390625
2007-06-18,9108.75,8715.0,8835.75,8977.5,8583.0,6091.40576171875
2007-06-19,9056.25,8875.1298828125,9029.48046875,9056.25,30785.0,6144.83935546875
2007-06-20,9030.0,8935.5,9029.48046875,8977.5,28535.0,6091.40576171875
2007-06-21,9555.0,9030.0,9030.0,9555.0,32975.0,6483.251953125
2007-06-22,9948.75,9450.0,9450.0,9948.75,58949.0,6750.41845703125
2007-06-25,10395.0,9766.0498046875,9922.5,10085.2998046875,55288.0,6843.06982421875
2007-06-26,10185.0,9712.5,10085.2998046875,9819.080078125,24510.0,6662.4345703125
2007-06-27,10500.0,9765.0,9870.0,10500.0,46987.0,7124.4501953125
2007-06-28,10447.0,9922.5,10290.0,9922.5,10697.0,6732.60546875
2007-06-29,10237.5,9870.5302734375,9923.0302734375,10132.5,20257.0,6875.09716796875
2007-07-02,10080.0,9791.25,10079.5,9791.25,11429.0,6643.55029296875
2007-07-03,9974.48046875,9712.5,9712.5,9870.0,11429.0,6696.984375
2007-07-04,9912.0,9817.5,9817.5,9817.5,72381.0,6661.36279296875
2007-07-05,9921.98046875,9765.5302734375,9765.5302734375,9921.98046875,45714.0,6732.2529296875
2007-07-06,10132.5,10132.5,10132.5,10132.5,24762.0,6875.09716796875
2007-07-10,10080.0,9975.0,10001.7998046875,9975.0,32381.0,6768.23046875
2007-07-11,10080.0,9980.25,9980.25,10080.0,28571.0,6839.47314453125
2007-07-12,10263.7998046875,10080.0,10080.0,10263.7998046875,47619.0,6964.1845703125
2007-07-13,10526.2998046875,10263.7998046875,10263.7998046875,10526.2998046875,57143.0,7142.2958984375
2007-07-16,11812.5,10552.5,10552.5,11351.0,97143.0,7701.87158203125
2007-07-17,12600.0,11550.0,11550.0,12337.5,102857.0,8371.23046875
2007-07-18,12075.5,11445.0,12075.5,11550.0,78095.0,7836.89501953125
2007-07-19,11497.5,11445.0,11445.0,11497.5,19048.0,7801.27490234375
2007-07-20,11812.5,11550.0,11812.5,11733.7998046875,11429.0,7961.60888671875
2007-07-23,11550.0,11418.7998046875,11550.0,11550.0,22857.0,7836.89501953125
2007-07-24,11655.0,11287.5,11655.0,11287.5,57143.0,7658.78369140625
2007-07-25,11235.0,10763.0,10763.0,11025.0,34286.0,7480.67578125
2007-07-26,11024.5,10395.0,11024.5,10395.0,55238.0,7053.2060546875
2007-07-27,10500.0,10143.0,10290.0,10143.0,53333.0,6882.2197265625
2007-07-30,10237.5,10185.0,10237.0,10237.5,17143.0,6946.34130859375
2007-07-31,11025.0,10552.5,10972.5,11025.0,20952.0,7480.67578125
2007-08-01,10290.0,10027.5,10237.5,10237.5,11429.0,6946.34130859375
2007-08-02,10710.0,10368.7998046875,10500.0,10710.0,19048.0,7266.94140625
2007-08-03,10757.2998046875,10342.5,10446.5,10342.5,11429.0,7017.5859375
2007-08-06,10187.099609375,9975.0,10187.099609375,10080.0,7619.0,6839.47314453125
2007-08-07,10185.0,9922.5,10080.0,10185.0,7619.0,6910.71875
2007-08-08,10500.0,9977.6298828125,10500.0,9981.2998046875,34286.0,6772.5029296875
2007-08-09,10500.0,9975.0,9975.0,10499.5,22857.0,7124.11279296875
2007-08-10,10379.2998046875,9712.5,9975.0,10379.2998046875,15238.0,7042.5546875
2007-08-13,10263.2001953125,9770.25,10263.2001953125,10132.5,43810.0,6875.09716796875
2007-08-14,10132.5,9817.5,9975.0,9817.5,9524.0,6661.36279296875
2007-08-15,10106.2998046875,9712.5,10106.2998046875,9712.5,13333.0,6590.119140625
2007-08-16,9292.5,8715.5302734375,9081.98046875,8925.0,43810.0,6055.783203125
2007-08-17,9450.0,8925.0,8925.0,9186.98046875,19048.0,6233.54150390625
2007-08-20,9975.0,9450.0,9450.0,9712.5,13333.0,6590.119140625
2007-08-21,9975.0,9557.6298828125,9712.5,9557.6298828125,17143.0,6485.0361328125
2007-08-22,9921.98046875,9660.5302734375,9765.0,9660.5302734375,17143.0,6554.8544921875
2007-08-23,9712.5,9581.7802734375,9581.7802734375,9712.5,3810.0,6590.119140625
2007-08-24,9685.73046875,9665.25,9665.25,9685.73046875,5714.0,6571.95263671875
2007-08-27,9738.75,9581.25,9712.5,9581.25,17143.0,6501.06103515625
2007-08-28,9711.98046875,9450.0,9450.0,9607.5,5714.0,6518.8720703125
2007-08-29,9702.0,9345.0,9350.25,9451.0498046875,11429.0,6412.71875
2007-08-30,9955.0498046875,9450.0,9733.5,9712.5,38095.0,6590.119140625
2007-08-31,9948.75,9451.0498046875,9948.75,9712.5,19048.0,6590.119140625
2007-09-03,9712.5,9612.75,9712.5,9712.5,11429.0,6590.119140625
2007-09-04,10063.2001953125,9450.0,9450.0,9765.0,89524.0,6625.74072265625
2007-09-05,9712.5,9555.0,9555.0,9555.0,19048.0,6483.251953125
2007-09-06,9660.0,9345.0,9660.0,9345.0,13333.0,6340.7626953125
2007-09-10,9623.25,9187.5,9623.25,9187.5,24762.0,6233.89501953125
2007-09-11,9450.0,9186.98046875,9186.98046875,9450.0,20952.0,6412.005859375
2007-09-12,9187.5,8930.25,9187.5,9029.48046875,26667.0,6126.67529296875
2007-09-13,9185.9296875,8977.5,8977.5,9185.9296875,9524.0,6232.82861328125
2007-09-14,9397.5,9182.25,9397.5,9292.5,9524.0,6305.13916015625
2007-09-17,9870.0,9298.2802734375,9298.2802734375,9870.0,93333.0,6696.984375
2007-09-18,10001.2998046875,9770.7802734375,9870.0,9770.7802734375,57143.0,6629.66162109375
2007-09-19,10132.5,9975.0,10027.0,9975.0,32381.0,6768.23046875
2007-09-20,10489.5,9924.599609375,9975.0,10069.5,34286.0,6832.34912109375
2007-09-21,10342.5,9817.5,10080.0,9975.0,34286.0,6768.23046875
2007-09-24,10058.5,9927.75,9975.0,9927.75,118095.0,6736.1689453125
2007-09-25,10080.0,9927.75,10080.0,9975.0,15238.0,6768.23046875
2007-09-26,10185.0,9975.0,9975.0,10069.5,51429.0,6832.34912109375
2007-09-27,10368.7998046875,10080.5,10174.5,10185.0,13333.0,6910.71875
2007-09-28,10185.0,10132.5,10132.5,10185.0,9524.0,6910.71875
2007-10-01,10762.5,10290.0,10342.0,10762.0,59048.0,7302.22265625
2007-10-02,10904.2998046875,10610.2998046875,10904.2998046875,10683.7998046875,38095.0,7249.1630859375
2007-10-03,10914.7998046875,10605.0,10605.0,10657.5,34286.0,7231.31884765625
2007-10-04,10736.2998046875,10500.0,10657.5,10552.5,70476.0,7160.07421875
2007-10-05,10762.5,10552.5,10762.5,10762.5,30476.0,7302.5625
2007-10-08,12363.7998046875,10815.5,10815.5,11763.2001953125,215238.0,7981.556640625
2007-10-09,12600.0,12126.5,12232.5,12363.7998046875,238095.0,8389.078125
2007-10-10,12547.0,12023.0,12547.0,12279.7998046875,110476.0,8332.0791015625
2007-10-11,12442.5,11760.0,12442.5,11988.900390625,100952.0,8134.7001953125
2007-10-15,12337.5,12022.5,12075.0,12075.0,47619.0,8193.119140625
2007-10-16,12073.400390625,11865.5,12022.5,11901.7998046875,20952.0,8075.5986328125
2007-10-17,12048.7998046875,11812.5,12048.7998046875,11812.5,36190.0,8015.00927734375
2007-10-18,12017.2998046875,11760.0,11812.5,11812.5,40000.0,8015.00927734375
2007-10-19,11707.5,11550.0,11707.5,11550.0,7619.0,7836.89501953125
2007-10-22,11754.7998046875,11340.0,11340.0,11754.2001953125,30476.0,7975.4501953125
2007-10-23,11812.5,11655.0,11812.5,11733.7998046875,9524.0,7961.60888671875
2007-10-24,11550.0,11445.0,11550.0,11498.0,26667.0,7801.61328125
2007-10-25,11550.0,11077.5,11287.5,11077.5,160000.0,7516.29736328125
2007-10-26,11532.7001953125,11532.7001953125,11532.7001953125,11532.7001953125,1905.0,7825.15966796875
2007-10-29,11497.5,11182.5,11497.5,11261.7998046875,20952.0,7641.34716796875
2007-10-30,13492.5,11393.0,11393.0,13440.0,287619.0,9119.296875
2007-10-31,17850.0,14553.0,14553.0,17325.0,247619.0,11755.34375
2007-11-01,21.0,16.799999237060547,20.475000381469727,16.799999237060547,561905.0,11.399123191833496
2007-11-05,16.799999237060547,15.75,16.799999237060547,15.75,120000.0,10.686676979064941
2007-11-06,16.799999237060547,15.75,16.799999237060547,15.75,123810.0,10.686676979064941
2007-11-07,15.75,15.225000381469727,15.225000381469727,15.75,57143.0,10.686676979064941
2007-11-08,15.75,15.225000381469727,15.75,15.225000381469727,133333.0,10.330456733703613
2007-11-09,15.75,14.699999809265137,15.75,14.699999809265137,59048.0,9.97423267364502
2007-11-12,15.225000381469727,14.175000190734863,14.699999809265137,14.175000190734863,45714.0,9.618006706237793
2007-11-13,15.225000381469727,14.175000190734863,14.175000190734863,15.225000381469727,66667.0,10.330456733703613
2007-11-14,15.75,15.225000381469727,15.75,15.225000381469727,11429.0,10.330456733703613
2007-11-16,15.225000381469727,14.699999809265137,15.225000381469727,15.225000381469727,15238.0,10.330456733703613
2007-11-19,14.699999809265137,14.175000190734863,14.699999809265137,14.175000190734863,26667.0,9.618006706237793
2007-11-21,15.225000381469727,14.175000190734863,14.175000190734863,14.699999809265137,47619.0,9.97423267364502
2007-11-22,15.225000381469727,14.175000190734863,14.699999809265137,14.175000190734863,28571.0,9.618006706237793
2007-11-23,15.225000381469727,14.699999809265137,14.699999809265137,14.699999809265137,28571.0,9.97423267364502
2007-11-26,14.699999809265137,14.175000190734863,14.699999809265137,14.175000190734863,22857.0,9.618006706237793
2007-11-27,14.175000190734863,13.649999618530273,13.649999618530273,14.175000190734863,30476.0,9.618006706237793
2007-11-28,14.175000190734863,13.649999618530273,14.175000190734863,13.649999618530273,7619.0,9.261786460876465
2007-11-29,14.175000190734863,13.649999618530273,13.649999618530273,13.649999618530273,11429.0,9.261786460876465
2007-11-30,14.175000190734863,13.649999618530273,14.175000190734863,14.175000190734863,40000.0,9.618006706237793
2007-12-03,14.175000190734863,13.649999618530273,14.175000190734863,13.649999618530273,9524.0,9.261786460876465
2007-12-04,14.175000190734863,13.649999618530273,14.175000190734863,13.649999618530273,9524.0,9.261786460876465
2007-12-05,13.649999618530273,13.125,13.649999618530273,13.125,17143.0,8.905563354492188
2007-12-06,13.125,13.125,13.125,13.125,3810.0,8.905563354492188
2007-12-07,13.125,13.125,13.125,13.125,3810.0,8.905563354492188
2007-12-10,13.649999618530273,13.125,13.649999618530273,13.649999618530273,9524.0,9.261786460876465
2007-12-11,13.649999618530273,13.125,13.649999618530273,13.125,20952.0,8.905563354492188
2007-12-12,13.125,13.125,13.125,13.125,13333.0,8.905563354492188
2007-12-13,13.125,13.125,13.125,13.125,1905.0,8.905563354492188
2007-12-14,13.125,13.125,13.125,13.125,1905.0,8.905563354492188
2007-12-17,13.125,12.600000381469727,12.600000381469727,13.125,40000.0,8.905563354492188
2007-12-18,13.125,12.600000381469727,12.600000381469727,13.125,40000.0,8.905563354492188
2007-12-19,13.125,12.600000381469727,13.125,12.600000381469727,13333.0,8.549342155456543
2007-12-20,13.125,12.600000381469727,12.600000381469727,12.600000381469727,7619.0,8.549342155456543
2007-12-21,12.600000381469727,12.074999809265137,12.074999809265137,12.074999809265137,0.0,8.193120002746582
2007-12-26,12.600000381469727,12.074999809265137,12.074999809265137,12.600000381469727,20952.0,8.549342155456543
2007-12-27,13.125,12.600000381469727,13.125,13.125,9524.0,8.91236686706543
2007-12-28,13.125,12.600000381469727,13.125,12.600000381469727,19048.0,8.555874824523926
2008-01-02,12.600000381469727,12.600000381469727,12.600000381469727,12.600000381469727,3810.0,8.555874824523926
2008-01-03,12.600000381469727,12.600000381469727,12.600000381469727,12.600000381469727,5714.0,8.555874824523926
2008-01-04,12.074999809265137,11.550000190734863,12.074999809265137,11.550000190734863,11429.0,7.8428850173950195
2008-01-07,12.074999809265137,11.550000190734863,12.074999809265137,11.550000190734863,17143.0,7.8428850173950195
2008-01-08,12.600000381469727,12.074999809265137,12.074999809265137,12.600000381469727,9524.0,8.555874824523926
2008-01-09,12.074999809265137,11.550000190734863,11.550000190734863,11.550000190734863,13333.0,7.8428850173950195
2008-01-10,12.074999809265137,11.550000190734863,12.074999809265137,12.074999809265137,9524.0,8.199380874633789
2008-01-11,12.074999809265137,11.550000190734863,12.074999809265137,12.074999809265137,22857.0,8.199380874633789
2008-01-14,12.074999809265137,11.550000190734863,12.074999809265137,11.550000190734863,9524.0,7.8428850173950195
2008-01-15,12.074999809265137,12.074999809265137,12.074999809265137,12.074999809265137,7619.0,8.199380874633789
2008-01-16,11.550000190734863,11.550000190734863,11.550000190734863,11.550000190734863,7619.0,7.8428850173950195
2008-01-17,11.550000190734863,11.550000190734863,11.550000190734863,11.550000190734863,5714.0,7.8428850173950195
2008-01-18,11.024999618530273,11.024999618530273,11.024999618530273,11.024999618530273,9524.0,7.486389636993408
2008-01-21,11.024999618530273,10.5,10.5,10.5,30476.0,7.1298956871032715
2008-01-22,10.5,9.975000381469727,9.975000381469727,10.5,15238.0,7.1298956871032715
2008-01-23,10.5,9.975000381469727,10.5,9.975000381469727,15238.0,6.773401737213135
2008-01-24,10.5,9.975000381469727,9.975000381469727,10.5,11429.0,7.1298956871032715
2008-01-28,9.975000381469727,9.975000381469727,9.975000381469727,9.975000381469727,1905.0,6.773401737213135
2008-01-29,10.5,9.975000381469727,9.975000381469727,9.975000381469727,17143.0,6.773401737213135
2008-01-30,9.975000381469727,9.449999809265137,9.975000381469727,9.449999809265137,11429.0,6.416906833648682
2008-01-31,9.975000381469727,9.449999809265137,9.975000381469727,9.975000381469727,41905.0,6.773401737213135
2008-02-01,9.975000381469727,9.975000381469727,9.975000381469727,9.975000381469727,11429.0,6.773401737213135
2008-02-06,9.975000381469727,9.975000381469727,9.975000381469727,9.975000381469727,15238.0,6.773401737213135
2008-02-07,10.5,9.449999809265137,9.449999809265137,10.5,41905.0,7.1298956871032715
2008-02-08,11.550000190734863,10.5,10.5,11.024999618530273,38095.0,7.486389636993408
2008-02-11,12.074999809265137,11.024999618530273,11.550000190734863,11.550000190734863,38095.0,7.8428850173950195
2008-02-12,12.074999809265137,12.074999809265137,12.074999809265137,12.074999809265137,9524.0,8.199380874633789
2008-02-13,13.125,12.074999809265137,12.600000381469727,12.600000381469727,70476.0,8.555874824523926
2008-02-14,13.125,12.600000381469727,13.125,12.600000381469727,24762.0,8.555874824523926
2008-02-15,12.600000381469727,12.074999809265137,12.074999809265137,12.600000381469727,7619.0,8.555874824523926
2008-02-18,13.125,12.600000381469727,12.600000381469727,13.125,20952.0,8.91236686706543
2008-02-19,12.600000381469727,12.600000381469727,12.600000381469727,12.600000381469727,3810.0,8.555874824523926
2008-02-20,12.600000381469727,12.600000381469727,12.600000381469727,12.600000381469727,19048.0,8.555874824523926
2008-02-21,12.600000381469727,12.600000381469727,12.600000381469727,12.600000381469727,1905.0,8.555874824523926
2008-02-22,12.074999809265137,12.074999809265137,12.074999809265137,12.074999809265137,11429.0,8.199380874633789
2008-02-25,12.074999809265137,11.550000190734863,12.074999809265137,11.550000190734863,13333.0,7.8428850173950195
2008-02-26,12.074999809265137,11.550000190734863,12.074999809265137,11.550000190734863,34286.0,7.8428850173950195
2008-02-27,11.550000190734863,11.550000190734863,11.550000190734863,11.550000190734863,17143.0,7.8428850173950195
2008-02-28,12.074999809265137,11.550000190734863,12.074999809265137,11.550000190734863,15238.0,7.8428850173950195
2008-02-29,11.550000190734863,11.550000190734863,11.550000190734863,11.550000190734863,1905.0,7.8428850173950195
2008-03-03,11.550000190734863,11.550000190734863,11.550000190734863,11.550000190734863,1905.0,7.8428850173950195
2008-03-04,11.550000190734863,11.024999618530273,11.024999618530273,11.024999618530273,0.0,7.486389636993408
2008-03-05,11.550000190734863,11.024999618530273,11.550000190734863,11.550000190734863,34286.0,7.8428850173950195
2008-03-06,11.550000190734863,11.550000190734863,11.550000190734863,11.550000190734863,3810.0,7.8428850173950195
2008-03-07,11.550000190734863,11.550000190734863,11.550000190734863,11.550000190734863,7619.0,7.8428850173950195
2008-03-10,11.550000190734863,11.550000190734863,11.550000190734863,11.550000190734863,3810.0,7.8428850173950195
2008-03-11,11.550000190734863,11.024999618530273,11.024999618530273,11.550000190734863,3810.0,7.8428850173950195
2008-03-12,11.024999618530273,11.024999618530273,11.024999618530273,11.024999618530273,1905.0,7.486389636993408
2008-03-13,11.024999618530273,11.024999618530273,11.024999618530273,11.024999618530273,3810.0,7.486389636993408
2008-03-14,11.550000190734863,11.024999618530273,11.550000190734863,11.550000190734863,28571.0,7.8428850173950195
2008-03-18,11.024999618530273,11.024999618530273,11.024999618530273,11.024999618530273,3810.0,7.486389636993408
2008-03-19,10.5,10.5,10.5,10.5,5714.0,7.1298956871032715
2008-03-20,11.024999618530273,11.024999618530273,11.024999618530273,11.024999618530273,7619.0,7.486389636993408
2008-03-24,11.024999618530273,10.5,10.5,10.5,11429.0,7.1298956871032715
2008-03-25,11.024999618530273,11.024999618530273,11.024999618530273,11.024999618530273,1905.0,7.486389636993408
2008-03-26,11.024999618530273,10.5,11.024999618530273,11.024999618530273,24762.0,7.486389636993408
2008-03-27,11.024999618530273,10.5,11.024999618530273,10.5,13333.0,7.1298956871032715
2008-03-28,10.5,10.5,10.5,10.5,1905.0,7.1298956871032715
2008-03-31,11.024999618530273,10.5,10.5,10.5,0.0,7.1298956871032715
2008-04-01,11.024999618530273,10.5,11.024999618530273,11.024999618530273,20952.0,7.486389636993408
2008-04-02,11.024999618530273,11.024999618530273,11.024999618530273,11.024999618530273,34286.0,7.486389636993408
2008-04-03,11.550000190734863,10.5,11.024999618530273,11.550000190734863,38095.0,7.8428850173950195
2008-04-04,11.024999618530273,11.024999618530273,11.024999618530273,11.024999618530273,13333.0,7.486389636993408
2008-04-07,11.550000190734863,11.024999618530273,11.024999618530273,11.024999618530273,0.0,7.486389636993408
2008-04-08,11.024999618530273,11.024999618530273,11.024999618530273,11.024999618530273,1905.0,7.486389636993408
2008-04-09,11.024999618530273,11.024999618530273,11.024999618530273,11.024999618530273,5714.0,7.486389636993408
2008-04-10,11.550000190734863,11.550000190734863,11.550000190734863,11.550000190734863,3810.0,7.8428850173950195
2008-04-11,11.024999618530273,11.024999618530273,11.024999618530273,11.024999618530273,15238.0,7.486389636993408
2008-04-14,11.024999618530273,10.5,10.5,10.5,0.0,7.1298956871032715
2008-04-15,11.024999618530273,11.024999618530273,11.024999618530273,11.024999618530273,3810.0,7.486389636993408
2008-04-16,11.024999618530273,11.024999618530273,11.024999618530273,11.024999618530273,3810.0,7.486389636993408
2008-04-17,10.5,10.5,10.5,10.5,1905.0,7.1298956871032715
2008-04-18,11.550000190734863,11.024999618530273,11.024999618530273,11.024999618530273,32381.0,7.486389636993408
2008-04-22,11.024999618530273,11.024999618530273,11.024999618530273,11.024999618530273,5714.0,7.486389636993408
2008-04-23,11.024999618530273,11.024999618530273,11.024999618530273,11.024999618530273,7619.0,7.486389636993408
2008-04-24,11.024999618530273,11.024999618530273,11.024999618530273,11.024999618530273,1905.0,7.486389636993408
2008-04-25,11.550000190734863,11.024999618530273,11.024999618530273,11.550000190734863,22857.0,7.8428850173950195
2008-04-28,11.550000190734863,11.024999618530273,11.550000190734863,11.024999618530273,34286.0,7.486389636993408
2008-04-29,11.024999618530273,11.024999618530273,11.024999618530273,11.024999618530273,7619.0,7.486389636993408
2008-04-30,11.550000190734863,11.024999618530273,11.024999618530273,11.550000190734863,9524.0,7.8428850173950195
2008-05-02,12.074999809265137,11.550000190734863,11.550000190734863,11.550000190734863,60952.0,7.8428850173950195
2008-05-05,11.550000190734863,11.550000190734863,11.550000190734863,11.550000190734863,20952.0,7.8428850173950195
2008-05-06,12.074999809265137,11.550000190734863,11.550000190734863,11.550000190734863,19048.0,7.8428850173950195
2008-05-07,11.550000190734863,11.550000190734863,11.550000190734863,11.550000190734863,20952.0,7.8428850173950195
2008-05-08,12.074999809265137,11.550000190734863,11.550000190734863,12.074999809265137,7619.0,8.199380874633789
2008-05-09,11.550000190734863,11.550000190734863,11.550000190734863,11.550000190734863,9524.0,7.8428850173950195
2008-05-12,12.074999809265137,11.550000190734863,11.550000190734863,12.074999809265137,36190.0,8.199380874633789
2008-05-13,12.074999809265137,11.550000190734863,11.550000190734863,12.074999809265137,36190.0,8.199380874633789
2008-05-14,11.550000190734863,11.550000190734863,11.550000190734863,11.550000190734863,13333.0,7.8428850173950195
2008-05-15,11.550000190734863,11.024999618530273,11.024999618530273,11.550000190734863,13333.0,7.8428850173950195
2008-05-16,12.074999809265137,11.550000190734863,11.550000190734863,11.550000190734863,38095.0,7.8428850173950195
2008-05-19,11.550000190734863,11.550000190734863,11.550000190734863,11.550000190734863,7619.0,7.8428850173950195
2008-05-20,11.550000190734863,11.550000190734863,11.550000190734863,11.550000190734863,7619.0,7.8428850173950195
2008-05-21,12.074999809265137,11.550000190734863,12.074999809265137,12.074999809265137,26667.0,8.199380874633789
2008-05-23,12.074999809265137,11.550000190734863,11.550000190734863,12.074999809265137,11429.0,8.199380874633789
2008-05-26,11.550000190734863,11.550000190734863,11.550000190734863,11.550000190734863,312381.0,7.8428850173950195
2008-05-27,11.550000190734863,11.024999618530273,11.550000190734863,11.024999618530273,9524.0,7.486389636993408
2008-05-28,11.550000190734863,11.024999618530273,11.550000190734863,11.024999618530273,7619.0,7.486389636993408
2008-05-29,11.550000190734863,11.024999618530273,11.550000190734863,11.024999618530273,7619.0,7.486389636993408
2008-05-30,11.550000190734863,11.024999618530273,11.024999618530273,11.024999618530273,146667.0,7.486389636993408
2008-06-02,11.550000190734863,11.024999618530273,11.024999618530273,11.024999618530273,146667.0,7.486389636993408
2008-06-03,11.024999618530273,11.024999618530273,11.024999618530273,11.024999618530273,3810.0,7.486389636993408
2008-06-04,11.024999618530273,10.5,11.024999618530273,11.024999618530273,7619.0,7.486389636993408
2008-06-05,11.024999618530273,11.024999618530273,11.024999618530273,11.024999618530273,47619.0,7.486389636993408
2008-06-06,11.024999618530273,11.024999618530273,11.024999618530273,11.024999618530273,47619.0,7.486389636993408
2008-06-09,11.024999618530273,10.5,10.5,10.5,7619.0,7.1298956871032715
2008-06-10,10.5,10.5,10.5,10.5,59048.0,7.1298956871032715
2008-06-11,10.5,10.5,10.5,10.5,9524.0,7.1298956871032715
2008-06-12,10.5,10.5,10.5,10.5,7619.0,7.1298956871032715
2008-06-13,11.024999618530273,11.024999618530273,11.024999618530273,11.024999618530273,1905.0,7.486389636993408
2008-06-16,10.5,10.5,10.5,10.5,1905.0,7.1298956871032715
2008-06-17,11.024999618530273,11.024999618530273,11.024999618530273,11.024999618530273,40000.0,7.486389636993408
2008-06-18,11.024999618530273,10.5,11.024999618530273,11.024999618530273,30476.0,7.486389636993408
2008-06-19,11.024999618530273,10.5,10.5,10.5,45714.0,7.1298956871032715
2008-06-20,10.5,9.975000381469727,10.5,9.975000381469727,15238.0,6.773401737213135
2008-06-23,10.5,9.975000381469727,10.5,9.975000381469727,7619.0,6.773401737213135
2008-06-24,10.5,9.975000381469727,10.5,9.975000381469727,7619.0,6.773401737213135
2008-06-25,10.5,9.975000381469727,9.975000381469727,10.5,5714.0,7.1298956871032715
2008-06-26,10.5,9.975000381469727,9.975000381469727,10.5,3810.0,7.1298956871032715
2008-06-27,10.5,10.5,10.5,10.5,9524.0,7.1298956871032715
2008-06-30,10.5,9.975000381469727,9.975000381469727,9.975000381469727,32381.0,6.773401737213135
2008-07-01,10.5,9.975000381469727,9.975000381469727,10.5,7619.0,7.1298956871032715
2008-07-02,9.975000381469727,9.975000381469727,9.975000381469727,9.975000381469727,22857.0,6.773401737213135
2008-07-03,10.5,9.975000381469727,10.5,10.5,34286.0,7.1298956871032715
2008-07-04,9.975000381469727,9.975000381469727,9.975000381469727,9.975000381469727,1905.0,6.773401737213135
2008-07-07,10.5,9.975000381469727,9.975000381469727,10.5,22857.0,7.1298956871032715
2008-07-08,10.5,9.975000381469727,10.5,10.5,13333.0,7.1298956871032715
2008-07-10,10.5,10.5,10.5,10.5,9524.0,7.1298956871032715
2008-07-11,10.5,10.5,10.5,10.5,11429.0,7.1298956871032715
2008-07-14,10.5,10.5,10.5,10.5,19048.0,7.1298956871032715
2008-07-15,10.5,9.975000381469727,9.975000381469727,9.975000381469727,5714.0,6.773401737213135
2008-07-16,10.5,10.5,10.5,10.5,1905.0,7.1298956871032715
2008-07-17,10.5,9.449999809265137,9.975000381469727,10.5,76190.0,7.1298956871032715
2008-07-18,10.5,9.975000381469727,9.975000381469727,10.5,22857.0,7.1298956871032715
2008-07-21,10.5,9.975000381469727,9.975000381469727,10.5,17143.0,7.1298956871032715
2008-07-22,10.5,9.975000381469727,9.975000381469727,9.975000381469727,64762.0,6.773401737213135
2008-07-23,9.975000381469727,9.449999809265137,9.975000381469727,9.975000381469727,9524.0,6.773401737213135
2008-07-24,9.975000381469727,9.975000381469727,9.975000381469727,9.975000381469727,13333.0,6.773401737213135
2008-07-25,10.5,9.975000381469727,9.975000381469727,10.5,5714.0,7.1298956871032715
2008-07-28,10.5,9.975000381469727,10.5,9.975000381469727,32381.0,6.773401737213135
2008-07-29,9.975000381469727,9.975000381469727,9.975000381469727,9.975000381469727,11429.0,6.773401737213135
2008-07-30,9.975000381469727,9.975000381469727,9.975000381469727,9.975000381469727,30476.0,6.773401737213135
2008-07-31,9.975000381469727,9.449999809265137,9.975000381469727,9.449999809265137,17143.0,6.416906833648682
2008-08-01,9.449999809265137,9.449999809265137,9.449999809265137,9.449999809265137,91429.0,6.416906833648682
2008-08-04,9.449999809265137,8.925000190734863,9.449999809265137,8.925000190734863,11429.0,6.0604119300842285
2008-08-05,9.449999809265137,8.925000190734863,8.925000190734863,8.925000190734863,17143.0,6.0604119300842285
2008-08-06,9.449999809265137,9.449999809265137,9.449999809265137,9.449999809265137,7619.0,6.416906833648682
2008-08-07,9.449999809265137,9.449999809265137,9.449999809265137,9.449999809265137,1905.0,6.416906833648682
2008-08-08,9.449999809265137,8.925000190734863,9.449999809265137,9.449999809265137,20952.0,6.416906833648682
2008-08-11,9.449999809265137,8.925000190734863,8.925000190734863,9.449999809265137,38095.0,6.416906833648682
2008-08-12,8.925000190734863,8.925000190734863,8.925000190734863,8.925000190734863,19048.0,6.0604119300842285
2008-08-13,8.399999618530273,8.399999618530273,8.399999618530273,8.399999618530273,5714.0,5.703917503356934
2008-08-14,8.925000190734863,8.399999618530273,8.925000190734863,8.925000190734863,13333.0,6.0604119300842285
2008-08-15,8.399999618530273,8.399999618530273,8.399999618530273,8.399999618530273,34286.0,5.703917503356934
2008-08-18,8.925000190734863,7.875,8.925000190734863,7.875,17143.0,5.3474225997924805
2008-08-19,8.399999618530273,8.399999618530273,8.399999618530273,8.399999618530273,1905.0,5.703917503356934
2008-08-20,8.399999618530273,8.399999618530273,8.399999618530273,8.399999618530273,15238.0,5.703917503356934
2008-08-21,8.925000190734863,8.399999618530273,8.399999618530273,8.399999618530273,0.0,5.703917503356934
2008-08-22,8.399999618530273,8.399999618530273,8.399999618530273,8.399999618530273,13333.0,5.703917503356934
2008-08-25,8.399999618530273,8.399999618530273,8.399999618530273,8.399999618530273,1905.0,5.703917503356934
2008-08-26,8.925000190734863,8.399999618530273,8.399999618530273,8.399999618530273,17143.0,5.703917503356934
2008-08-27,8.399999618530273,8.399999618530273,8.399999618530273,8.399999618530273,1905.0,5.703917503356934
2008-08-28,8.399999618530273,8.399999618530273,8.399999618530273,8.399999618530273,1905.0,5.703917503356934
2008-08-29,8.399999618530273,8.399999618530273,8.399999618530273,8.399999618530273,1905.0,5.703917503356934
2008-09-01,8.399999618530273,8.399999618530273,8.399999618530273,8.399999618530273,17143.0,5.703917503356934
2008-09-02,8.399999618530273,7.875,7.875,7.875,0.0,5.3474225997924805
2008-09-03,8.399999618530273,7.875,8.399999618530273,8.399999618530273,30476.0,5.703917503356934
2008-09-04,8.399999618530273,7.875,7.875,8.399999618530273,17143.0,5.703917503356934
2008-09-05,8.399999618530273,8.399999618530273,8.399999618530273,8.399999618530273,5714.0,5.703917503356934
2008-09-08,8.399999618530273,7.875,8.399999618530273,7.875,20952.0,5.3474225997924805
2008-09-09,8.399999618530273,7.875,8.399999618530273,7.875,47619.0,5.3474225997924805
2008-09-10,7.875,7.875,7.875,7.875,1905.0,5.3474225997924805
2008-09-11,7.875,7.349999904632568,7.875,7.875,30476.0,5.3474225997924805
2008-09-12,7.875,7.875,7.875,7.875,5714.0,5.3474225997924805
2008-09-15,7.875,7.349999904632568,7.875,7.349999904632568,5714.0,4.9909281730651855
2008-09-16,7.349999904632568,6.824999809265137,7.349999904632568,7.349999904632568,17143.0,4.9909281730651855
2008-09-17,7.875,6.824999809265137,6.824999809265137,7.875,32381.0,5.3474225997924805
2008-09-18,7.349999904632568,7.349999904632568,7.349999904632568,7.349999904632568,1905.0,4.9909281730651855
2008-09-19,8.399999618530273,7.875,7.875,8.399999618530273,38095.0,5.703917503356934
2008-09-22,8.399999618530273,7.875,7.875,7.875,0.0,5.3474225997924805
2008-09-23,8.399999618530273,7.875,7.875,7.875,19048.0,5.3474225997924805
2008-09-24,7.875,7.875,7.875,7.875,7619.0,5.3474225997924805
2008-09-25,8.399999618530273,8.399999618530273,8.399999618530273,8.399999618530273,1905.0,5.703917503356934
2008-09-26,7.875,7.875,7.875,7.875,1905.0,5.3474225997924805
2008-09-29,7.875,7.875,7.875,7.875,1905.0,5.3474225997924805
2008-09-30,7.875,7.349999904632568,7.349999904632568,7.875,5714.0,5.3474225997924805
2008-10-01,7.875,7.349999904632568,7.349999904632568,7.349999904632568,17143.0,4.9909281730651855
2008-10-02,7.349999904632568,7.349999904632568,7.349999904632568,7.349999904632568,68571.0,4.9909281730651855
2008-10-03,7.349999904632568,7.349999904632568,7.349999904632568,7.349999904632568,24762.0,4.9909281730651855
2008-10-06,7.349999904632568,6.824999809265137,7.349999904632568,6.824999809265137,19048.0,4.634432792663574
2008-10-07,6.824999809265137,6.300000190734863,6.824999809265137,6.824999809265137,24762.0,4.634432792663574
2008-10-08,6.300000190734863,6.300000190734863,6.300000190734863,6.300000190734863,22857.0,4.277937412261963
2008-10-09,6.824999809265137,6.300000190734863,6.300000190734863,6.824999809265137,19048.0,4.634432792663574
2008-10-10,6.300000190734863,5.775000095367432,6.300000190734863,6.300000190734863,28571.0,4.277937412261963
2008-10-13,7.349999904632568,6.824999809265137,6.824999809265137,7.349999904632568,20952.0,4.9909281730651855
2008-10-14,7.349999904632568,6.824999809265137,6.824999809265137,7.349999904632568,7619.0,4.9909281730651855
2008-10-15,6.824999809265137,6.300000190734863,6.824999809265137,6.824999809265137,15238.0,4.634432792663574
2008-10-16,6.824999809265137,6.824999809265137,6.824999809265137,6.824999809265137,1905.0,4.634432792663574
2008-10-17,6.824999809265137,6.824999809265137,6.824999809265137,6.824999809265137,5714.0,4.634432792663574
2008-10-20,6.824999809265137,6.300000190734863,6.300000190734863,6.824999809265137,36190.0,4.634432792663574
2008-10-21,6.824999809265137,6.824999809265137,6.824999809265137,6.824999809265137,1905.0,4.634432792663574
2008-10-22,6.300000190734863,6.300000190734863,6.300000190734863,6.300000190734863,17143.0,4.277937412261963
2008-10-23,6.300000190734863,5.25,5.775000095367432,5.775000095367432,32381.0,3.9214425086975098
2008-10-24,5.775000095367432,5.25,5.25,5.25,22857.0,3.5649478435516357
2008-10-27,5.25,5.25,5.25,5.25,13333.0,3.5649478435516357
2008-10-28,6.300000190734863,5.775000095367432,5.775000095367432,5.775000095367432,26667.0,3.9214425086975098
2008-10-29,6.300000190734863,6.300000190734863,6.300000190734863,6.300000190734863,20952.0,4.277937412261963
2008-10-30,6.824999809265137,6.300000190734863,6.300000190734863,6.824999809265137,5714.0,4.634432792663574
2008-10-31,6.824999809265137,6.824999809265137,6.824999809265137,6.824999809265137,41905.0,4.634432792663574
2008-11-03,7.349999904632568,6.824999809265137,6.824999809265137,7.349999904632568,3810.0,4.9909281730651855
2008-11-04,7.875,7.349999904632568,7.349999904632568,7.349999904632568,11429.0,4.9909281730651855
2008-11-05,7.875,7.349999904632568,7.875,7.349999904632568,13333.0,4.9909281730651855
2008-11-06,7.349999904632568,7.349999904632568,7.349999904632568,7.349999904632568,1905.0,4.9909281730651855
2008-11-07,7.349999904632568,7.349999904632568,7.349999904632568,7.349999904632568,1905.0,4.9909281730651855
2008-11-10,7.875,7.875,7.875,7.875,1905.0,5.3474225997924805
2008-11-11,7.875,7.875,7.875,7.875,1905.0,5.3474225997924805
2008-11-12,7.875,7.349999904632568,7.875,7.349999904632568,17143.0,4.9909281730651855
2008-11-13,7.349999904632568,6.824999809265137,6.824999809265137,6.824999809265137,0.0,4.634432792663574
2008-11-14,7.875,6.824999809265137,7.875,7.349999904632568,15238.0,4.9909281730651855
2008-11-17,7.349999904632568,6.824999809265137,6.824999809265137,7.349999904632568,5714.0,4.9909281730651855
2008-11-18,7.349999904632568,6.824999809265137,7.349999904632568,6.824999809265137,9524.0,4.634432792663574
2008-11-19,6.824999809265137,6.824999809265137,6.824999809265137,6.824999809265137,1905.0,4.634432792663574
2008-11-21,6.824999809265137,6.824999809265137,6.824999809265137,6.824999809265137,5714.0,4.634432792663574
2008-11-24,7.349999904632568,6.824999809265137,6.824999809265137,6.824999809265137,28571.0,4.634432792663574
2008-11-25,7.349999904632568,6.824999809265137,6.824999809265137,6.824999809265137,28571.0,4.634432792663574
2008-11-26,7.349999904632568,6.824999809265137,7.349999904632568,6.824999809265137,13333.0,4.634432792663574
2008-11-27,7.349999904632568,6.824999809265137,7.349999904632568,6.824999809265137,7619.0,4.634432792663574
2008-11-28,7.349999904632568,6.824999809265137,7.349999904632568,6.824999809265137,7619.0,4.634432792663574
2008-12-01,6.824999809265137,6.300000190734863,6.824999809265137,6.824999809265137,15238.0,4.634432792663574
2008-12-02,7.349999904632568,7.349999904632568,7.349999904632568,7.349999904632568,5714.0,4.9909281730651855
2008-12-03,6.824999809265137,6.824999809265137,6.824999809265137,6.824999809265137,1905.0,4.634432792663574
2008-12-04,7.349999904632568,7.349999904632568,7.349999904632568,7.349999904632568,1905.0,4.9909281730651855
2008-12-05,6.824999809265137,6.824999809265137,6.824999809265137,6.824999809265137,1905.0,4.634432792663574
2008-12-08,7.349999904632568,7.349999904632568,7.349999904632568,7.349999904632568,7619.0,4.9909281730651855
2008-12-09,7.349999904632568,7.349999904632568,7.349999904632568,7.349999904632568,5714.0,4.9909281730651855
2008-12-10,7.875,7.349999904632568,7.875,7.349999904632568,5714.0,4.9909281730651855
2008-12-11,7.349999904632568,7.349999904632568,7.349999904632568,7.349999904632568,5714.0,4.9909281730651855
2008-12-12,7.349999904632568,7.349999904632568,7.349999904632568,7.349999904632568,3810.0,4.9909281730651855
2008-12-15,7.349999904632568,7.349999904632568,7.349999904632568,7.349999904632568,11429.0,4.9909281730651855
2008-12-16,7.349999904632568,6.824999809265137,7.349999904632568,7.349999904632568,7619.0,4.9909281730651855
2008-12-17,7.349999904632568,6.824999809265137,6.824999809265137,6.824999809265137,0.0,4.634432792663574
2008-12-18,7.349999904632568,6.824999809265137,7.349999904632568,7.349999904632568,9524.0,4.9909281730651855
2008-12-19,7.349999904632568,7.349999904632568,7.349999904632568,7.349999904632568,3810.0,4.9909281730651855
2008-12-22,7.349999904632568,7.349999904632568,7.349999904632568,7.349999904632568,5714.0,4.99306058883667
2008-12-23,7.349999904632568,6.824999809265137,6.824999809265137,6.824999809265137,0.0,4.63641357421875
2008-12-26,6.824999809265137,6.824999809265137,6.824999809265137,6.824999809265137,11429.0,4.63641357421875
2008-12-29,6.824999809265137,6.824999809265137,6.824999809265137,6.824999809265137,1905.0,4.63641357421875
2008-12-30,7.349999904632568,7.349999904632568,7.349999904632568,7.349999904632568,11429.0,4.99306058883667
2009-01-02,7.349999904632568,6.824999809265137,6.824999809265137,7.349999904632568,15238.0,4.99306058883667
2009-01-05,7.349999904632568,6.824999809265137,6.824999809265137,6.824999809265137,0.0,4.63641357421875
2009-01-06,7.349999904632568,6.824999809265137,6.824999809265137,6.824999809265137,0.0,4.63641357421875
2009-01-08,7.349999904632568,6.824999809265137,6.824999809265137,6.824999809265137,0.0,4.63641357421875
2009-01-12,7.349999904632568,6.824999809265137,6.824999809265137,6.824999809265137,0.0,4.63641357421875
2009-01-13,7.349999904632568,6.824999809265137,7.349999904632568,6.824999809265137,3810.0,4.63641357421875
2009-01-14,6.824999809265137,6.824999809265137,6.824999809265137,6.824999809265137,9524.0,4.63641357421875
2009-01-15,6.300000190734863,6.300000190734863,6.300000190734863,6.300000190734863,1905.0,4.27976655960083
2009-01-16,6.824999809265137,6.300000190734863,6.300000190734863,6.824999809265137,3810.0,4.63641357421875
2009-01-19,6.300000190734863,6.300000190734863,6.300000190734863,6.300000190734863,15238.0,4.27976655960083
2009-01-20,6.824999809265137,6.300000190734863,6.300000190734863,6.300000190734863,0.0,4.27976655960083
2009-01-21,6.824999809265137,6.824999809265137,6.824999809265137,6.824999809265137,1905.0,4.63641357421875
2009-01-22,6.824999809265137,6.300000190734863,6.300000190734863,6.300000190734863,0.0,4.27976655960083
2009-01-23,6.824999809265137,6.300000190734863,6.824999809265137,6.300000190734863,3810.0,4.27976655960083
2009-01-26,6.824999809265137,6.300000190734863,6.300000190734863,6.300000190734863,0.0,4.27976655960083
2009-01-27,6.300000190734863,6.300000190734863,6.300000190734863,6.300000190734863,9524.0,4.27976655960083
2009-01-28,6.824999809265137,6.824999809265137,6.824999809265137,6.824999809265137,3810.0,4.63641357421875
2009-01-29,6.824999809265137,6.300000190734863,6.300000190734863,6.300000190734863,0.0,4.27976655960083
2009-02-02,6.824999809265137,6.300000190734863,6.300000190734863,6.300000190734863,0.0,4.27976655960083
2009-02-04,6.824999809265137,6.824999809265137,6.824999809265137,6.824999809265137,5714.0,4.63641357421875
2009-02-05,6.300000190734863,6.300000190734863,6.300000190734863,6.300000190734863,9524.0,4.27976655960083
2009-02-06,6.300000190734863,6.300000190734863,6.300000190734863,6.300000190734863,1905.0,4.27976655960083
2009-02-09,6.300000190734863,6.300000190734863,6.300000190734863,6.300000190734863,3810.0,4.27976655960083
2009-02-10,6.300000190734863,6.300000190734863,6.300000190734863,6.300000190734863,3810.0,4.27976655960083
2009-02-11,6.824999809265137,6.300000190734863,6.300000190734863,6.300000190734863,0.0,4.27976655960083
2009-02-12,6.300000190734863,6.300000190734863,6.300000190734863,6.300000190734863,5714.0,4.27976655960083
2009-02-13,6.824999809265137,6.824999809265137,6.824999809265137,6.824999809265137,30476.0,4.63641357421875
2009-02-16,6.824999809265137,6.824999809265137,6.824999809265137,6.824999809265137,9524.0,4.63641357421875
2009-02-17,6.300000190734863,6.300000190734863,6.300000190734863,6.300000190734863,1905.0,4.27976655960083
2009-02-18,6.300000190734863,6.300000190734863,6.300000190734863,6.300000190734863,1905.0,4.27976655960083
2009-02-19,6.824999809265137,6.300000190734863,6.300000190734863,6.300000190734863,0.0,4.27976655960083
2009-02-20,6.824999809265137,6.300000190734863,6.300000190734863,6.300000190734863,0.0,4.27976655960083
2009-02-25,6.300000190734863,6.300000190734863,6.300000190734863,6.300000190734863,1905.0,4.27976655960083
2009-02-26,6.824999809265137,6.824999809265137,6.824999809265137,6.824999809265137,1905.0,4.63641357421875
2009-03-02,6.300000190734863,6.300000190734863,6.300000190734863,6.300000190734863,5714.0,4.27976655960083
2009-03-03,6.824999809265137,6.824999809265137,6.824999809265137,6.824999809265137,5714.0,4.63641357421875
2009-03-04,6.824999809265137,6.300000190734863,6.300000190734863,6.300000190734863,0.0,4.27976655960083
2009-03-05,6.824999809265137,6.300000190734863,6.300000190734863,6.300000190734863,0.0,4.27976655960083
2009-03-06,6.824999809265137,6.300000190734863,6.300000190734863,6.300000190734863,0.0,4.27976655960083
2009-03-09,6.300000190734863,6.300000190734863,6.300000190734863,6.300000190734863,1905.0,4.27976655960083
2009-03-10,6.824999809265137,6.300000190734863,6.300000190734863,6.824999809265137,3810.0,4.63641357421875
2009-03-11,6.824999809265137,6.300000190734863,6.300000190734863,6.300000190734863,0.0,4.27976655960083
2009-03-12,6.824999809265137,6.824999809265137,6.824999809265137,6.824999809265137,5714.0,4.63641357421875
2009-03-13,6.824999809265137,6.300000190734863,6.300000190734863,6.300000190734863,0.0,4.27976655960083
2009-03-17,6.300000190734863,6.300000190734863,6.300000190734863,6.300000190734863,1905.0,4.27976655960083
2009-03-18,6.824999809265137,6.300000190734863,6.300000190734863,6.300000190734863,0.0,4.27976655960083
2009-03-19,6.824999809265137,6.300000190734863,6.824999809265137,6.300000190734863,7619.0,4.27976655960083
2009-03-20,6.824999809265137,6.300000190734863,6.824999809265137,6.300000190734863,3810.0,4.27976655960083
2009-03-23,6.824999809265137,6.300000190734863,6.824999809265137,6.824999809265137,7619.0,4.63641357421875
2009-03-24,6.824999809265137,6.824999809265137,6.824999809265137,6.824999809265137,15238.0,4.63641357421875
2009-03-25,6.824999809265137,6.824999809265137,6.824999809265137,6.824999809265137,13333.0,4.63641357421875
2009-03-26,6.824999809265137,6.824999809265137,6.824999809265137,6.824999809265137,1905.0,4.63641357421875
2009-03-27,6.824999809265137,6.824999809265137,6.824999809265137,6.824999809265137,7619.0,4.63641357421875
2009-03-30,6.824999809265137,6.300000190734863,6.300000190734863,6.824999809265137,3810.0,4.63641357421875
2009-03-31,6.824999809265137,6.824999809265137,6.824999809265137,6.824999809265137,1905.0,4.63641357421875
2009-04-01,6.300000190734863,6.300000190734863,6.300000190734863,6.300000190734863,1905.0,4.27976655960083
2009-04-02,6.824999809265137,6.824999809265137,6.824999809265137,6.824999809265137,1905.0,4.63641357421875
2009-04-03,6.824999809265137,6.824999809265137,6.824999809265137,6.824999809265137,1905.0,4.63641357421875
2009-04-06,6.824999809265137,6.824999809265137,6.824999809265137,6.824999809265137,9524.0,4.63641357421875
2009-04-07,6.824999809265137,6.300000190734863,6.300000190734863,6.824999809265137,3810.0,4.63641357421875
2009-04-08,6.824999809265137,6.300000190734863,6.300000190734863,6.300000190734863,0.0,4.27976655960083
2009-04-09,6.824999809265137,6.824999809265137,6.824999809265137,6.824999809265137,1905.0,4.63641357421875
2009-04-13,6.824999809265137,6.824999809265137,6.824999809265137,6.824999809265137,7619.0,4.63641357421875
2009-04-14,6.824999809265137,6.824999809265137,6.824999809265137,6.824999809265137,1905.0,4.63641357421875
2009-04-15,6.300000190734863,6.300000190734863,6.300000190734863,6.300000190734863,5714.0,4.27976655960083
2009-04-16,6.824999809265137,6.300000190734863,6.300000190734863,6.824999809265137,55238.0,4.63641357421875
2009-04-17,6.824999809265137,6.300000190734863,6.824999809265137,6.824999809265137,7619.0,4.63641357421875
2009-04-20,6.300000190734863,6.300000190734863,6.300000190734863,6.300000190734863,3810.0,4.27976655960083
2009-04-22,6.824999809265137,6.824999809265137,6.824999809265137,6.824999809265137,1905.0,4.63641357421875
2009-04-23,6.824999809265137,6.300000190734863,6.300000190734863,6.824999809265137,156190.0,4.63641357421875
2009-04-24,6.824999809265137,6.300000190734863,6.824999809265137,6.824999809265137,60952.0,4.63641357421875
2009-04-27,6.824999809265137,6.824999809265137,6.824999809265137,6.824999809265137,1905.0,4.63641357421875
2009-04-28,7.349999904632568,6.824999809265137,6.824999809265137,7.349999904632568,43810.0,4.99306058883667
2009-04-29,7.349999904632568,7.349999904632568,7.349999904632568,7.349999904632568,53333.0,4.99306058883667
2009-04-30,7.349999904632568,6.824999809265137,7.349999904632568,6.824999809265137,22857.0,4.63641357421875
2009-05-04,7.349999904632568,7.349999904632568,7.349999904632568,7.349999904632568,5714.0,4.99306058883667
2009-05-05,6.824999809265137,6.824999809265137,6.824999809265137,6.824999809265137,1905.0,4.63641357421875
2009-05-06,7.349999904632568,6.300000190734863,7.349999904632568,6.300000190734863,59048.0,4.27976655960083
2009-05-07,6.824999809265137,6.300000190734863,6.300000190734863,6.824999809265137,64762.0,4.63641357421875
2009-05-08,6.824999809265137,6.300000190734863,6.300000190734863,6.824999809265137,19048.0,4.63641357421875
2009-05-11,6.300000190734863,6.300000190734863,6.300000190734863,6.300000190734863,1905.0,4.27976655960083
2009-05-12,6.824999809265137,6.300000190734863,6.300000190734863,6.824999809265137,24762.0,4.63641357421875
2009-05-13,6.824999809265137,6.824999809265137,6.824999809265137,6.824999809265137,3810.0,4.63641357421875
2009-05-14,6.824999809265137,6.300000190734863,6.824999809265137,6.824999809265137,13333.0,4.63641357421875
2009-05-15,6.824999809265137,6.300000190734863,6.824999809265137,6.824999809265137,5714.0,4.63641357421875
2009-05-18,6.824999809265137,6.824999809265137,6.824999809265137,6.824999809265137,1905.0,4.63641357421875
2009-05-19,6.824999809265137,6.824999809265137,6.824999809265137,6.824999809265137,1905.0,4.63641357421875
2009-05-20,6.824999809265137,6.300000190734863,6.824999809265137,6.824999809265137,5714.0,4.63641357421875
2009-05-21,6.824999809265137,6.300000190734863,6.300000190734863,6.300000190734863,0.0,4.27976655960083
2009-05-22,6.824999809265137,6.300000190734863,6.300000190734863,6.300000190734863,0.0,4.27976655960083
2009-05-25,6.824999809265137,6.300000190734863,6.300000190734863,6.824999809265137,13333.0,4.63641357421875
2009-05-26,6.824999809265137,6.300000190734863,6.300000190734863,6.300000190734863,0.0,4.27976655960083
2009-05-27,6.824999809265137,6.300000190734863,6.300000190734863,6.824999809265137,22857.0,4.63641357421875
2009-05-28,6.824999809265137,6.300000190734863,6.300000190734863,6.300000190734863,0.0,4.27976655960083
2009-05-29,6.824999809265137,6.824999809265137,6.824999809265137,6.824999809265137,7619.0,4.63641357421875
2009-06-01,6.824999809265137,6.300000190734863,6.824999809265137,6.824999809265137,26667.0,4.63641357421875
2009-06-02,7.349999904632568,6.824999809265137,6.824999809265137,7.349999904632568,24762.0,4.99306058883667
2009-06-03,7.349999904632568,6.300000190734863,6.824999809265137,6.824999809265137,26667.0,4.63641357421875
2009-06-04,7.349999904632568,6.300000190734863,6.824999809265137,7.349999904632568,30476.0,4.99306058883667
2009-06-05,7.349999904632568,6.824999809265137,6.824999809265137,7.349999904632568,17143.0,4.99306058883667
2009-06-08,7.349999904632568,6.824999809265137,6.824999809265137,7.349999904632568,11429.0,4.99306058883667
2009-06-09,7.349999904632568,6.824999809265137,6.824999809265137,7.349999904632568,3810.0,4.99306058883667
2009-06-10,7.349999904632568,6.824999809265137,7.349999904632568,7.349999904632568,24762.0,4.99306058883667
2009-06-12,6.824999809265137,6.824999809265137,6.824999809265137,6.824999809265137,3810.0,4.63641357421875
2009-06-15,7.349999904632568,7.349999904632568,7.349999904632568,7.349999904632568,51429.0,4.99306058883667
2009-06-16,7.875,6.824999809265137,6.824999809265137,7.349999904632568,99048.0,4.99306058883667
2009-06-17,7.875,7.349999904632568,7.875,7.349999904632568,36190.0,4.99306058883667
2009-06-18,7.875,7.349999904632568,7.349999904632568,7.875,20952.0,5.349707126617432
2009-06-19,7.875,7.875,7.875,7.875,1905.0,5.349707126617432
2009-06-22,7.875,7.349999904632568,7.875,7.349999904632568,15238.0,4.99306058883667
2009-06-23,7.875,7.875,7.875,7.875,1905.0,5.349707126617432
2009-06-24,7.875,7.349999904632568,7.349999904632568,7.349999904632568,0.0,4.99306058883667
2009-06-25,7.875,7.349999904632568,7.349999904632568,7.875,19048.0,5.349707126617432
2009-06-26,7.349999904632568,7.349999904632568,7.349999904632568,7.349999904632568,3810.0,4.99306058883667
2009-06-29,7.875,6.824999809265137,6.824999809265137,7.349999904632568,7619.0,4.99306058883667
2009-06-30,7.875,7.349999904632568,7.349999904632568,7.875,32381.0,5.349707126617432
2009-07-01,7.875,7.349999904632568,7.349999904632568,7.875,9524.0,5.349707126617432
2009-07-02,7.875,7.875,7.875,7.875,1905.0,5.349707126617432
2009-07-03,7.875,7.349999904632568,7.349999904632568,7.875,9524.0,5.349707126617432
2009-07-06,7.875,7.875,7.875,7.875,1905.0,5.349707126617432
2009-07-07,8.925000190734863,7.875,7.875,7.875,238095.0,5.349707126617432
2009-07-08,8.399999618530273,8.399999618530273,8.399999618530273,8.399999618530273,7619.0,5.706352710723877
2009-07-10,8.925000190734863,7.875,8.399999618530273,8.925000190734863,102857.0,6.06300163269043
2009-07-13,8.925000190734863,8.399999618530273,8.925000190734863,8.925000190734863,24762.0,6.06300163269043
2009-07-14,8.399999618530273,8.399999618530273,8.399999618530273,8.399999618530273,43810.0,5.706352710723877
2009-07-15,8.925000190734863,8.399999618530273,8.399999618530273,8.399999618530273,78095.0,5.706352710723877
2009-07-16,8.925000190734863,8.925000190734863,8.925000190734863,8.925000190734863,7619.0,6.06300163269043
2009-07-17,8.399999618530273,8.399999618530273,8.399999618530273,8.399999618530273,28571.0,5.706352710723877
2009-07-20,8.399999618530273,8.399999618530273,8.399999618530273,8.399999618530273,22857.0,5.706352710723877
2009-07-21,12.074999809265137,8.399999618530273,8.399999618530273,11.024999618530273,693333.0,7.489589691162109
2009-07-22,13.125,11.024999618530273,11.550000190734863,11.550000190734863,339048.0,7.846238136291504
2009-07-23,12.074999809265137,11.550000190734863,11.550000190734863,12.074999809265137,60952.0,8.20288372039795
2009-07-24,11.550000190734863,11.550000190734863,11.550000190734863,11.550000190734863,19048.0,7.846238136291504
2009-07-27,12.074999809265137,11.550000190734863,11.550000190734863,12.074999809265137,20952.0,8.20288372039795
2009-07-28,12.074999809265137,11.550000190734863,11.550000190734863,11.550000190734863,24762.0,7.846238136291504
2009-07-29,12.600000381469727,11.550000190734863,12.074999809265137,12.074999809265137,142857.0,8.20288372039795
2009-07-30,12.600000381469727,12.074999809265137,12.074999809265137,12.074999809265137,30476.0,8.20288372039795
2009-07-31,12.600000381469727,12.074999809265137,12.074999809265137,12.074999809265137,93333.0,8.20288372039795
2009-08-03,13.125,12.074999809265137,12.074999809265137,12.600000381469727,272381.0,8.55953311920166
2009-08-04,13.125,12.600000381469727,12.600000381469727,12.600000381469727,83810.0,8.55953311920166
2009-08-05,13.125,12.074999809265137,12.600000381469727,13.125,100952.0,8.916181564331055
2009-08-06,12.600000381469727,12.600000381469727,12.600000381469727,12.600000381469727,51429.0,8.55953311920166
2009-08-07,13.125,12.600000381469727,12.600000381469727,12.600000381469727,45714.0,8.55953311920166
2009-08-10,12.600000381469727,12.074999809265137,12.600000381469727,12.074999809265137,68571.0,8.20288372039795
2009-08-11,12.600000381469727,12.074999809265137,12.074999809265137,12.600000381469727,41905.0,8.55953311920166
2009-08-12,12.600000381469727,12.600000381469727,12.600000381469727,12.600000381469727,19048.0,8.55953311920166
2009-08-13,12.600000381469727,12.600000381469727,12.600000381469727,12.600000381469727,3810.0,8.55953311920166
2009-08-14,12.600000381469727,12.074999809265137,12.600000381469727,12.074999809265137,60952.0,8.20288372039795
2009-08-17,12.074999809265137,12.074999809265137,12.074999809265137,12.074999809265137,62857.0,8.20288372039795
2009-08-18,12.600000381469727,12.074999809265137,12.600000381469727,12.074999809265137,72381.0,8.20288372039795
2009-08-19,12.074999809265137,12.074999809265137,12.074999809265137,12.074999809265137,5714.0,8.20288372039795
2009-08-20,12.074999809265137,12.074999809265137,12.074999809265137,12.074999809265137,13333.0,8.20288372039795
2009-08-21,12.600000381469727,12.074999809265137,12.074999809265137,12.074999809265137,13333.0,8.20288372039795
2009-08-24,12.600000381469727,12.074999809265137,12.600000381469727,12.074999809265137,45714.0,8.20288372039795
2009-08-25,12.074999809265137,11.550000190734863,12.074999809265137,11.550000190734863,104762.0,7.846238136291504
2009-08-26,12.074999809265137,12.074999809265137,12.074999809265137,12.074999809265137,5714.0,8.20288372039795
2009-08-27,11.550000190734863,11.550000190734863,11.550000190734863,11.550000190734863,26667.0,7.846238136291504
2009-08-28,12.074999809265137,11.550000190734863,11.550000190734863,12.074999809265137,9524.0,8.20288372039795
2009-08-31,12.074999809265137,12.074999809265137,12.074999809265137,12.074999809265137,1905.0,8.20288372039795
2009-09-01,11.550000190734863,11.024999618530273,11.550000190734863,11.024999618530273,62857.0,7.489589691162109
2009-09-02,11.550000190734863,11.024999618530273,11.024999618530273,11.550000190734863,66667.0,7.846238136291504
2009-09-03,12.074999809265137,11.550000190734863,11.550000190734863,12.074999809265137,13333.0,8.20288372039795
2009-09-04,12.600000381469727,11.550000190734863,11.550000190734863,12.074999809265137,207619.0,8.20288372039795
2009-09-08,13.649999618530273,12.074999809265137,12.074999809265137,13.649999618530273,308571.0,9.2728271484375
2009-09-09,13.649999618530273,12.600000381469727,13.125,13.125,112381.0,8.916181564331055
2009-09-10,13.125,12.600000381469727,13.125,13.125,47619.0,8.916181564331055
2009-09-11,13.649999618530273,12.600000381469727,13.125,13.649999618530273,53333.0,9.2728271484375
2009-09-14,13.649999618530273,13.125,13.125,13.649999618530273,85714.0,9.2728271484375
2009-09-15,13.649999618530273,13.125,13.125,13.125,114286.0,8.916181564331055
2009-09-16,13.649999618530273,13.125,13.125,13.649999618530273,24762.0,9.2728271484375
2009-09-17,13.125,13.125,13.125,13.125,11429.0,8.916181564331055
2009-09-18,13.649999618530273,13.125,13.125,13.649999618530273,93333.0,9.2728271484375
2009-09-21,13.649999618530273,12.600000381469727,13.649999618530273,13.125,466667.0,8.916181564331055
2009-09-22,13.125,12.600000381469727,13.125,12.600000381469727,161905.0,8.55953311920166
2009-09-23,13.125,12.600000381469727,12.600000381469727,12.600000381469727,78095.0,8.55953311920166
2009-09-24,12.600000381469727,12.600000381469727,12.600000381469727,12.600000381469727,3810.0,8.55953311920166
2009-09-25,12.600000381469727,12.074999809265137,12.600000381469727,12.074999809265137,53333.0,8.20288372039795
2009-09-28,12.600000381469727,12.074999809265137,12.600000381469727,12.074999809265137,53333.0,8.20288372039795
2009-09-29,12.600000381469727,12.074999809265137,12.600000381469727,12.600000381469727,34286.0,8.55953311920166
2009-09-30,12.600000381469727,12.074999809265137,12.600000381469727,12.600000381469727,47619.0,8.55953311920166
2009-10-01,12.600000381469727,12.074999809265137,12.074999809265137,12.600000381469727,55238.0,8.55953311920166
2009-10-02,12.600000381469727,12.074999809265137,12.600000381469727,12.600000381469727,55238.0,8.55953311920166
2009-10-05,12.600000381469727,12.074999809265137,12.074999809265137,12.600000381469727,100952.0,8.55953311920166
2009-10-06,12.600000381469727,12.600000381469727,12.600000381469727,12.600000381469727,146667.0,8.55953311920166
2009-10-07,12.600000381469727,11.024999618530273,12.600000381469727,11.550000190734863,185467.0,7.846238136291504
2009-10-08,12.074999809265137,11.024999618530273,11.550000190734863,11.024999618530273,89823.0,7.489589691162109
2009-10-09,11.550000190734863,11.024999618530273,11.550000190734863,11.550000190734863,55261.0,7.846238136291504
2009-10-13,11.550000190734863,11.024999618530273,11.550000190734863,11.024999618530273,35627.0,7.489589691162109
2009-10-14,11.550000190734863,11.024999618530273,11.550000190734863,11.550000190734863,72509.0,7.846238136291504
2009-10-15,11.550000190734863,11.024999618530273,11.550000190734863,11.024999618530273,53057.0,7.489589691162109
2009-10-16,12.074999809265137,11.024999618530273,11.550000190734863,11.550000190734863,184164.0,7.846238136291504
2009-10-19,12.074999809265137,11.024999618530273,11.550000190734863,11.550000190734863,93427.0,7.846238136291504
2009-10-20,11.550000190734863,11.024999618530273,11.550000190734863,11.550000190734863,125827.0,7.846238136291504
2009-10-21,11.550000190734863,11.024999618530273,11.550000190734863,11.550000190734863,169781.0,7.846238136291504
2009-10-22,11.550000190734863,11.024999618530273,11.550000190734863,11.550000190734863,12088.0,7.846238136291504
2009-10-23,11.550000190734863,10.5,11.550000190734863,11.550000190734863,93958.0,7.846238136291504
2009-10-26,11.550000190734863,11.024999618530273,11.550000190734863,11.550000190734863,33851.0,7.846238136291504
2009-10-27,11.550000190734863,10.5,11.024999618530273,11.024999618530273,79750.0,7.489589691162109
2009-10-28,11.024999618530273,9.975000381469727,11.024999618530273,10.5,98912.0,7.132944107055664
2009-10-29,11.024999618530273,10.5,10.5,11.024999618530273,47539.0,7.489589691162109
2009-10-30,11.024999618530273,9.975000381469727,10.5,9.975000381469727,49396.0,6.776295185089111
2009-11-03,10.5,9.975000381469727,10.5,10.5,102905.0,7.132944107055664
2009-11-04,10.5,9.975000381469727,10.5,9.975000381469727,64802.0,6.776295185089111
2009-11-05,10.5,9.975000381469727,10.5,10.5,14602.0,7.132944107055664
2009-11-06,10.5,9.975000381469727,10.5,9.975000381469727,23046.0,6.776295185089111
2009-11-09,10.5,9.975000381469727,9.975000381469727,10.5,21196.0,7.132944107055664
2009-11-10,10.5,9.975000381469727,9.975000381469727,10.5,31101.0,7.132944107055664
2009-11-11,11.024999618530273,9.975000381469727,10.5,11.024999618530273,427912.0,7.489589691162109
2009-11-12,11.024999618530273,10.5,11.024999618530273,10.5,21217.0,7.132944107055664
2009-11-13,11.024999618530273,10.5,10.5,10.5,26650.0,7.132944107055664
2009-11-16,11.024999618530273,10.5,11.024999618530273,11.024999618530273,20899.0,7.489589691162109
2009-11-17,11.024999618530273,10.5,10.5,11.024999618530273,45088.0,7.489589691162109
2009-11-18,11.024999618530273,10.5,11.024999618530273,11.024999618530273,122695.0,7.489589691162109
2009-11-19,11.024999618530273,10.5,11.024999618530273,10.5,36000.0,7.132944107055664
2009-11-23,11.550000190734863,10.5,10.5,11.024999618530273,84010.0,7.489589691162109
2009-11-24,11.550000190734863,11.024999618530273,11.550000190734863,11.550000190734863,67368.0,7.846238136291504
2009-11-25,11.550000190734863,11.024999618530273,11.550000190734863,11.024999618530273,49512.0,7.489589691162109
2009-11-26,11.024999618530273,10.5,11.024999618530273,11.024999618530273,81838.0,7.489589691162109
2009-11-27,11.024999618530273,10.5,11.024999618530273,11.024999618530273,26682.0,7.489589691162109
2009-11-30,11.550000190734863,10.5,11.024999618530273,11.024999618530273,95425.0,7.489589691162109
2009-12-01,11.550000190734863,11.024999618530273,11.024999618530273,11.550000190734863,124370.0,7.846238136291504
2009-12-02,11.550000190734863,11.024999618530273,11.550000190734863,11.550000190734863,113985.0,7.846238136291504
2009-12-03,11.550000190734863,11.024999618530273,11.550000190734863,11.024999618530273,120126.0,7.489589691162109
2009-12-04,11.550000190734863,11.024999618530273,11.024999618530273,11.024999618530273,221804.0,7.489589691162109
2009-12-07,11.550000190734863,10.5,11.024999618530273,11.024999618530273,102189.0,7.489589691162109
2009-12-08,11.550000190734863,10.5,11.550000190734863,11.550000190734863,46282.0,7.846238136291504
2009-12-09,11.550000190734863,11.024999618530273,11.024999618530273,11.550000190734863,53362.0,7.846238136291504
2009-12-10,11.550000190734863,11.024999618530273,11.550000190734863,11.024999618530273,28556.0,7.489589691162109
2009-12-11,11.550000190734863,11.024999618530273,11.550000190734863,11.550000190734863,16629.0,7.846238136291504
2009-12-14,11.550000190734863,11.024999618530273,11.550000190734863,11.550000190734863,63017.0,7.846238136291504
2009-12-15,11.550000190734863,11.024999618530273,11.024999618530273,11.550000190734863,31459.0,7.846238136291504
2009-12-16,11.550000190734863,11.024999618530273,11.024999618530273,11.024999618530273,92545.0,7.489589691162109
2009-12-17,11.024999618530273,10.5,10.5,11.024999618530273,13335.0,7.489589691162109
2009-12-18,11.024999618530273,10.5,11.024999618530273,11.024999618530273,94895.0,7.489589691162109
2009-12-21,11.550000190734863,10.5,11.024999618530273,11.550000190734863,52632.0,7.846238136291504
2009-12-22,11.550000190734863,11.024999618530273,11.550000190734863,11.024999618530273,20674.0,7.489589691162109
2009-12-23,11.550000190734863,11.024999618530273,11.550000190734863,11.024999618530273,71181.0,7.489589691162109
2009-12-24,11.024999618530273,11.024999618530273,11.024999618530273,11.024999618530273,0.0,7.489589691162109
2009-12-28,11.550000190734863,11.024999618530273,11.024999618530273,11.550000190734863,10703.0,7.846238136291504
2009-12-29,11.550000190734863,11.024999618530273,11.024999618530273,11.550000190734863,36592.0,7.846994400024414
2010-01-04,11.550000190734863,11.024999618530273,11.024999618530273,11.550000190734863,128771.0,7.846994400024414
2010-01-05,11.550000190734863,11.024999618530273,11.550000190734863,11.550000190734863,14366.0,7.846994400024414
2010-01-06,11.550000190734863,11.024999618530273,11.550000190734863,11.550000190734863,27105.0,7.846994400024414
2010-01-07,11.550000190734863,11.024999618530273,11.024999618530273,11.550000190734863,50495.0,7.846994400024414
2010-01-08,11.550000190734863,10.5,11.024999618530273,11.550000190734863,59274.0,7.846994400024414
2010-01-11,11.550000190734863,11.024999618530273,11.024999618530273,11.550000190734863,12783.0,7.846994400024414
2010-01-12,11.550000190734863,11.024999618530273,11.024999618530273,11.024999618530273,38512.0,7.490312099456787
2010-01-13,11.550000190734863,11.024999618530273,11.024999618530273,11.024999618530273,9651.0,7.490312099456787
2010-01-14,11.550000190734863,10.5,11.024999618530273,11.024999618530273,71227.0,7.490312099456787
2010-01-15,11.550000190734863,10.5,11.024999618530273,11.024999618530273,43842.0,7.490312099456787
2010-01-18,11.550000190734863,10.5,11.024999618530273,11.024999618530273,79651.0,7.490312099456787
2010-01-19,11.550000190734863,10.5,10.5,11.024999618530273,62465.0,7.490312099456787
2010-01-20,11.024999618530273,10.5,11.024999618530273,10.5,22853.0,7.133631706237793
2010-01-21,11.024999618530273,10.5,11.024999618530273,10.5,44227.0,7.133631706237793
2010-01-22,11.024999618530273,10.5,11.024999618530273,11.024999618530273,90103.0,7.490312099456787
2010-01-26,11.024999618530273,10.5,11.024999618530273,11.024999618530273,6798.0,7.490312099456787
2010-01-27,11.024999618530273,10.5,11.024999618530273,11.024999618530273,6840.0,7.490312099456787
2010-01-28,11.024999618530273,10.5,10.5,11.024999618530273,19657.0,7.490312099456787
2010-01-29,11.024999618530273,10.5,11.024999618530273,11.024999618530273,7230.0,7.490312099456787
2010-02-01,11.024999618530273,10.5,11.024999618530273,10.5,17910.0,7.133631706237793
2010-02-02,11.024999618530273,10.5,11.024999618530273,11.024999618530273,35051.0,7.490312099456787
2010-02-03,11.024999618530273,10.5,11.024999618530273,11.024999618530273,10604.0,7.490312099456787
2010-02-04,11.024999618530273,9.975000381469727,11.024999618530273,9.975000381469727,256200.0,6.77694845199585
2010-02-05,10.5,9.449999809265137,10.5,9.975000381469727,169859.0,6.77694845199585
2010-02-08,10.5,9.975000381469727,10.5,10.5,24989.0,7.133631706237793
2010-02-09,11.024999618530273,9.975000381469727,10.5,10.5,46712.0,7.133631706237793
2010-02-10,11.024999618530273,9.975000381469727,10.5,10.5,46789.0,7.133631706237793
2010-02-11,11.024999618530273,10.5,10.5,10.5,29088.0,7.133631706237793
2010-02-12,11.024999618530273,9.975000381469727,10.5,11.024999618530273,144747.0,7.490312099456787
2010-02-17,11.024999618530273,10.5,11.024999618530273,11.024999618530273,8899.0,7.490312099456787
2010-02-18,11.024999618530273,10.5,10.5,10.5,14398.0,7.133631706237793
2010-02-19,11.024999618530273,9.975000381469727,10.5,10.5,21284.0,7.133631706237793
2010-02-22,11.024999618530273,9.975000381469727,10.5,10.5,25950.0,7.133631706237793
2010-02-23,11.024999618530273,9.975000381469727,10.5,10.5,26718.0,7.133631706237793
2010-02-24,10.5,9.975000381469727,10.5,10.5,10638.0,7.133631706237793
2010-02-25,10.5,9.975000381469727,10.5,9.975000381469727,35019.0,6.77694845199585
2010-02-26,10.5,9.975000381469727,10.5,10.5,11912.0,7.133631706237793
2010-03-01,10.5,9.975000381469727,10.5,10.5,29246.0,7.133631706237793
2010-03-02,10.5,9.975000381469727,9.975000381469727,10.5,10533.0,7.133631706237793
2010-03-03,11.024999618530273,9.975000381469727,10.5,10.5,81076.0,7.133631706237793
2010-03-04,11.024999618530273,9.975000381469727,10.5,10.5,37381.0,7.133631706237793
2010-03-05,11.024999618530273,10.5,10.5,10.5,35240.0,7.133631706237793
2010-03-08,11.024999618530273,10.5,10.5,10.5,23718.0,7.133631706237793
2010-03-09,11.550000190734863,10.5,10.5,11.024999618530273,289299.0,7.490312099456787
2010-03-10,11.550000190734863,10.5,11.024999618530273,11.024999618530273,103716.0,7.490312099456787
2010-03-11,11.550000190734863,10.5,10.5,11.024999618530273,40954.0,7.490312099456787
2010-03-12,11.550000190734863,10.5,11.024999618530273,11.024999618530273,44707.0,7.490312099456787
2010-03-15,11.024999618530273,10.5,11.024999618530273,10.5,18019.0,7.133631706237793
2010-03-16,11.024999618530273,10.5,10.5,10.5,39808.0,7.133631706237793
2010-03-17,11.024999618530273,10.5,11.024999618530273,10.5,10758.0,7.133631706237793
2010-03-18,11.024999618530273,10.5,10.5,11.024999618530273,4469.0,7.490312099456787
2010-03-19,11.024999618530273,10.5,10.5,10.5,29032.0,7.133631706237793
2010-03-22,11.024999618530273,10.5,11.024999618530273,11.024999618530273,29710.0,7.490312099456787
2010-03-23,11.024999618530273,10.5,11.024999618530273,11.024999618530273,26627.0,7.490312099456787
2010-03-24,11.024999618530273,9.975000381469727,10.5,10.5,60459.0,7.133631706237793
2010-03-25,11.024999618530273,9.975000381469727,10.5,10.5,103350.0,7.133631706237793
2010-03-26,11.024999618530273,9.975000381469727,10.5,10.5,75225.0,7.133631706237793
2010-03-29,11.024999618530273,10.5,10.5,10.5,19851.0,7.133631706237793
2010-03-30,11.024999618530273,10.5,10.5,10.5,20080.0,7.133631706237793
2010-03-31,11.024999618530273,10.5,11.024999618530273,11.024999618530273,17655.0,7.490312099456787
2010-04-01,11.024999618530273,10.5,11.024999618530273,11.024999618530273,8545.0,7.490312099456787
2010-04-05,11.024999618530273,10.5,10.5,10.5,146634.0,7.133631706237793
2010-04-06,11.024999618530273,9.975000381469727,10.5,10.5,45141.0,7.133631706237793
2010-04-07,11.024999618530273,9.975000381469727,10.5,10.5,139469.0,7.133631706237793
2010-04-08,10.5,9.975000381469727,9.975000381469727,10.5,10.0,7.133631706237793
2010-04-09,11.024999618530273,10.5,10.5,11.024999618530273,34600.0,7.490312099456787
2010-04-12,11.024999618530273,10.5,10.5,10.5,19610.0,7.133631706237793
2010-04-13,11.024999618530273,9.975000381469727,10.5,10.5,27358.0,7.133631706237793
2010-04-14,11.024999618530273,9.975000381469727,10.5,9.975000381469727,64556.0,6.77694845199585
2010-04-15,10.5,9.975000381469727,10.5,9.975000381469727,19240.0,6.77694845199585
2010-04-16,10.5,9.975000381469727,10.5,10.5,41463.0,7.133631706237793
2010-04-19,10.5,9.975000381469727,10.5,9.975000381469727,21810.0,6.77694845199585
2010-04-20,10.5,9.975000381469727,10.5,9.975000381469727,6038.0,6.77694845199585
2010-04-22,10.5,9.975000381469727,9.975000381469727,9.975000381469727,14916.0,6.77694845199585
2010-04-23,10.5,9.975000381469727,9.975000381469727,9.975000381469727,5771.0,6.77694845199585
2010-04-26,10.5,9.449999809265137,10.5,9.975000381469727,146410.0,6.77694845199585
2010-04-27,9.975000381469727,8.925000190734863,9.975000381469727,9.449999809265137,338926.0,6.42026948928833
2010-04-28,9.975000381469727,8.925000190734863,9.975000381469727,9.449999809265137,49347.0,6.42026948928833
2010-04-29,9.975000381469727,8.925000190734863,9.449999809265137,9.449999809265137,47790.0,6.42026948928833
2010-04-30,9.975000381469727,9.449999809265137,9.975000381469727,9.975000381469727,23733.0,6.77694845199585
2010-05-03,9.975000381469727,9.449999809265137,9.449999809265137,9.449999809265137,14.0,6.42026948928833
2010-05-04,9.975000381469727,9.449999809265137,9.449999809265137,9.449999809265137,83170.0,6.42026948928833
2010-05-05,9.975000381469727,9.449999809265137,9.449999809265137,9.975000381469727,27861.0,6.77694845199585
2010-05-06,9.975000381469727,9.449999809265137,9.449999809265137,9.449999809265137,70202.0,6.42026948928833
2010-05-07,9.975000381469727,8.925000190734863,9.449999809265137,9.449999809265137,63531.0,6.42026948928833
2010-05-10,9.975000381469727,9.449999809265137,9.449999809265137,9.975000381469727,40642.0,6.77694845199585
2010-05-11,9.975000381469727,9.449999809265137,9.449999809265137,9.975000381469727,28794.0,6.77694845199585
2010-05-12,9.975000381469727,9.449999809265137,9.449999809265137,9.975000381469727,13992.0,6.77694845199585
2010-05-13,10.5,9.449999809265137,9.449999809265137,9.975000381469727,219194.0,6.77694845199585
2010-05-14,9.975000381469727,9.449999809265137,9.975000381469727,9.975000381469727,3173.0,6.77694845199585
2010-05-17,9.975000381469727,9.449999809265137,9.449999809265137,9.975000381469727,29017.0,6.77694845199585
2010-05-18,9.975000381469727,9.449999809265137,9.449999809265137,9.975000381469727,76356.0,6.77694845199585
2010-05-19,9.975000381469727,8.925000190734863,9.975000381469727,9.449999809265137,152293.0,6.42026948928833
2010-05-20,9.449999809265137,8.925000190734863,8.925000190734863,8.925000190734863,110690.0,6.063586711883545
2010-05-21,9.449999809265137,8.925000190734863,9.449999809265137,9.449999809265137,9985.0,6.42026948928833
2010-05-24,9.449999809265137,8.925000190734863,9.449999809265137,9.449999809265137,14781.0,6.42026948928833
2010-05-25,9.449999809265137,8.399999618530273,8.925000190734863,8.925000190734863,155013.0,6.063586711883545
2010-05-26,9.449999809265137,8.399999618530273,8.925000190734863,8.925000190734863,83213.0,6.063586711883545
2010-05-27,9.449999809265137,8.925000190734863,8.925000190734863,9.449999809265137,4608.0,6.42026948928833
2010-05-28,9.449999809265137,8.399999618530273,9.449999809265137,8.925000190734863,69634.0,6.063586711883545
2010-05-31,9.449999809265137,8.925000190734863,8.925000190734863,9.449999809265137,10164.0,6.42026948928833
2010-06-01,9.449999809265137,8.399999618530273,8.925000190734863,8.925000190734863,59284.0,6.063586711883545
2010-06-02,9.449999809265137,8.399999618530273,8.925000190734863,8.925000190734863,15665.0,6.063586711883545
2010-06-04,9.449999809265137,8.399999618530273,8.925000190734863,8.925000190734863,13621.0,6.063586711883545
2010-06-07,9.449999809265137,8.399999618530273,8.925000190734863,8.925000190734863,10095.0,6.063586711883545
2010-06-08,8.925000190734863,8.399999618530273,8.399999618530273,8.925000190734863,14411.0,6.063586711883545
2010-06-09,9.449999809265137,8.399999618530273,8.925000190734863,9.449999809265137,26709.0,6.42026948928833
2010-06-10,9.975000381469727,8.925000190734863,8.925000190734863,9.975000381469727,138775.0,6.77694845199585
2010-06-11,9.975000381469727,8.925000190734863,9.449999809265137,9.975000381469727,11994.0,6.77694845199585
2010-06-14,9.975000381469727,9.449999809265137,9.975000381469727,9.975000381469727,21945.0,6.77694845199585
2010-06-15,9.975000381469727,9.449999809265137,9.449999809265137,9.975000381469727,5290.0,6.77694845199585
2010-06-16,9.975000381469727,9.449999809265137,9.449999809265137,9.975000381469727,48589.0,6.77694845199585
2010-06-17,9.975000381469727,9.449999809265137,9.975000381469727,9.975000381469727,9051.0,6.77694845199585
2010-06-18,9.975000381469727,8.925000190734863,9.975000381469727,9.449999809265137,9.0,6.42026948928833
2010-06-21,10.5,9.449999809265137,9.449999809265137,9.975000381469727,137794.0,6.77694845199585
2010-06-22,9.975000381469727,9.449999809265137,9.975000381469727,9.975000381469727,7008.0,6.77694845199585
2010-06-23,9.975000381469727,9.449999809265137,9.449999809265137,9.449999809265137,35766.0,6.42026948928833
2010-06-24,9.975000381469727,8.925000190734863,9.975000381469727,9.449999809265137,61074.0,6.42026948928833
2010-06-25,9.975000381469727,8.925000190734863,8.925000190734863,9.975000381469727,51754.0,6.77694845199585
2010-06-28,9.975000381469727,9.449999809265137,9.449999809265137,9.449999809265137,13114.0,6.42026948928833
2010-06-29,9.449999809265137,8.925000190734863,9.449999809265137,9.449999809265137,135583.0,6.42026948928833
2010-06-30,9.449999809265137,8.925000190734863,9.449999809265137,8.925000190734863,60638.0,6.063586711883545
2010-07-01,9.449999809265137,8.399999618530273,8.925000190734863,9.449999809265137,128234.0,6.421972751617432
2010-07-02,9.449999809265137,8.925000190734863,8.925000190734863,9.449999809265137,14712.0,6.421972751617432
2010-07-05,9.449999809265137,8.925000190734863,8.925000190734863,9.449999809265137,19762.0,6.421972751617432
2010-07-06,9.449999809265137,8.925000190734863,8.925000190734863,9.449999809265137,132244.0,6.421972751617432
2010-07-07,9.975000381469727,8.925000190734863,9.449999809265137,9.975000381469727,22135.0,6.778748035430908
2010-07-08,10.5,9.449999809265137,9.975000381469727,10.5,216810.0,7.135526180267334
2010-07-12,10.5,9.975000381469727,9.975000381469727,9.975000381469727,7.0,6.778748035430908
2010-07-13,10.5,9.975000381469727,10.5,10.5,18872.0,7.135526180267334
2010-07-14,10.5,9.975000381469727,9.975000381469727,9.975000381469727,51731.0,6.778748035430908
2010-07-15,9.975000381469727,9.449999809265137,9.975000381469727,9.975000381469727,59897.0,6.778748035430908
2010-07-16,9.975000381469727,9.449999809265137,9.449999809265137,9.449999809265137,7634.0,6.421972751617432
2010-07-19,9.975000381469727,9.449999809265137,9.449999809265137,9.975000381469727,16783.0,6.778748035430908
2010-07-20,10.5,9.449999809265137,9.975000381469727,9.975000381469727,70691.0,6.778748035430908
2010-07-21,11.024999618530273,9.975000381469727,9.975000381469727,9.975000381469727,558293.0,6.778748035430908
2010-07-22,11.024999618530273,9.975000381469727,10.5,10.5,53006.0,7.135526180267334
2010-07-23,11.024999618530273,9.975000381469727,10.5,10.5,129876.0,7.135526180267334
2010-07-26,10.5,9.975000381469727,9.975000381469727,10.5,9158.0,7.135526180267334
2010-07-27,10.5,9.975000381469727,10.5,10.5,9827.0,7.135526180267334
2010-07-28,10.5,9.975000381469727,9.975000381469727,10.5,11737.0,7.135526180267334
2010-07-29,11.024999618530273,9.975000381469727,10.5,10.5,123274.0,7.135526180267334
2010-07-30,10.5,9.975000381469727,10.5,10.5,24935.0,7.135526180267334
2010-08-02,10.5,9.975000381469727,10.5,10.5,48590.0,7.135526180267334
2010-08-03,10.5,9.975000381469727,10.5,9.975000381469727,20949.0,6.778748035430908
2010-08-04,10.5,9.975000381469727,9.975000381469727,9.975000381469727,10084.0,6.778748035430908
2010-08-05,10.5,9.975000381469727,9.975000381469727,10.5,10686.0,7.135526180267334
2010-08-06,10.5,9.975000381469727,10.5,10.5,12341.0,7.135526180267334
2010-08-09,10.5,9.975000381469727,10.5,10.5,2579.0,7.135526180267334
2010-08-10,10.5,9.975000381469727,9.975000381469727,10.5,8524.0,7.135526180267334
2010-08-11,10.5,9.975000381469727,9.975000381469727,10.5,54217.0,7.135526180267334
2010-08-12,10.5,9.975000381469727,9.975000381469727,9.975000381469727,3968.0,6.778748035430908
2010-08-13,10.5,9.975000381469727,9.975000381469727,10.5,14810.0,7.135526180267334
2010-08-16,10.5,9.975000381469727,10.5,10.5,5598.0,7.135526180267334
2010-08-17,10.5,9.975000381469727,9.975000381469727,10.5,17880.0,7.135526180267334
2010-08-18,10.5,9.975000381469727,9.975000381469727,9.975000381469727,11514.0,6.778748035430908
2010-08-19,10.5,9.975000381469727,10.5,9.975000381469727,9800.0,6.778748035430908
2010-08-20,10.5,9.975000381469727,9.975000381469727,10.5,15291.0,7.135526180267334
2010-08-23,10.5,9.975000381469727,9.975000381469727,10.5,18093.0,7.135526180267334
2010-08-24,10.5,9.975000381469727,10.5,9.975000381469727,20600.0,6.778748035430908
2010-08-25,10.5,9.975000381469727,9.975000381469727,9.975000381469727,14731.0,6.778748035430908
2010-08-26,10.5,9.449999809265137,9.975000381469727,9.975000381469727,344221.0,6.778748035430908
2010-08-27,10.5,9.449999809265137,9.975000381469727,9.975000381469727,183558.0,6.778748035430908
2010-08-30,10.5,9.449999809265137,9.975000381469727,9.975000381469727,11.0,6.778748035430908
2010-08-31,9.975000381469727,9.449999809265137,9.975000381469727,9.975000381469727,14227.0,6.778748035430908
2010-09-01,9.975000381469727,9.449999809265137,9.449999809265137,9.449999809265137,6.0,6.421972751617432
2010-09-02,9.975000381469727,9.449999809265137,9.449999809265137,9.975000381469727,31244.0,6.778748035430908
2010-09-03,9.975000381469727,9.449999809265137,9.975000381469727,9.975000381469727,13436.0,6.778748035430908
2010-09-06,9.975000381469727,9.449999809265137,9.449999809265137,9.975000381469727,7909.0,6.778748035430908
2010-09-08,9.975000381469727,9.449999809265137,9.449999809265137,9.975000381469727,31954.0,6.778748035430908
2010-09-09,9.975000381469727,9.449999809265137,9.449999809265137,9.449999809265137,19450.0,6.421972751617432
2010-09-10,9.975000381469727,9.449999809265137,9.449999809265137,9.975000381469727,9876.0,6.778748035430908
2010-09-13,9.975000381469727,9.449999809265137,9.449999809265137,9.975000381469727,10421.0,6.778748035430908
2010-09-14,9.975000381469727,9.449999809265137,9.975000381469727,9.975000381469727,13741.0,6.778748035430908
2010-09-15,9.975000381469727,9.449999809265137,9.449999809265137,9.449999809265137,105122.0,6.421972751617432
2010-09-16,9.975000381469727,9.449999809265137,9.975000381469727,9.975000381469727,12570.0,6.778748035430908
2010-09-17,9.975000381469727,9.449999809265137,9.449999809265137,9.975000381469727,24659.0,6.778748035430908
2010-09-20,9.975000381469727,9.449999809265137,9.449999809265137,9.449999809265137,48966.0,6.421972751617432
2010-09-21,9.975000381469727,9.449999809265137,9.975000381469727,9.449999809265137,50926.0,6.421972751617432
2010-09-22,9.449999809265137,9.449999809265137,9.449999809265137,9.449999809265137,8.0,6.421972751617432
2010-09-23,9.975000381469727,9.449999809265137,9.449999809265137,9.449999809265137,47217.0,6.421972751617432
2010-09-24,9.975000381469727,9.449999809265137,9.449999809265137,9.449999809265137,21526.0,6.421972751617432
2010-09-27,9.975000381469727,9.449999809265137,9.449999809265137,9.975000381469727,18331.0,6.778748035430908
2010-09-28,9.975000381469727,9.449999809265137,9.975000381469727,9.975000381469727,14840.0,6.778748035430908
2010-09-29,9.975000381469727,9.449999809265137,9.449999809265137,9.975000381469727,11074.0,6.778748035430908
2010-09-30,10.5,9.449999809265137,9.975000381469727,9.975000381469727,149303.0,6.778748035430908
2010-10-01,10.5,9.975000381469727,9.975000381469727,10.5,16215.0,7.135526180267334
2010-10-04,10.5,9.975000381469727,10.5,9.975000381469727,23493.0,6.778748035430908
2010-10-05,11.024999618530273,9.975000381469727,10.5,10.5,253027.0,7.135526180267334
2010-10-06,11.024999618530273,10.5,10.5,10.5,24737.0,7.135526180267334
2010-10-07,11.024999618530273,10.5,10.5,11.024999618530273,24785.0,7.492300987243652
2010-10-08,11.024999618530273,10.5,10.5,11.024999618530273,31598.0,7.492300987243652
2010-10-11,11.024999618530273,10.5,10.5,11.024999618530273,3526.0,7.492300987243652
2010-10-13,11.024999618530273,10.5,10.5,11.024999618530273,17749.0,7.492300987243652
2010-10-14,11.024999618530273,10.5,10.5,10.5,111251.0,7.135526180267334
2010-10-15,11.024999618530273,9.975000381469727,10.5,10.5,75678.0,7.135526180267334
2010-10-18,11.024999618530273,9.975000381469727,10.5,10.5,51754.0,7.135526180267334
2010-10-19,11.024999618530273,9.975000381469727,10.5,10.5,99044.0,7.135526180267334
2010-10-20,10.5,9.975000381469727,10.5,10.5,13701.0,7.135526180267334
2010-10-21,10.5,9.975000381469727,10.5,10.5,14623.0,7.135526180267334
2010-10-22,10.5,9.975000381469727,10.5,10.5,9760.0,7.135526180267334
2010-10-25,10.5,9.975000381469727,10.5,10.5,15844.0,7.135526180267334
2010-10-26,10.5,9.975000381469727,9.975000381469727,10.5,12947.0,7.135526180267334
2010-10-27,10.5,9.975000381469727,9.975000381469727,10.5,21358.0,7.135526180267334
2010-10-28,10.5,9.975000381469727,10.5,10.5,19998.0,7.135526180267334
2010-10-29,10.5,9.975000381469727,10.5,10.5,14543.0,7.135526180267334
2010-11-01,10.5,9.975000381469727,9.975000381469727,10.5,19305.0,7.135526180267334
2010-11-03,10.5,9.975000381469727,10.5,10.5,32990.0,7.135526180267334
2010-11-04,11.024999618530273,9.975000381469727,10.5,10.5,151118.0,7.135526180267334
2010-11-05,11.024999618530273,10.5,10.5,11.024999618530273,23368.0,7.492300987243652
2010-11-08,11.024999618530273,10.5,10.5,11.024999618530273,44648.0,7.492300987243652
2010-11-09,11.024999618530273,10.5,11.024999618530273,10.5,82966.0,7.135526180267334
2010-11-10,10.5,9.975000381469727,10.5,10.5,12402.0,7.135526180267334
2010-11-11,10.5,9.975000381469727,9.975000381469727,9.975000381469727,12800.0,6.778748035430908
2010-11-12,10.5,9.975000381469727,9.975000381469727,10.5,6815.0,7.135526180267334
2010-11-16,10.5,9.975000381469727,10.5,10.5,13781.0,7.135526180267334
2010-11-17,10.5,9.975000381469727,10.5,10.5,11371.0,7.135526180267334
2010-11-18,10.5,9.975000381469727,10.5,10.5,25044.0,7.135526180267334
2010-11-19,10.5,9.975000381469727,9.975000381469727,10.5,42810.0,7.135526180267334
2010-11-22,10.5,9.975000381469727,9.975000381469727,10.5,18394.0,7.135526180267334
2010-11-23,10.5,9.975000381469727,9.975000381469727,10.5,31610.0,7.135526180267334
2010-11-24,10.5,9.975000381469727,9.975000381469727,10.5,9278.0,7.135526180267334
2010-11-25,10.5,9.975000381469727,9.975000381469727,9.975000381469727,6314.0,6.778748035430908
2010-11-26,10.5,9.975000381469727,9.975000381469727,9.975000381469727,10219.0,6.778748035430908
2010-11-29,10.5,9.975000381469727,9.975000381469727,10.5,12265.0,7.135526180267334
2010-11-30,10.5,9.975000381469727,9.975000381469727,9.975000381469727,40021.0,6.778748035430908
2010-12-01,10.5,9.975000381469727,9.975000381469727,9.975000381469727,23453.0,6.778748035430908
2010-12-02,10.5,9.975000381469727,10.5,9.975000381469727,16120.0,6.778748035430908
2010-12-03,10.5,9.975000381469727,9.975000381469727,9.975000381469727,100880.0,6.778748035430908
2010-12-06,10.5,9.449999809265137,9.975000381469727,10.5,77914.0,7.135526180267334
2010-12-07,10.5,9.975000381469727,9.975000381469727,10.5,5811.0,7.135526180267334
2010-12-08,10.5,9.975000381469727,9.975000381469727,9.975000381469727,34493.0,6.778748035430908
2010-12-09,10.5,9.975000381469727,9.975000381469727,10.5,14960.0,7.135526180267334
2010-12-10,10.5,9.975000381469727,9.975000381469727,10.5,19061.0,7.135526180267334
2010-12-13,10.5,9.975000381469727,10.5,10.5,28171.0,7.135526180267334
2010-12-14,10.5,9.975000381469727,9.975000381469727,10.5,19015.0,7.135526180267334
2010-12-15,10.5,9.975000381469727,9.975000381469727,9.975000381469727,70884.0,6.778748035430908
2010-12-16,9.975000381469727,9.449999809265137,9.975000381469727,9.975000381469727,21383.0,6.778748035430908
2010-12-17,9.975000381469727,9.449999809265137,9.975000381469727,9.449999809265137,14535.0,6.421972751617432
2010-12-20,9.975000381469727,9.449999809265137,9.975000381469727,9.975000381469727,21994.0,6.778748035430908
2010-12-21,9.975000381469727,9.449999809265137,9.975000381469727,9.449999809265137,42611.0,6.421972751617432
2010-12-22,9.975000381469727,9.449999809265137,9.449999809265137,9.975000381469727,50861.0,6.778748035430908
2010-12-23,9.975000381469727,9.449999809265137,9.975000381469727,9.975000381469727,34608.0,6.781039237976074
2010-12-27,9.975000381469727,9.449999809265137,9.449999809265137,9.975000381469727,5846.0,6.781039237976074
2010-12-28,9.975000381469727,9.449999809265137,9.975000381469727,9.975000381469727,5204.0,6.781039237976074
2010-12-29,9.975000381469727,9.449999809265137,9.975000381469727,9.975000381469727,15863.0,6.781039237976074
2010-12-30,9.975000381469727,9.449999809265137,9.975000381469727,9.975000381469727,5895.0,6.781039237976074
2011-01-03,9.975000381469727,9.449999809265137,9.975000381469727,9.975000381469727,11417.0,6.781039237976074
2011-01-04,9.975000381469727,9.449999809265137,9.449999809265137,9.975000381469727,16895.0,6.781039237976074
2011-01-05,9.975000381469727,9.449999809265137,9.449999809265137,9.975000381469727,6478.0,6.781039237976074
2011-01-06,9.975000381469727,9.449999809265137,9.449999809265137,9.975000381469727,18025.0,6.781039237976074
2011-01-07,9.975000381469727,9.449999809265137,9.449999809265137,9.975000381469727,14575.0,6.781039237976074
2011-01-10,9.975000381469727,9.449999809265137,9.449999809265137,9.975000381469727,9027.0,6.781039237976074
2011-01-11,9.975000381469727,9.449999809265137,9.975000381469727,9.975000381469727,16869.0,6.781039237976074
2011-01-12,9.975000381469727,9.449999809265137,9.449999809265137,9.975000381469727,42888.0,6.781039237976074
2011-01-13,9.975000381469727,9.449999809265137,9.975000381469727,9.975000381469727,9065.0,6.781039237976074
2011-01-14,9.975000381469727,9.449999809265137,9.449999809265137,9.975000381469727,1663.0,6.781039237976074
2011-01-17,9.975000381469727,9.449999809265137,9.975000381469727,9.975000381469727,9648.0,6.781039237976074
2011-01-18,9.975000381469727,9.449999809265137,9.975000381469727,9.975000381469727,8577.0,6.781039237976074
2011-01-19,9.975000381469727,9.449999809265137,9.975000381469727,9.449999809265137,9410.0,6.424145221710205
2011-01-20,9.975000381469727,8.925000190734863,9.975000381469727,9.449999809265137,123358.0,6.424145221710205
2011-01-21,9.975000381469727,8.925000190734863,9.449999809265137,9.449999809265137,11263.0,6.424145221710205
2011-01-24,9.975000381469727,8.925000190734863,9.449999809265137,9.975000381469727,14830.0,6.781039237976074
2011-01-26,9.449999809265137,8.925000190734863,9.449999809265137,9.449999809265137,27690.0,6.424145221710205
2011-01-27,9.449999809265137,8.925000190734863,9.449999809265137,9.449999809265137,10309.0,6.424145221710205
2011-01-28,9.449999809265137,8.925000190734863,8.925000190734863,8.925000190734863,12267.0,6.067249774932861
2011-01-31,9.449999809265137,8.925000190734863,9.449999809265137,8.925000190734863,9968.0,6.067249774932861
2011-02-01,9.449999809265137,8.925000190734863,8.925000190734863,8.925000190734863,12.0,6.067249774932861
2011-02-02,9.449999809265137,8.925000190734863,8.925000190734863,9.449999809265137,30074.0,6.424145221710205
2011-02-03,9.449999809265137,8.925000190734863,9.449999809265137,8.925000190734863,2.0,6.067249774932861
2011-02-04,9.449999809265137,8.399999618530273,9.449999809265137,8.925000190734863,108470.0,6.067249774932861
2011-02-07,9.449999809265137,8.399999618530273,8.399999618530273,9.449999809265137,56097.0,6.424145221710205
2011-02-08,9.449999809265137,8.925000190734863,8.925000190734863,8.925000190734863,6.0,6.067249774932861
2011-02-09,9.449999809265137,8.925000190734863,8.925000190734863,8.925000190734863,18091.0,6.067249774932861
2011-02-10,9.449999809265137,8.925000190734863,8.925000190734863,8.925000190734863,15023.0,6.067249774932861
2011-02-11,9.449999809265137,8.925000190734863,9.449999809265137,9.449999809265137,59518.0,6.424145221710205
2011-02-14,9.449999809265137,8.925000190734863,9.449999809265137,9.449999809265137,4701.0,6.424145221710205
2011-02-15,9.449999809265137,8.925000190734863,8.925000190734863,9.449999809265137,14244.0,6.424145221710205
2011-02-16,9.449999809265137,8.925000190734863,9.449999809265137,9.449999809265137,29141.0,6.424145221710205
2011-02-17,9.449999809265137,8.925000190734863,9.449999809265137,9.449999809265137,2730.0,6.424145221710205
2011-02-18,9.449999809265137,8.925000190734863,8.925000190734863,9.449999809265137,13185.0,6.424145221710205
2011-02-21,9.449999809265137,8.925000190734863,8.925000190734863,9.449999809265137,69665.0,6.424145221710205
2011-02-22,9.449999809265137,8.925000190734863,9.449999809265137,9.449999809265137,16257.0,6.424145221710205
2011-02-23,9.449999809265137,8.925000190734863,9.449999809265137,9.449999809265137,59223.0,6.424145221710205
2011-02-25,9.449999809265137,8.925000190734863,8.925000190734863,8.925000190734863,2861.0,6.067249774932861
2011-02-28,9.449999809265137,8.925000190734863,9.449999809265137,9.449999809265137,10804.0,6.424145221710205
2011-03-01,9.449999809265137,8.925000190734863,8.925000190734863,8.925000190734863,38695.0,6.067249774932861
2011-03-02,9.449999809265137,8.925000190734863,8.925000190734863,9.449999809265137,24606.0,6.424145221710205
2011-03-03,9.449999809265137,8.925000190734863,9.449999809265137,9.449999809265137,25981.0,6.424145221710205
2011-03-04,9.449999809265137,8.925000190734863,8.925000190734863,9.449999809265137,20345.0,6.424145221710205
2011-03-10,9.449999809265137,8.925000190734863,8.925000190734863,9.449999809265137,44410.0,6.424145221710205
2011-03-11,9.449999809265137,8.925000190734863,9.449999809265137,9.449999809265137,10335.0,6.424145221710205
2011-03-14,9.449999809265137,8.925000190734863,8.925000190734863,9.449999809265137,21450.0,6.424145221710205
2011-03-15,9.449999809265137,8.399999618530273,8.925000190734863,8.925000190734863,146695.0,6.067249774932861
2011-03-16,9.449999809265137,8.925000190734863,9.449999809265137,9.449999809265137,19002.0,6.424145221710205
2011-03-17,9.449999809265137,8.399999618530273,9.449999809265137,8.925000190734863,75882.0,6.067249774932861
2011-03-18,9.449999809265137,8.925000190734863,8.925000190734863,8.925000190734863,9312.0,6.067249774932861
2011-03-21,9.449999809265137,8.925000190734863,8.925000190734863,8.925000190734863,5.0,6.067249774932861
2011-03-22,9.449999809265137,8.925000190734863,9.449999809265137,8.925000190734863,18133.0,6.067249774932861
2011-03-23,9.449999809265137,8.925000190734863,8.925000190734863,9.449999809265137,12291.0,6.424145221710205
2011-03-24,8.925000190734863,8.925000190734863,8.925000190734863,8.925000190734863,7.0,6.067249774932861
2011-03-25,9.449999809265137,8.925000190734863,9.449999809265137,8.925000190734863,11560.0,6.067249774932861
2011-03-28,9.449999809265137,8.925000190734863,8.925000190734863,8.925000190734863,21573.0,6.067249774932861
2011-03-29,9.449999809265137,8.925000190734863,9.449999809265137,8.925000190734863,9994.0,6.067249774932861
2011-03-30,9.449999809265137,8.925000190734863,9.449999809265137,8.925000190734863,9994.0,6.067249774932861
2011-03-31,9.449999809265137,8.925000190734863,8.925000190734863,8.925000190734863,10013.0,6.067249774932861
2011-04-01,9.449999809265137,8.925000190734863,8.925000190734863,9.449999809265137,13198.0,6.424145221710205
2011-04-04,9.449999809265137,8.925000190734863,9.449999809265137,9.449999809265137,11533.0,6.424145221710205
2011-04-05,9.449999809265137,8.925000190734863,9.449999809265137,9.449999809265137,11533.0,6.424145221710205
2011-04-06,9.449999809265137,8.925000190734863,8.925000190734863,9.449999809265137,7434.0,6.424145221710205
2011-04-07,9.449999809265137,8.925000190734863,8.925000190734863,9.449999809265137,93712.0,6.424145221710205
2011-04-08,9.449999809265137,8.925000190734863,9.449999809265137,8.925000190734863,41090.0,6.067249774932861
2011-04-11,9.449999809265137,8.925000190734863,9.449999809265137,8.925000190734863,40606.0,6.067249774932861
2011-04-12,9.449999809265137,8.399999618530273,8.925000190734863,9.449999809265137,60427.0,6.424145221710205
2011-04-13,9.449999809265137,8.925000190734863,8.925000190734863,9.449999809265137,9846.0,6.424145221710205
2011-04-14,9.449999809265137,8.399999618530273,8.925000190734863,8.925000190734863,6328.0,6.067249774932861
2011-04-15,9.449999809265137,8.399999618530273,8.925000190734863,9.449999809265137,41215.0,6.424145221710205
2011-04-18,9.449999809265137,8.399999618530273,8.925000190734863,8.925000190734863,9309.0,6.067249774932861
2011-04-19,9.449999809265137,8.925000190734863,9.449999809265137,8.925000190734863,7280.0,6.067249774932861
2011-04-20,9.449999809265137,8.925000190734863,8.925000190734863,8.925000190734863,16756.0,6.067249774932861
2011-04-25,9.449999809265137,8.925000190734863,8.925000190734863,9.449999809265137,7192.0,6.424145221710205
2011-04-26,9.449999809265137,8.925000190734863,9.449999809265137,9.449999809265137,30303.0,6.424145221710205
2011-04-27,9.449999809265137,8.925000190734863,9.449999809265137,9.449999809265137,36309.0,6.424145221710205
2011-04-28,9.449999809265137,8.925000190734863,8.925000190734863,9.449999809265137,82930.0,6.424145221710205
2011-04-29,9.449999809265137,8.925000190734863,8.925000190734863,9.449999809265137,34326.0,6.424145221710205
2011-05-02,9.449999809265137,8.925000190734863,8.925000190734863,8.925000190734863,12042.0,6.067249774932861
2011-05-03,8.925000190734863,8.399999618530273,8.925000190734863,8.925000190734863,94328.0,6.067249774932861
2011-05-04,8.925000190734863,8.399999618530273,8.399999618530273,8.399999618530273,12310.0,5.710348129272461
2011-05-05,9.449999809265137,8.399999618530273,8.399999618530273,8.925000190734863,91114.0,6.067249774932861
2011-05-06,9.449999809265137,8.925000190734863,9.449999809265137,8.925000190734863,6217.0,6.067249774932861
2011-05-09,9.449999809265137,8.925000190734863,8.925000190734863,9.449999809265137,5.0,6.424145221710205
2011-05-11,9.449999809265137,8.925000190734863,8.925000190734863,8.925000190734863,42076.0,6.067249774932861
2011-05-12,9.449999809265137,8.925000190734863,8.925000190734863,8.925000190734863,31326.0,6.067249774932861
2011-05-13,9.449999809265137,8.925000190734863,9.449999809265137,9.449999809265137,101766.0,6.424145221710205
2011-05-17,9.449999809265137,8.399999618530273,9.449999809265137,8.925000190734863,50773.0,6.067249774932861
2011-05-18,9.449999809265137,8.399999618530273,8.925000190734863,8.925000190734863,36192.0,6.067249774932861
2011-05-19,9.449999809265137,8.399999618530273,8.399999618530273,8.399999618530273,72962.0,5.710348129272461
2011-05-20,9.449999809265137,8.399999618530273,8.399999618530273,8.925000190734863,146427.0,6.067249774932861
2011-05-23,9.449999809265137,8.399999618530273,8.925000190734863,8.925000190734863,53865.0,6.067249774932861
2011-05-24,8.925000190734863,8.399999618530273,8.925000190734863,8.925000190734863,175120.0,6.067249774932861
2011-05-25,8.925000190734863,8.399999618530273,8.399999618530273,8.399999618530273,18446.0,5.710348129272461
2011-05-26,9.449999809265137,8.399999618530273,8.399999618530273,8.925000190734863,34261.0,6.067249774932861
2011-05-27,9.449999809265137,8.925000190734863,8.925000190734863,8.925000190734863,4657.0,6.067249774932861
2011-05-30,9.449999809265137,8.925000190734863,9.449999809265137,8.925000190734863,13539.0,6.067249774932861
2011-05-31,9.449999809265137,8.399999618530273,8.925000190734863,8.925000190734863,63011.0,6.067249774932861
2011-06-01,8.925000190734863,8.399999618530273,8.925000190734863,8.925000190734863,119779.0,6.0680999755859375
2011-06-02,8.925000190734863,8.399999618530273,8.399999618530273,8.399999618530273,8825.0,5.711151599884033
2011-06-03,8.925000190734863,8.399999618530273,8.399999618530273,8.399999618530273,11615.0,5.711151599884033
2011-06-06,8.925000190734863,8.399999618530273,8.399999618530273,8.399999618530273,7697.0,5.711151599884033
2011-06-07,8.925000190734863,8.399999618530273,8.399999618530273,8.399999618530273,31366.0,5.711151599884033
2011-06-08,8.925000190734863,8.399999618530273,8.399999618530273,8.399999618530273,19057.0,5.711151599884033
2011-06-09,8.925000190734863,8.399999618530273,8.399999618530273,8.399999618530273,14124.0,5.711151599884033
2011-06-10,8.925000190734863,8.399999618530273,8.399999618530273,8.399999618530273,73524.0,5.711151599884033
2011-06-13,8.925000190734863,8.399999618530273,8.399999618530273,8.399999618530273,6613.0,5.711151599884033
2011-06-14,8.925000190734863,8.399999618530273,8.399999618530273,8.399999618530273,12434.0,5.711151599884033
2011-06-15,8.925000190734863,8.399999618530273,8.925000190734863,8.399999618530273,26309.0,5.711151599884033
2011-06-16,8.925000190734863,8.399999618530273,8.399999618530273,8.925000190734863,14707.0,6.0680999755859375
2011-06-17,9.449999809265137,8.399999618530273,8.925000190734863,8.925000190734863,113368.0,6.0680999755859375
2011-06-20,9.449999809265137,8.925000190734863,8.925000190734863,8.925000190734863,22274.0,6.0680999755859375
2011-06-21,9.449999809265137,8.925000190734863,8.925000190734863,8.925000190734863,5130.0,6.0680999755859375
2011-06-22,8.925000190734863,8.399999618530273,8.399999618530273,8.399999618530273,12385.0,5.711320400238037
2011-06-24,8.925000190734863,8.399999618530273,8.399999618530273,8.399999618530273,1642.0,5.711320400238037
2011-06-27,8.925000190734863,8.399999618530273,8.925000190734863,8.399999618530273,11672.0,5.711320400238037
2011-06-28,8.925000190734863,8.399999618530273,8.399999618530273,8.399999618530273,2922.0,5.711320400238037
2011-06-29,9.449999809265137,8.925000190734863,8.925000190734863,8.925000190734863,46255.0,6.068278789520264
2011-06-30,9.449999809265137,8.925000190734863,8.925000190734863,9.449999809265137,28109.0,6.425236701965332
2011-07-01,9.449999809265137,8.925000190734863,8.925000190734863,8.925000190734863,36288.0,6.068278789520264
2011-07-04,8.925000190734863,8.925000190734863,8.925000190734863,8.925000190734863,13152.0,6.068278789520264
2011-07-05,9.449999809265137,8.925000190734863,8.925000190734863,8.925000190734863,8072.0,6.068278789520264
2011-07-06,8.925000190734863,8.399999618530273,8.925000190734863,8.925000190734863,65632.0,6.068278789520264
2011-07-07,9.449999809265137,8.399999618530273,8.925000190734863,8.399999618530273,19507.0,5.711320400238037
2011-07-08,8.925000190734863,8.399999618530273,8.399999618530273,8.399999618530273,8507.0,5.711320400238037
2011-07-11,8.925000190734863,7.875,8.399999618530273,8.399999618530273,298768.0,5.711320400238037
2011-07-12,8.925000190734863,7.875,8.399999618530273,7.875,177421.0,5.354363441467285
2011-07-13,8.399999618530273,7.875,8.399999618530273,8.399999618530273,8290.0,5.711320400238037
2011-07-14,8.399999618530273,7.875,8.399999618530273,7.875,62282.0,5.354363441467285
2011-07-15,8.399999618530273,7.875,8.399999618530273,7.875,21691.0,5.354363441467285
2011-07-18,8.399999618530273,7.349999904632568,8.399999618530273,7.875,196177.0,5.354363441467285
2011-07-19,8.399999618530273,7.875,7.875,7.875,13853.0,5.354363441467285
2011-07-20,8.399999618530273,7.875,7.875,7.875,9436.0,5.354363441467285
2011-07-21,8.399999618530273,7.875,8.399999618530273,7.875,35640.0,5.354363441467285
2011-07-22,8.399999618530273,7.875,7.875,7.875,62956.0,5.354363441467285
2011-07-25,8.399999618530273,7.875,7.875,8.399999618530273,4.0,5.711320400238037
2011-07-26,8.399999618530273,7.875,8.399999618530273,7.875,17265.0,5.354363441467285
2011-07-27,7.875,7.349999904632568,7.875,7.349999904632568,51827.0,4.997406482696533
2011-07-28,7.875,6.824999809265137,7.875,7.349999904632568,495684.0,4.997406482696533
2011-07-29,7.349999904632568,6.824999809265137,7.349999904632568,7.349999904632568,8.0,4.997406482696533
2011-08-01,7.875,6.824999809265137,7.349999904632568,7.349999904632568,45541.0,4.997406482696533
2011-08-02,7.349999904632568,6.824999809265137,7.349999904632568,6.824999809265137,10705.0,4.640448570251465
2011-08-03,7.349999904632568,6.824999809265137,7.349999904632568,7.349999904632568,15103.0,4.997406482696533
2011-08-04,7.349999904632568,6.824999809265137,7.349999904632568,6.824999809265137,8472.0,4.640448570251465
2011-08-05,7.349999904632568,6.824999809265137,6.824999809265137,7.349999904632568,24760.0,4.997406482696533
2011-08-08,7.349999904632568,6.300000190734863,7.349999904632568,6.300000190734863,107905.0,4.283491611480713
2011-08-09,7.349999904632568,6.300000190734863,6.300000190734863,6.824999809265137,164766.0,4.640448570251465
2011-08-10,6.824999809265137,6.300000190734863,6.300000190734863,6.824999809265137,5975.0,4.640448570251465
2011-08-11,7.349999904632568,6.300000190734863,6.824999809265137,6.824999809265137,90895.0,4.640448570251465
2011-08-12,7.349999904632568,6.824999809265137,7.349999904632568,7.349999904632568,12139.0,4.997406482696533
2011-08-15,7.875,6.824999809265137,7.349999904632568,7.349999904632568,67674.0,4.997406482696533
2011-08-16,7.875,6.824999809265137,6.824999809265137,7.349999904632568,12303.0,4.997406482696533
2011-08-17,7.875,7.349999904632568,7.349999904632568,7.875,19368.0,5.354363441467285
2011-08-18,7.875,6.824999809265137,7.349999904632568,7.349999904632568,34074.0,4.997406482696533
2011-08-19,7.349999904632568,6.824999809265137,6.824999809265137,7.349999904632568,5310.0,4.997406482696533
2011-08-22,7.349999904632568,6.824999809265137,7.349999904632568,7.349999904632568,2888.0,4.997406482696533
2011-08-23,7.349999904632568,6.824999809265137,6.824999809265137,7.349999904632568,9977.0,4.997406482696533
2011-08-24,7.349999904632568,6.824999809265137,7.349999904632568,7.349999904632568,6217.0,4.997406482696533
2011-08-25,7.875,6.824999809265137,7.349999904632568,6.824999809265137,85842.0,4.640448570251465
2011-08-26,7.349999904632568,6.824999809265137,6.824999809265137,7.349999904632568,4518.0,4.997406482696533
2011-08-29,7.349999904632568,6.824999809265137,7.349999904632568,7.349999904632568,12200.0,4.997406482696533
2011-08-30,7.875,6.824999809265137,7.349999904632568,7.875,17547.0,5.354363441467285
2011-08-31,7.875,7.349999904632568,7.875,7.875,5248.0,5.354363441467285
2011-09-01,8.399999618530273,7.875,7.875,8.399999618530273,318857.0,5.711320400238037
2011-09-02,8.399999618530273,7.349999904632568,7.875,7.875,127670.0,5.354363441467285
2011-09-05,7.875,7.349999904632568,7.349999904632568,7.349999904632568,3834.0,4.997406482696533
2011-09-06,7.875,7.349999904632568,7.875,7.349999904632568,5030.0,4.997406482696533
2011-09-08,8.399999618530273,7.349999904632568,7.875,7.875,101202.0,5.354363441467285
2011-09-09,7.875,7.349999904632568,7.349999904632568,7.875,11469.0,5.354363441467285
2011-09-12,7.875,6.824999809265137,7.349999904632568,7.349999904632568,160377.0,4.997406482696533
2011-09-13,7.875,6.824999809265137,7.349999904632568,7.349999904632568,75448.0,4.997406482696533
2011-09-14,7.875,7.349999904632568,7.349999904632568,7.875,2918.0,5.354363441467285
2011-09-15,7.875,7.349999904632568,7.349999904632568,7.875,12099.0,5.354363441467285
2011-09-16,7.875,7.349999904632568,7.875,7.875,43269.0,5.354363441467285
2011-09-19,7.875,7.349999904632568,7.349999904632568,7.349999904632568,50764.0,4.997406482696533
2011-09-20,7.875,7.349999904632568,7.349999904632568,7.349999904632568,6090.0,4.997406482696533
2011-09-21,7.875,7.349999904632568,7.875,7.349999904632568,62267.0,4.997406482696533
2011-09-22,7.349999904632568,6.824999809265137,7.349999904632568,7.349999904632568,40941.0,4.997406482696533
2011-09-23,7.349999904632568,6.824999809265137,7.349999904632568,7.349999904632568,6672.0,4.997406482696533
2011-09-26,7.349999904632568,6.824999809265137,7.349999904632568,7.349999904632568,5876.0,4.997406482696533
2011-09-27,7.349999904632568,6.824999809265137,7.349999904632568,7.349999904632568,17356.0,4.997406482696533
2011-09-28,7.349999904632568,6.824999809265137,7.349999904632568,7.349999904632568,4192.0,4.997406482696533
2011-09-29,7.349999904632568,6.824999809265137,6.824999809265137,7.349999904632568,15257.0,4.997406482696533
2011-09-30,7.349999904632568,6.824999809265137,6.824999809265137,7.349999904632568,2556.0,4.997406482696533
2011-10-03,7.349999904632568,6.824999809265137,6.824999809265137,6.824999809265137,80333.0,4.640448570251465
2011-10-04,6.824999809265137,6.300000190734863,6.824999809265137,6.824999809265137,323017.0,4.640448570251465
2011-10-05,6.824999809265137,6.300000190734863,6.824999809265137,6.824999809265137,203490.0,4.640448570251465
2011-10-06,7.349999904632568,6.300000190734863,6.824999809265137,7.349999904632568,50274.0,4.997406482696533
2011-10-07,7.349999904632568,6.300000190734863,7.349999904632568,6.824999809265137,28771.0,4.640448570251465
2011-10-10,7.349999904632568,6.824999809265137,6.824999809265137,7.349999904632568,25680.0,4.997406482696533
2011-10-11,7.349999904632568,6.824999809265137,7.349999904632568,6.824999809265137,5324.0,4.640448570251465
2011-10-13,7.349999904632568,6.824999809265137,6.824999809265137,7.349999904632568,6470.0,4.997406482696533
2011-10-14,7.349999904632568,6.824999809265137,6.824999809265137,7.349999904632568,6507.0,4.997406482696533
2011-10-17,7.349999904632568,6.824999809265137,6.824999809265137,7.349999904632568,10638.0,4.997406482696533
2011-10-18,7.349999904632568,6.824999809265137,6.824999809265137,7.349999904632568,8290.0,4.997406482696533
2011-10-19,7.349999904632568,6.824999809265137,6.824999809265137,7.349999904632568,6811.0,4.997406482696533
2011-10-20,7.349999904632568,6.824999809265137,7.349999904632568,7.349999904632568,1539.0,4.997406482696533
2011-10-21,7.875,6.824999809265137,6.824999809265137,7.875,113730.0,5.354363441467285
2011-10-24,7.875,7.349999904632568,7.875,7.875,76535.0,5.354363441467285
2011-10-25,7.875,7.349999904632568,7.875,7.875,76535.0,5.354363441467285
2011-10-26,7.875,7.349999904632568,7.875,7.349999904632568,16124.0,4.997406482696533
2011-10-27,7.875,7.349999904632568,7.349999904632568,7.875,1453.0,5.354363441467285
2011-10-28,8.399999618530273,7.875,7.875,7.875,12630.0,5.354363441467285
2011-10-31,8.399999618530273,7.875,7.875,8.399999618530273,7067.0,5.711320400238037
2011-11-01,7.349999904632568,6.824999809265137,7.349999904632568,7.349999904632568,53004.0,4.997406482696533
2011-11-03,7.875,6.824999809265137,7.349999904632568,7.349999904632568,44745.0,4.997406482696533
2011-11-04,7.349999904632568,6.824999809265137,7.349999904632568,7.349999904632568,15670.0,4.997406482696533
2011-11-07,7.875,6.824999809265137,7.349999904632568,7.875,16623.0,5.354363441467285
2011-11-08,7.875,7.349999904632568,7.875,7.349999904632568,17848.0,4.997406482696533
2011-11-09,7.349999904632568,6.824999809265137,7.349999904632568,6.824999809265137,3943.0,4.640448570251465
2011-11-10,7.349999904632568,6.824999809265137,7.349999904632568,6.824999809265137,7210.0,4.640448570251465
2011-11-11,7.349999904632568,6.824999809265137,7.349999904632568,7.349999904632568,23594.0,4.997406482696533
2011-11-14,7.875,6.824999809265137,7.349999904632568,7.875,41768.0,5.354363441467285
2011-11-16,7.875,6.824999809265137,7.349999904632568,7.349999904632568,37743.0,4.997406482696533
2011-11-17,7.349999904632568,6.824999809265137,7.349999904632568,7.349999904632568,87764.0,4.997406482696533
2011-11-18,7.349999904632568,6.300000190734863,6.824999809265137,6.300000190734863,71514.0,4.283491611480713
2011-11-21,6.824999809265137,6.300000190734863,6.824999809265137,6.824999809265137,15316.0,4.640448570251465
2011-11-22,6.824999809265137,6.300000190734863,6.824999809265137,6.300000190734863,23295.0,4.283491611480713
2011-11-23,6.824999809265137,6.300000190734863,6.824999809265137,6.824999809265137,99232.0,4.640448570251465
2011-11-24,6.824999809265137,6.300000190734863,6.824999809265137,6.300000190734863,6219.0,4.283491611480713
2011-11-25,6.824999809265137,6.300000190734863,6.824999809265137,6.300000190734863,4467.0,4.283491611480713
2011-11-28,6.824999809265137,6.300000190734863,6.824999809265137,6.824999809265137,28234.0,4.640448570251465
2011-11-29,6.824999809265137,6.300000190734863,6.824999809265137,6.300000190734863,49162.0,4.283491611480713
2011-11-30,6.824999809265137,6.300000190734863,6.824999809265137,6.824999809265137,123278.0,4.640448570251465
2011-12-01,7.349999904632568,6.300000190734863,6.300000190734863,7.349999904632568,12630.0,4.997406482696533
2011-12-02,7.349999904632568,6.824999809265137,7.349999904632568,6.824999809265137,143562.0,4.640448570251465
2011-12-05,7.349999904632568,6.824999809265137,7.349999904632568,6.824999809265137,24008.0,4.640448570251465
2011-12-06,7.349999904632568,6.824999809265137,6.824999809265137,7.349999904632568,2640.0,4.997406482696533
2011-12-07,7.875,6.824999809265137,6.824999809265137,7.349999904632568,30141.0,4.997406482696533
2011-12-08,7.349999904632568,6.824999809265137,6.824999809265137,6.824999809265137,3830.0,4.640448570251465
2011-12-09,7.349999904632568,6.824999809265137,7.349999904632568,6.824999809265137,65870.0,4.640448570251465
2011-12-12,7.349999904632568,6.824999809265137,6.824999809265137,6.824999809265137,9282.0,4.640448570251465
2011-12-13,7.349999904632568,6.824999809265137,7.349999904632568,7.349999904632568,773.0,4.997406482696533
2011-12-14,7.349999904632568,6.824999809265137,6.824999809265137,7.349999904632568,10533.0,4.997406482696533
2011-12-15,7.349999904632568,6.824999809265137,6.824999809265137,6.824999809265137,8697.0,4.640448570251465
2011-12-16,7.349999904632568,6.824999809265137,6.824999809265137,6.824999809265137,16065.0,4.640448570251465
2011-12-19,7.349999904632568,6.824999809265137,6.824999809265137,6.824999809265137,7419.0,4.640448570251465
2011-12-20,7.349999904632568,6.824999809265137,6.824999809265137,6.824999809265137,3097.0,4.640448570251465
2011-12-21,7.349999904632568,6.824999809265137,7.349999904632568,7.349999904632568,3381.0,4.997406482696533
2011-12-22,7.349999904632568,6.824999809265137,7.349999904632568,7.349999904632568,10638.0,4.998797416687012
2011-12-23,7.349999904632568,6.824999809265137,7.349999904632568,6.824999809265137,3800.0,4.641740322113037
2011-12-26,7.349999904632568,6.824999809265137,6.824999809265137,6.824999809265137,893.0,4.641740322113037
2011-12-27,7.349999904632568,6.824999809265137,6.824999809265137,7.349999904632568,29994.0,4.998797416687012
2011-12-28,7.349999904632568,6.824999809265137,7.349999904632568,7.349999904632568,12709.0,4.998797416687012
2011-12-29,7.349999904632568,6.824999809265137,6.824999809265137,7.349999904632568,2411.0,4.998797416687012
2012-01-02,7.875,6.824999809265137,7.349999904632568,7.875,62804.0,5.355854034423828
2012-01-03,7.875,7.349999904632568,7.349999904632568,7.875,12312.0,5.355854034423828
2012-01-04,7.349999904632568,6.824999809265137,7.349999904632568,7.349999904632568,8242.0,4.998797416687012
2012-01-05,7.349999904632568,6.824999809265137,6.824999809265137,7.349999904632568,6301.0,4.998797416687012
2012-01-06,7.349999904632568,6.824999809265137,6.824999809265137,7.349999904632568,10638.0,4.998797416687012
2012-01-09,7.875,6.824999809265137,7.349999904632568,7.875,113048.0,5.355854034423828
2012-01-10,7.875,7.349999904632568,7.875,7.875,16539.0,5.355854034423828
2012-01-11,7.875,7.349999904632568,7.349999904632568,7.349999904632568,5354.0,4.998797416687012
2012-01-12,7.875,7.349999904632568,7.875,7.349999904632568,36070.0,4.998797416687012
2012-01-13,7.875,7.349999904632568,7.875,7.875,54895.0,5.355854034423828
2012-01-16,7.875,7.349999904632568,7.349999904632568,7.349999904632568,48503.0,4.998797416687012
2012-01-17,7.875,7.349999904632568,7.875,7.349999904632568,42238.0,4.998797416687012
2012-01-18,8.399999618530273,7.349999904632568,7.349999904632568,7.875,183564.0,5.355854034423828
2012-01-19,8.399999618530273,7.875,7.875,7.875,91644.0,5.355854034423828
2012-01-20,8.399999618530273,7.875,7.875,8.399999618530273,2255.0,5.71290922164917
2012-01-23,8.399999618530273,7.875,8.399999618530273,7.875,4709.0,5.355854034423828
2012-01-24,8.399999618530273,7.875,7.875,8.399999618530273,9846.0,5.71290922164917
2012-01-26,8.399999618530273,7.875,7.875,7.875,41373.0,5.355854034423828
2012-01-27,8.399999618530273,7.875,8.399999618530273,8.399999618530273,34135.0,5.71290922164917
2012-01-30,8.399999618530273,7.875,8.399999618530273,8.399999618530273,4613.0,5.71290922164917
2012-01-31,8.399999618530273,7.875,8.399999618530273,8.399999618530273,34712.0,5.71290922164917
2012-02-01,8.399999618530273,7.875,7.875,8.399999618530273,17491.0,5.71290922164917
2012-02-02,8.399999618530273,7.875,8.399999618530273,8.399999618530273,1598.0,5.71290922164917
2012-02-03,8.925000190734863,7.875,7.875,8.399999618530273,75320.0,5.71290922164917
2012-02-06,8.925000190734863,8.399999618530273,8.399999618530273,8.925000190734863,7168.0,6.069967746734619
2012-02-07,8.925000190734863,7.875,8.399999618530273,8.399999618530273,41251.0,5.71290922164917
2012-02-08,8.925000190734863,8.399999618530273,8.399999618530273,8.925000190734863,21030.0,6.069967746734619
2012-02-09,8.925000190734863,8.399999618530273,8.399999618530273,8.925000190734863,2794.0,6.069967746734619
2012-02-10,8.925000190734863,8.399999618530273,8.399999618530273,8.925000190734863,4023.0,6.069967746734619
2012-02-13,8.925000190734863,8.925000190734863,8.925000190734863,8.925000190734863,0.0,6.069967746734619
2012-02-14,8.925000190734863,8.399999618530273,8.925000190734863,8.399999618530273,6219.0,5.71290922164917
2012-02-15,9.449999809265137,8.399999618530273,8.399999618530273,8.925000190734863,78752.0,6.069967746734619
2012-02-16,9.449999809265137,8.399999618530273,8.925000190734863,9.449999809265137,6596.0,6.427024841308594
2012-02-17,9.449999809265137,8.399999618530273,9.449999809265137,8.925000190734863,17368.0,6.069967746734619
2012-02-23,8.925000190734863,8.399999618530273,8.925000190734863,8.399999618530273,4221.0,5.71290922164917
2012-02-24,8.925000190734863,8.399999618530273,8.399999618530273,8.399999618530273,4375.0,5.71290922164917
2012-02-27,8.925000190734863,8.399999618530273,8.399999618530273,8.399999618530273,8846.0,5.71290922164917
2012-02-28,8.925000190734863,8.399999618530273,8.399999618530273,8.925000190734863,17472.0,6.069967746734619
2012-02-29,9.449999809265137,8.925000190734863,8.925000190734863,9.449999809265137,1905.0,6.427024841308594
2012-03-01,9.449999809265137,8.925000190734863,8.925000190734863,9.449999809265137,36874.0,6.427024841308594
2012-03-02,9.449999809265137,8.399999618530273,8.925000190734863,9.449999809265137,27570.0,6.427024841308594
2012-03-05,9.449999809265137,8.399999618530273,8.925000190734863,8.925000190734863,93524.0,6.069967746734619
2012-03-06,8.925000190734863,8.399999618530273,8.925000190734863,8.925000190734863,7181.0,6.069967746734619
2012-03-07,9.449999809265137,8.399999618530273,8.925000190734863,8.925000190734863,32238.0,6.069967746734619
2012-03-08,9.449999809265137,8.925000190734863,8.925000190734863,8.925000190734863,18137.0,6.069967746734619
2012-03-09,9.449999809265137,8.925000190734863,9.449999809265137,9.449999809265137,4798.0,6.427024841308594
2012-03-12,9.449999809265137,8.925000190734863,8.925000190734863,9.449999809265137,42042.0,6.427024841308594
2012-03-13,9.449999809265137,8.925000190734863,9.449999809265137,9.449999809265137,4735.0,6.427024841308594
2012-03-14,9.449999809265137,8.925000190734863,8.925000190734863,9.449999809265137,12385.0,6.427024841308594
2012-03-15,9.449999809265137,8.925000190734863,8.925000190734863,9.449999809265137,2707.0,6.427024841308594
2012-03-16,9.449999809265137,8.925000190734863,8.925000190734863,8.925000190734863,3507.0,6.069967746734619
2012-03-19,8.925000190734863,8.925000190734863,8.925000190734863,8.925000190734863,0.0,6.069967746734619
2012-03-20,8.925000190734863,8.399999618530273,8.925000190734863,8.399999618530273,36055.0,5.71290922164917
2012-03-21,8.925000190734863,8.399999618530273,8.925000190734863,8.399999618530273,1484.0,5.71290922164917
2012-03-22,8.925000190734863,8.399999618530273,8.925000190734863,8.399999618530273,1484.0,5.71290922164917
2012-03-23,8.925000190734863,8.399999618530273,8.925000190734863,8.925000190734863,8158.0,6.069967746734619
2012-03-26,8.925000190734863,8.399999618530273,8.925000190734863,8.925000190734863,4196.0,6.069967746734619
2012-03-27,8.925000190734863,8.399999618530273,8.399999618530273,8.399999618530273,8430.0,5.71290922164917
2012-03-28,8.925000190734863,8.399999618530273,8.399999618530273,8.399999618530273,17240.0,5.71290922164917
2012-03-29,8.925000190734863,8.399999618530273,8.399999618530273,8.925000190734863,390192.0,6.069967746734619
2012-03-30,8.925000190734863,7.875,8.925000190734863,8.399999618530273,62937.0,5.71290922164917
2012-04-02,8.925000190734863,7.875,8.399999618530273,8.399999618530273,17697.0,5.71290922164917
2012-04-03,8.925000190734863,7.875,8.925000190734863,8.399999618530273,9695.0,5.71290922164917
2012-04-04,8.399999618530273,7.875,7.875,8.399999618530273,2539.0,5.71290922164917
2012-04-05,8.399999618530273,7.875,8.399999618530273,7.875,1436.0,5.355854034423828
2012-04-09,8.399999618530273,7.875,7.875,7.875,107768.0,5.355854034423828
2012-04-10,8.399999618530273,7.349999904632568,7.875,7.875,11330.0,5.355854034423828
2012-04-11,8.399999618530273,7.349999904632568,7.349999904632568,7.875,5568.0,5.355854034423828
2012-04-12,8.399999618530273,7.349999904632568,7.349999904632568,7.875,9996.0,5.355854034423828
2012-04-13,8.399999618530273,7.875,7.875,8.399999618530273,78326.0,5.71290922164917
2012-04-16,8.399999618530273,7.349999904632568,8.399999618530273,7.349999904632568,11743.0,4.998797416687012
2012-04-17,8.399999618530273,7.349999904632568,7.349999904632568,8.399999618530273,21406.0,5.71290922164917
2012-04-18,8.399999618530273,7.875,8.399999618530273,8.399999618530273,20608.0,5.71290922164917
2012-04-19,8.399999618530273,7.875,7.875,8.399999618530273,8960.0,5.71290922164917
2012-04-20,8.399999618530273,7.875,7.875,8.399999618530273,8358.0,5.71290922164917
2012-04-23,7.875,7.349999904632568,7.875,7.875,20232.0,5.355854034423828
2012-04-24,7.875,7.349999904632568,7.875,7.875,25339.0,5.355854034423828
2012-04-25,7.875,7.349999904632568,7.349999904632568,7.875,12691.0,5.355854034423828
2012-04-26,7.875,7.349999904632568,7.349999904632568,7.875,8804.0,5.355854034423828
2012-04-27,7.875,7.349999904632568,7.875,7.349999904632568,6651.0,4.998797416687012
2012-04-30,7.875,7.349999904632568,7.875,7.349999904632568,7074.0,4.998797416687012
2012-05-02,7.875,7.349999904632568,7.875,7.349999904632568,7074.0,4.998797416687012
2012-05-03,7.875,7.349999904632568,7.875,7.875,15510.0,5.355854034423828
2012-05-04,7.875,7.349999904632568,7.875,7.349999904632568,57131.0,4.998797416687012
2012-05-07,7.875,7.349999904632568,7.349999904632568,7.875,26114.0,5.355854034423828
2012-05-08,7.875,7.349999904632568,7.875,7.875,9408.0,5.355854034423828
2012-05-09,8.399999618530273,7.349999904632568,7.875,8.399999618530273,140177.0,5.71290922164917
2012-05-10,8.399999618530273,7.875,8.399999618530273,8.399999618530273,9661.0,5.71290922164917
2012-05-11,8.399999618530273,7.875,7.875,8.399999618530273,4560.0,5.71290922164917
2012-05-14,8.399999618530273,7.875,8.399999618530273,7.875,8150.0,5.355854034423828
2012-05-15,8.399999618530273,7.349999904632568,7.875,7.875,14766.0,5.355854034423828
2012-05-16,8.399999618530273,7.875,8.399999618530273,8.399999618530273,3590.0,5.71290922164917
2012-05-17,8.399999618530273,7.349999904632568,8.399999618530273,7.349999904632568,8720.0,4.998797416687012
2012-05-18,7.875,7.349999904632568,7.349999904632568,7.349999904632568,9432.0,4.998797416687012
2012-05-21,7.349999904632568,7.349999904632568,7.349999904632568,7.349999904632568,0.0,4.998797416687012
2012-05-22,8.399999618530273,7.875,7.875,8.399999618530273,19204.0,5.71290922164917
2012-05-23,8.399999618530273,7.875,8.399999618530273,8.399999618530273,35421.0,5.71290922164917
2012-05-24,8.399999618530273,7.349999904632568,7.875,7.875,31983.0,5.355854034423828
2012-05-25,7.875,7.349999904632568,7.349999904632568,7.875,8070.0,5.355854034423828
2012-05-28,8.399999618530273,7.349999904632568,7.875,8.399999618530273,45006.0,5.71290922164917
2012-05-29,7.875,7.349999904632568,7.875,7.875,20857.0,5.355854034423828
2012-05-30,7.875,7.349999904632568,7.349999904632568,7.875,8295.0,5.355854034423828
2012-05-31,7.875,7.349999904632568,7.875,7.875,15552.0,5.355854034423828
2012-06-01,7.875,7.349999904632568,7.349999904632568,7.349999904632568,6192.0,4.998797416687012
2012-06-04,7.875,7.349999904632568,7.875,7.349999904632568,8095.0,4.998797416687012
2012-06-05,7.875,7.349999904632568,7.349999904632568,7.875,8446.0,5.355854034423828
2012-06-06,7.875,7.349999904632568,7.349999904632568,7.875,13316.0,5.355854034423828
2012-06-08,7.875,7.349999904632568,7.349999904632568,7.875,11493.0,5.355854034423828
2012-06-11,7.875,7.349999904632568,7.875,7.875,4050.0,5.355854034423828
2012-06-12,8.399999618530273,7.349999904632568,7.875,8.399999618530273,22421.0,5.71290922164917
2012-06-13,8.399999618530273,7.875,8.399999618530273,7.875,7112.0,5.355854034423828
2012-06-14,7.875,7.349999904632568,7.875,7.875,11714.0,5.355854034423828
2012-06-15,7.875,7.349999904632568,7.875,7.875,10335.0,5.355854034423828
2012-06-18,7.874919891357422,7.874919891357422,7.874919891357422,7.874919891357422,0.0,5.355798721313477
2012-06-19,8.399920463562012,7.3499298095703125,7.3499298095703125,8.399920463562012,3390.0,5.712856292724609
2012-06-20,8.399920463562012,7.874919891357422,8.399920463562012,8.399920463562012,6971.0,5.712856292724609
2012-06-21,7.874919891357422,7.3499298095703125,7.874919891357422,7.874919891357422,1540.0,5.355798721313477
2012-06-22,7.874919891357422,7.3499298095703125,7.3499298095703125,7.3499298095703125,3329.0,4.998749732971191
2012-06-25,7.874919891357422,7.3499298095703125,7.3499298095703125,7.874919891357422,7259.0,5.355798721313477
2012-06-26,7.874919891357422,7.3499298095703125,7.3499298095703125,7.874919891357422,16699.0,5.355798721313477
2012-06-27,7.874919891357422,7.3499298095703125,7.3499298095703125,7.3499298095703125,3592.0,4.998749732971191
2012-06-28,7.874919891357422,7.3499298095703125,7.3499298095703125,7.3499298095703125,5967.0,4.998749732971191
2012-06-29,7.874919891357422,7.3499298095703125,7.3499298095703125,7.874919891357422,48080.0,5.357531547546387
2012-07-02,7.874919891357422,7.3499298095703125,7.3499298095703125,7.874919891357422,235034.0,5.357531547546387
2012-07-03,7.874919891357422,7.3499298095703125,7.874919891357422,7.874919891357422,4881.0,5.357531547546387
2012-07-04,7.874919891357422,7.3499298095703125,7.3499298095703125,7.874919891357422,4358.0,5.357531547546387
2012-07-05,7.874919891357422,7.3499298095703125,7.874919891357422,7.874919891357422,5986.0,5.357531547546387
2012-07-06,7.874919891357422,7.3499298095703125,7.874919891357422,7.874919891357422,9146.0,5.357531547546387
2012-07-10,7.3499298095703125,6.824930191040039,7.3499298095703125,7.3499298095703125,33806.0,5.000366687774658
2012-07-11,7.3499298095703125,6.824930191040039,7.3499298095703125,7.3499298095703125,5335.0,5.000366687774658
2012-07-12,7.3499298095703125,6.824930191040039,7.3499298095703125,7.3499298095703125,4990.0,5.000366687774658
2012-07-13,7.3499298095703125,6.824930191040039,7.3499298095703125,6.824930191040039,3527.0,4.643194198608398
2012-07-16,6.824930191040039,6.824930191040039,6.824930191040039,6.824930191040039,0.0,4.643194198608398
2012-07-17,7.3499298095703125,6.824930191040039,7.3499298095703125,6.824930191040039,17863.0,4.643194198608398
2012-07-18,7.3499298095703125,6.824930191040039,6.824930191040039,6.824930191040039,13388.0,4.643194198608398
2012-07-19,7.3499298095703125,6.824930191040039,7.3499298095703125,6.824930191040039,25950.0,4.643194198608398
2012-07-20,7.3499298095703125,6.824930191040039,6.824930191040039,7.3499298095703125,10411.0,5.000366687774658
2012-07-23,7.3499298095703125,6.824930191040039,7.3499298095703125,7.3499298095703125,9003.0,5.000366687774658
2012-07-24,7.3499298095703125,6.824930191040039,7.3499298095703125,7.3499298095703125,13466.0,5.000366687774658
2012-07-25,7.3499298095703125,6.824930191040039,7.3499298095703125,7.3499298095703125,7695.0,5.000366687774658
2012-07-26,7.3499298095703125,6.824930191040039,6.824930191040039,7.3499298095703125,63118.0,5.000366687774658
2012-07-27,7.874919891357422,7.3499298095703125,7.3499298095703125,7.874919891357422,64006.0,5.357531547546387
2012-07-30,7.874919891357422,7.3499298095703125,7.874919891357422,7.874919891357422,5929.0,5.357531547546387
2012-07-31,7.874919891357422,7.3499298095703125,7.874919891357422,7.874919891357422,1779.0,5.357531547546387
2012-08-01,7.874919891357422,7.3499298095703125,7.3499298095703125,7.874919891357422,13851.0,5.357531547546387
2012-08-02,7.874919891357422,7.3499298095703125,7.3499298095703125,7.3499298095703125,7581.0,5.000366687774658
2012-08-03,7.874919891357422,7.3499298095703125,7.3499298095703125,7.874919891357422,14127.0,5.357531547546387
2012-08-06,8.399920463562012,7.3499298095703125,7.874919891357422,7.874919891357422,171119.0,5.357531547546387
2012-08-07,7.874919891357422,7.3499298095703125,7.874919891357422,7.874919891357422,99812.0,5.357531547546387
2012-08-08,7.874919891357422,7.3499298095703125,7.874919891357422,7.874919891357422,3379.0,5.357531547546387
2012-08-09,7.874919891357422,7.3499298095703125,7.3499298095703125,7.874919891357422,17630.0,5.357531547546387
2012-08-10,7.874919891357422,7.3499298095703125,7.3499298095703125,7.874919891357422,331.0,5.357531547546387
2012-08-13,7.874919891357422,7.3499298095703125,7.874919891357422,7.874919891357422,3354.0,5.357531547546387
2012-08-14,7.874919891357422,7.3499298095703125,7.3499298095703125,7.3499298095703125,1914.0,5.000366687774658
2012-08-15,7.874919891357422,7.3499298095703125,7.3499298095703125,7.3499298095703125,6470.0,5.000366687774658
2012-08-16,7.874919891357422,7.3499298095703125,7.874919891357422,7.3499298095703125,958.0,5.000366687774658
2012-08-17,7.874919891357422,7.3499298095703125,7.874919891357422,7.874919891357422,25419.0,5.357531547546387
2012-08-20,7.874919891357422,7.3499298095703125,7.874919891357422,7.3499298095703125,8969.0,5.000366687774658
2012-08-21,7.874919891357422,7.3499298095703125,7.3499298095703125,7.874919891357422,21864.0,5.357531547546387
2012-08-22,7.874919891357422,7.3499298095703125,7.874919891357422,7.874919891357422,7278.0,5.357531547546387
2012-08-23,7.874919891357422,7.3499298095703125,7.874919891357422,7.874919891357422,455.0,5.357531547546387
2012-08-24,7.874919891357422,7.3499298095703125,7.874919891357422,7.3499298095703125,5270.0,5.000366687774658
2012-08-27,7.874919891357422,7.3499298095703125,7.3499298095703125,7.874919891357422,3358.0,5.357531547546387
2012-08-28,7.874919891357422,7.3499298095703125,7.874919891357422,7.3499298095703125,11122.0,5.000366687774658
2012-08-29,7.874919891357422,6.824930191040039,7.874919891357422,7.3499298095703125,111037.0,5.000366687774658
2012-08-30,7.3499298095703125,6.824930191040039,7.3499298095703125,7.3499298095703125,6779.0,5.000366687774658
2012-08-31,7.3499298095703125,6.824930191040039,7.3499298095703125,7.3499298095703125,2868.0,5.000366687774658
2012-09-03,7.3499298095703125,6.824930191040039,7.3499298095703125,7.3499298095703125,8247.0,5.000366687774658
2012-09-04,7.3499298095703125,6.824930191040039,7.3499298095703125,6.824930191040039,8769.0,4.643194198608398
2012-09-05,7.3499298095703125,6.824930191040039,7.3499298095703125,7.3499298095703125,18838.0,5.000366687774658
2012-09-06,7.3499298095703125,6.824930191040039,7.3499298095703125,7.3499298095703125,29865.0,5.000366687774658
2012-09-10,7.3499298095703125,7.3499298095703125,7.3499298095703125,7.3499298095703125,0.0,5.000366687774658
2012-09-11,7.3499298095703125,6.824930191040039,7.3499298095703125,7.3499298095703125,5756.0,5.000366687774658
2012-09-12,7.3499298095703125,7.3499298095703125,7.3499298095703125,7.3499298095703125,0.0,5.000366687774658
2012-09-13,7.3499298095703125,7.3499298095703125,7.3499298095703125,7.3499298095703125,0.0,5.000366687774658
2012-09-14,7.874919891357422,6.824930191040039,7.3499298095703125,7.874919891357422,43758.0,5.357531547546387
2012-09-17,7.874919891357422,7.3499298095703125,7.874919891357422,7.3499298095703125,2771.0,5.000366687774658
2012-09-18,7.874919891357422,7.3499298095703125,7.874919891357422,7.874919891357422,4992.0,5.357531547546387
2012-09-19,7.874919891357422,7.3499298095703125,7.874919891357422,7.874919891357422,16165.0,5.357531547546387
2012-09-20,7.874919891357422,7.3499298095703125,7.874919891357422,7.874919891357422,15489.0,5.357531547546387
2012-09-21,7.874919891357422,7.3499298095703125,7.3499298095703125,7.874919891357422,71955.0,5.357531547546387
2012-09-24,7.874919891357422,7.3499298095703125,7.3499298095703125,7.874919891357422,8280.0,5.357531547546387
2012-09-25,7.874919891357422,6.824930191040039,7.3499298095703125,7.874919891357422,73916.0,5.357531547546387
2012-09-26,7.3499298095703125,6.824930191040039,7.874919891357422,6.824930191040039,7828.0,4.643194198608398
2012-09-27,7.874919891357422,6.824930191040039,7.3499298095703125,7.3499298095703125,40737.0,5.001334190368652
2012-09-28,7.3499298095703125,6.824930191040039,7.3499298095703125,7.3499298095703125,575.0,5.001334190368652
2012-10-01,7.874919891357422,6.824930191040039,6.824930191040039,7.874919891357422,28061.0,5.3585686683654785
2012-10-02,7.874919891357422,6.824930191040039,7.3499298095703125,7.3499298095703125,45166.0,5.001334190368652
2012-10-03,7.3499298095703125,6.824930191040039,7.3499298095703125,6.824930191040039,2226.0,4.644092082977295
2012-10-04,7.3499298095703125,6.824930191040039,6.824930191040039,7.3499298095703125,12518.0,5.001334190368652
2012-10-05,7.874919891357422,6.824930191040039,6.824930191040039,7.3499298095703125,77876.0,5.001334190368652
2012-10-08,7.874919891357422,6.824930191040039,7.3499298095703125,7.3499298095703125,5398.0,5.001334190368652
2012-10-09,7.3499298095703125,6.824930191040039,7.3499298095703125,7.3499298095703125,10902.0,5.001334190368652
2012-10-10,7.3499298095703125,6.824930191040039,6.824930191040039,7.3499298095703125,8659.0,5.001334190368652
2012-10-11,7.3499298095703125,6.824930191040039,6.824930191040039,7.3499298095703125,29409.0,5.001334190368652
2012-10-15,7.3499298095703125,6.824930191040039,7.3499298095703125,7.3499298095703125,1001.0,5.001334190368652
2012-10-16,7.3499298095703125,6.824930191040039,7.3499298095703125,6.824930191040039,42152.0,4.644092082977295
2012-10-17,7.3499298095703125,6.824930191040039,6.824930191040039,7.3499298095703125,40684.0,5.001334190368652
2012-10-18,7.3499298095703125,6.824930191040039,6.824930191040039,7.3499298095703125,615.0,5.001334190368652
2012-10-19,7.3499298095703125,6.824930191040039,7.3499298095703125,7.3499298095703125,17687.0,5.001334190368652
2012-10-22,7.3499298095703125,6.824930191040039,7.3499298095703125,7.3499298095703125,3674.0,5.001334190368652
2012-10-23,7.3499298095703125,6.824930191040039,7.3499298095703125,7.3499298095703125,1480.0,5.001334190368652
2012-10-24,7.3499298095703125,6.824930191040039,6.824930191040039,6.824930191040039,5626.0,4.644092082977295
2012-10-25,7.3499298095703125,6.824930191040039,6.824930191040039,6.824930191040039,2485.0,4.644092082977295
2012-10-26,7.3499298095703125,6.824930191040039,6.824930191040039,7.3499298095703125,12695.0,5.001334190368652
2012-10-29,7.3499298095703125,6.824930191040039,6.824930191040039,7.3499298095703125,6956.0,5.001334190368652
2012-10-30,7.3499298095703125,6.824930191040039,7.3499298095703125,7.3499298095703125,12203.0,5.001334190368652
2012-10-31,7.3499298095703125,6.824930191040039,6.824930191040039,7.3499298095703125,15988.0,5.001334190368652
2012-11-01,7.3499298095703125,6.824930191040039,6.824930191040039,7.3499298095703125,5981.0,5.001334190368652
2012-11-05,7.3499298095703125,6.824930191040039,6.824930191040039,7.3499298095703125,2401.0,5.001334190368652
2012-11-06,7.3499298095703125,6.824930191040039,6.824930191040039,7.3499298095703125,12948.0,5.001334190368652
2012-11-07,7.3499298095703125,6.824930191040039,7.3499298095703125,7.3499298095703125,7093.0,5.001334190368652
2012-11-08,7.3499298095703125,6.824930191040039,6.824930191040039,7.3499298095703125,17935.0,5.001334190368652
2012-11-09,7.3499298095703125,6.824930191040039,6.824930191040039,7.3499298095703125,45606.0,5.001334190368652
2012-11-12,7.3499298095703125,6.824930191040039,7.3499298095703125,7.3499298095703125,4674.0,5.001334190368652
2012-11-13,7.3499298095703125,7.3499298095703125,7.3499298095703125,7.3499298095703125,420.0,5.001334190368652
2012-11-14,7.3499298095703125,6.824930191040039,6.824930191040039,7.3499298095703125,1032.0,5.001334190368652
2012-11-16,7.3499298095703125,6.824930191040039,7.3499298095703125,6.824930191040039,2015.0,4.644092082977295
2012-11-19,7.3499298095703125,6.824930191040039,6.824930191040039,7.3499298095703125,7005.0,5.001334190368652
2012-11-21,7.3499298095703125,6.824930191040039,6.824930191040039,7.3499298095703125,201070.0,5.001334190368652
2012-11-22,7.3499298095703125,6.824930191040039,6.824930191040039,6.824930191040039,8163.0,4.644092082977295
2012-11-23,7.3499298095703125,6.824930191040039,6.824930191040039,6.824930191040039,20840.0,4.644092082977295
2012-11-26,7.3499298095703125,6.824930191040039,6.824930191040039,6.824930191040039,11746.0,4.644092082977295
2012-11-27,7.3499298095703125,6.824930191040039,6.824930191040039,6.824930191040039,165.0,4.644092082977295
2012-11-28,7.3499298095703125,6.824930191040039,6.824930191040039,7.3499298095703125,12341.0,5.001334190368652
2012-11-29,7.3499298095703125,6.824930191040039,7.3499298095703125,7.3499298095703125,1824.0,5.001334190368652
2012-11-30,7.3499298095703125,6.824930191040039,6.824930191040039,7.3499298095703125,3070.0,5.001334190368652
2012-12-03,7.3499298095703125,6.824930191040039,7.3499298095703125,7.3499298095703125,4746.0,5.001334190368652
2012-12-04,7.3499298095703125,6.824930191040039,7.3499298095703125,7.3499298095703125,43280.0,5.001334190368652
2012-12-05,7.3499298095703125,6.824930191040039,6.824930191040039,7.3499298095703125,5851.0,5.001334190368652
2012-12-06,7.3499298095703125,6.824930191040039,6.824930191040039,7.3499298095703125,5417.0,5.001334190368652
2012-12-07,7.3499298095703125,6.824930191040039,6.824930191040039,7.3499298095703125,15093.0,5.001334190368652
2012-12-10,7.3499298095703125,6.824930191040039,6.824930191040039,6.824930191040039,5310.0,4.644092082977295
2012-12-11,7.3499298095703125,6.824930191040039,7.3499298095703125,7.3499298095703125,2815.0,5.001334190368652
2012-12-12,7.3499298095703125,6.824930191040039,6.824930191040039,7.3499298095703125,3815.0,5.001334190368652
2012-12-13,7.3499298095703125,6.824930191040039,6.824930191040039,7.3499298095703125,24676.0,5.001334190368652
2012-12-14,7.3499298095703125,6.824930191040039,6.824930191040039,6.824930191040039,17514.0,4.644092082977295
2012-12-17,7.3499298095703125,6.824930191040039,6.824930191040039,7.3499298095703125,2091.0,5.001334190368652
2012-12-18,7.3499298095703125,6.824930191040039,7.3499298095703125,7.3499298095703125,23251.0,5.001334190368652
2012-12-19,7.3499298095703125,6.824930191040039,7.3499298095703125,6.824930191040039,9729.0,4.644092082977295
2012-12-20,7.3499298095703125,6.824930191040039,7.3499298095703125,7.3499298095703125,27775.0,5.001817226409912
2012-12-21,7.3499298095703125,6.824930191040039,7.3499298095703125,7.3499298095703125,13680.0,5.001817226409912
2012-12-26,7.3499298095703125,6.824930191040039,7.3499298095703125,7.3499298095703125,6683.0,5.001817226409912
2012-12-27,7.3499298095703125,6.824930191040039,7.3499298095703125,7.3499298095703125,3232.0,5.001817226409912
2012-12-28,7.3499298095703125,6.824930191040039,7.3499298095703125,6.824930191040039,13908.0,4.644542217254639
2013-01-02,7.3499298095703125,6.824930191040039,7.3499298095703125,7.3499298095703125,5501.0,5.001817226409912
2013-01-03,7.3499298095703125,6.824930191040039,7.3499298095703125,7.3499298095703125,8641.0,5.001817226409912
2013-01-04,7.3499298095703125,6.824930191040039,6.824930191040039,7.3499298095703125,7607.0,5.001817226409912
2013-01-07,7.3499298095703125,6.824930191040039,7.3499298095703125,7.3499298095703125,5007.0,5.001817226409912
2013-01-08,7.3499298095703125,6.824930191040039,6.824930191040039,7.3499298095703125,7958.0,5.001817226409912
2013-01-09,7.3499298095703125,6.824930191040039,6.824930191040039,6.824930191040039,2979.0,4.644542217254639
2013-01-10,7.874919891357422,6.824930191040039,7.3499298095703125,7.3499298095703125,187344.0,5.001817226409912
2013-01-11,7.874919891357422,7.3499298095703125,7.3499298095703125,7.874919891357422,7061.0,5.359087944030762
2013-01-14,7.874919891357422,7.3499298095703125,7.874919891357422,7.3499298095703125,20360.0,5.001817226409912
2013-01-15,7.874919891357422,7.3499298095703125,7.874919891357422,7.874919891357422,921.0,5.359087944030762
2013-01-16,7.874919891357422,7.3499298095703125,7.3499298095703125,7.874919891357422,5596.0,5.359087944030762
2013-01-17,7.874919891357422,7.3499298095703125,7.3499298095703125,7.3499298095703125,1080.0,5.001817226409912
2013-01-18,7.874919891357422,7.3499298095703125,7.3499298095703125,7.874919891357422,17697.0,5.359087944030762
2013-01-21,7.874919891357422,7.3499298095703125,7.3499298095703125,7.874919891357422,78404.0,5.359087944030762
2013-01-22,8.399920463562012,7.3499298095703125,7.3499298095703125,7.3499298095703125,53232.0,5.001817226409912
2013-01-23,8.399920463562012,7.3499298095703125,7.3499298095703125,7.3499298095703125,12341.0,5.001817226409912
2013-01-24,7.874919891357422,7.3499298095703125,7.3499298095703125,7.3499298095703125,51074.0,5.001817226409912
2013-01-28,7.874919891357422,7.3499298095703125,7.3499298095703125,7.3499298095703125,53674.0,5.001817226409912
2013-01-29,7.874919891357422,6.824930191040039,7.3499298095703125,7.3499298095703125,58796.0,5.001817226409912
2013-01-30,7.3499298095703125,6.824930191040039,6.824930191040039,6.824930191040039,1173.0,4.644542217254639
2013-01-31,7.874919891357422,6.824930191040039,6.824930191040039,7.3499298095703125,85977.0,5.001817226409912
2013-02-01,7.874919891357422,7.3499298095703125,7.3499298095703125,7.3499298095703125,5683.0,5.001817226409912
2013-02-04,7.874919891357422,7.3499298095703125,7.3499298095703125,7.3499298095703125,17868.0,5.001817226409912
2013-02-05,7.874919891357422,6.824930191040039,7.874919891357422,7.3499298095703125,11202.0,5.001817226409912
2013-02-06,7.3499298095703125,6.824930191040039,7.3499298095703125,7.3499298095703125,1188.0,5.001817226409912
2013-02-07,7.874919891357422,6.824930191040039,7.3499298095703125,6.824930191040039,25649.0,4.644542217254639
2013-02-08,7.3499298095703125,6.824930191040039,6.824930191040039,7.3499298095703125,16983.0,5.001817226409912
2013-02-13,7.3499298095703125,6.824930191040039,7.3499298095703125,7.3499298095703125,607.0,5.001817226409912
2013-02-14,7.3499298095703125,6.824930191040039,7.3499298095703125,6.824930191040039,615.0,4.644542217254639
2013-02-15,7.3499298095703125,6.824930191040039,6.824930191040039,7.3499298095703125,6438.0,5.001817226409912
2013-02-18,7.874919891357422,6.824930191040039,7.3499298095703125,7.3499298095703125,31897.0,5.001817226409912
2013-02-19,7.3499298095703125,6.824930191040039,7.3499298095703125,6.824930191040039,2234.0,4.644542217254639
2013-02-20,7.3499298095703125,6.824930191040039,6.824930191040039,6.824930191040039,2217.0,4.644542217254639
2013-02-21,7.3499298095703125,6.824930191040039,6.824930191040039,7.3499298095703125,8939.0,5.001817226409912
2013-02-22,7.3499298095703125,6.824930191040039,6.824930191040039,7.3499298095703125,4664.0,5.001817226409912
2013-02-25,7.874919891357422,6.824930191040039,6.824930191040039,7.3499298095703125,34295.0,5.001817226409912
2013-02-26,7.3499298095703125,6.824930191040039,7.3499298095703125,7.3499298095703125,205.0,5.001817226409912
2013-02-27,7.3499298095703125,6.824930191040039,7.3499298095703125,7.3499298095703125,2535.0,5.001817226409912
2013-02-28,7.3499298095703125,6.824930191040039,7.3499298095703125,7.3499298095703125,3217.0,5.001817226409912
2013-03-01,7.3499298095703125,6.824930191040039,7.3499298095703125,7.3499298095703125,3664.0,5.001817226409912
2013-03-04,7.3499298095703125,6.824930191040039,7.3499298095703125,6.824930191040039,2788.0,4.644542217254639
2013-03-05,7.3499298095703125,6.824930191040039,7.3499298095703125,7.3499298095703125,6784.0,5.001817226409912
2013-03-06,7.874919891357422,7.3499298095703125,7.3499298095703125,7.3499298095703125,88389.0,5.001817226409912
2013-03-07,7.874919891357422,7.3499298095703125,7.3499298095703125,7.3499298095703125,6920.0,5.001817226409912
2013-03-08,7.874919891357422,7.3499298095703125,7.3499298095703125,7.874919891357422,21895.0,5.359087944030762
2013-03-11,7.874919891357422,7.3499298095703125,7.874919891357422,7.3499298095703125,34430.0,5.001817226409912
2013-03-12,7.874919891357422,7.3499298095703125,7.3499298095703125,7.3499298095703125,3123.0,5.001817226409912
2013-03-13,7.874919891357422,7.3499298095703125,7.3499298095703125,7.3499298095703125,24091.0,5.001817226409912
2013-03-14,7.874919891357422,7.3499298095703125,7.874919891357422,7.3499298095703125,5274.0,5.001817226409912
2013-03-15,7.874919891357422,7.3499298095703125,7.3499298095703125,7.874919891357422,20739.0,5.359087944030762
2013-03-18,7.874919891357422,7.3499298095703125,7.874919891357422,7.3499298095703125,579.0,5.001817226409912
2013-03-19,7.874919891357422,7.3499298095703125,7.874919891357422,7.3499298095703125,19440.0,5.001817226409912
2013-03-20,7.3499298095703125,6.824930191040039,7.3499298095703125,7.3499298095703125,9962.0,5.001817226409912
2013-03-21,7.3499298095703125,6.824930191040039,6.824930191040039,6.824930191040039,2895.0,4.644542217254639
2013-03-22,7.3499298095703125,6.824930191040039,7.3499298095703125,7.3499298095703125,3335.0,5.001817226409912
2013-03-25,7.3499298095703125,6.824930191040039,6.824930191040039,6.824930191040039,18036.0,4.644542217254639
2013-03-26,7.3499298095703125,6.824930191040039,6.824930191040039,7.3499298095703125,29327.0,5.001817226409912
2013-03-27,7.3499298095703125,6.824930191040039,7.3499298095703125,6.824930191040039,5078.0,4.644542217254639
2013-03-28,6.824930191040039,6.824930191040039,6.824930191040039,6.824930191040039,0.0,4.644542217254639
2013-04-01,7.3499298095703125,6.824930191040039,7.3499298095703125,6.824930191040039,7921.0,4.644542217254639
2013-04-02,7.3499298095703125,6.824930191040039,7.3499298095703125,7.3499298095703125,11832.0,5.001817226409912
2013-04-03,7.3499298095703125,6.824930191040039,7.3499298095703125,7.3499298095703125,1582.0,5.001817226409912
2013-04-04,7.3499298095703125,6.824930191040039,7.3499298095703125,6.824930191040039,4769.0,4.644542217254639
2013-04-05,7.3499298095703125,6.824930191040039,7.3499298095703125,7.3499298095703125,19617.0,5.001817226409912
2013-04-08,7.3499298095703125,6.824930191040039,6.824930191040039,6.824930191040039,2939.0,4.644542217254639
2013-04-09,7.3499298095703125,6.824930191040039,7.3499298095703125,6.824930191040039,4379.0,4.644542217254639
2013-04-10,7.3499298095703125,6.824930191040039,6.824930191040039,6.824930191040039,4060.0,4.644542217254639
2013-04-11,7.3499298095703125,6.824930191040039,7.3499298095703125,6.824930191040039,1535.0,4.644542217254639
2013-04-12,7.3499298095703125,6.824930191040039,6.824930191040039,7.3499298095703125,3739.0,5.001817226409912
2013-04-15,7.3499298095703125,6.824930191040039,6.824930191040039,6.824930191040039,1026.0,4.644542217254639
2013-04-16,7.3499298095703125,6.824930191040039,6.824930191040039,7.3499298095703125,34954.0,5.001817226409912
2013-04-17,7.3499298095703125,6.824930191040039,6.824930191040039,7.3499298095703125,17148.0,5.001817226409912
2013-04-18,7.3499298095703125,6.824930191040039,7.3499298095703125,6.824930191040039,12750.0,4.644542217254639
2013-04-19,7.3499298095703125,6.824930191040039,7.3499298095703125,7.3499298095703125,7649.0,5.001817226409912
2013-04-22,7.3499298095703125,6.824930191040039,7.3499298095703125,7.3499298095703125,4512.0,5.001817226409912
2013-04-23,7.3499298095703125,6.824930191040039,6.824930191040039,7.3499298095703125,5120.0,5.001817226409912
2013-04-24,7.3499298095703125,6.824930191040039,7.3499298095703125,7.3499298095703125,67994.0,5.001817226409912
2013-04-25,7.3499298095703125,6.824930191040039,7.3499298095703125,6.824930191040039,23424.0,4.644542217254639
2013-04-26,6.824930191040039,6.824930191040039,6.824930191040039,6.824930191040039,0.0,4.644542217254639
2013-04-29,7.3499298095703125,6.824930191040039,6.824930191040039,6.824930191040039,5912.0,4.644542217254639
2013-04-30,7.3499298095703125,6.824930191040039,6.824930191040039,7.3499298095703125,18350.0,5.001817226409912
2013-05-02,7.3499298095703125,6.824930191040039,7.3499298095703125,6.824930191040039,4078.0,4.644542217254639
2013-05-03,7.3499298095703125,6.824930191040039,6.824930191040039,7.3499298095703125,9832.0,5.001817226409912
2013-05-06,7.3499298095703125,6.824930191040039,6.824930191040039,6.824930191040039,2758.0,4.644542217254639
2013-05-07,7.3499298095703125,6.824930191040039,6.824930191040039,6.824930191040039,11493.0,4.644542217254639
2013-05-08,7.3499298095703125,6.824930191040039,6.824930191040039,6.824930191040039,25432.0,4.644542217254639
2013-05-09,7.3499298095703125,6.824930191040039,6.824930191040039,7.3499298095703125,1476.0,5.001817226409912
2013-05-10,7.3499298095703125,6.824930191040039,6.824930191040039,6.824930191040039,47846.0,4.644542217254639
2013-05-13,7.3499298095703125,6.824930191040039,6.824930191040039,6.824930191040039,21030.0,4.644542217254639
2013-05-14,7.3499298095703125,6.824930191040039,6.824930191040039,6.824930191040039,44442.0,4.644542217254639
2013-05-15,7.3499298095703125,6.824930191040039,6.824930191040039,6.824930191040039,7826.0,4.644542217254639
2013-05-16,7.3499298095703125,6.824930191040039,6.824930191040039,7.3499298095703125,103928.0,5.001817226409912
2013-05-17,7.3499298095703125,6.824930191040039,6.824930191040039,7.3499298095703125,3335.0,5.001817226409912
2013-05-20,7.3499298095703125,6.824930191040039,6.824930191040039,7.3499298095703125,6571.0,5.001817226409912
2013-05-21,7.3499298095703125,6.824930191040039,6.824930191040039,6.824930191040039,5217.0,4.644542217254639
2013-05-22,7.3499298095703125,6.824930191040039,6.824930191040039,7.3499298095703125,30905.0,5.001817226409912
2013-05-23,7.3499298095703125,6.824930191040039,6.824930191040039,6.824930191040039,1624.0,4.644542217254639
2013-05-24,7.3499298095703125,6.824930191040039,7.3499298095703125,6.824930191040039,1529.0,4.644542217254639
2013-05-27,7.3499298095703125,6.824930191040039,6.824930191040039,7.3499298095703125,96640.0,5.001817226409912
2013-05-28,7.874919891357422,7.3499298095703125,7.3499298095703125,7.874919891357422,4935.0,5.359087944030762
2013-05-29,7.874919891357422,7.3499298095703125,7.3499298095703125,7.874919891357422,8043.0,5.359087944030762
2013-05-31,7.874919891357422,6.824930191040039,7.874919891357422,6.824930191040039,2940.0,4.644542217254639
2013-06-03,7.3499298095703125,6.824930191040039,6.824930191040039,7.3499298095703125,9621.0,5.001817226409912
2013-06-04,7.3499298095703125,6.824930191040039,7.3499298095703125,7.3499298095703125,742.0,5.001817226409912
2013-06-05,7.3499298095703125,6.824930191040039,6.824930191040039,6.824930191040039,5017.0,4.644542217254639
2013-06-06,7.3499298095703125,6.824930191040039,6.824930191040039,6.824930191040039,5533.0,4.644542217254639
2013-06-07,7.3499298095703125,6.824930191040039,7.3499298095703125,7.3499298095703125,1180.0,5.001817226409912
2013-06-10,7.3499298095703125,6.824930191040039,6.824930191040039,7.3499298095703125,7344.0,5.001817226409912
2013-06-11,7.3499298095703125,6.824930191040039,6.824930191040039,7.3499298095703125,20087.0,5.001817226409912
2013-06-12,7.3499298095703125,6.824930191040039,6.824930191040039,7.3499298095703125,102231.0,5.001817226409912
2013-06-13,7.3499298095703125,6.824930191040039,6.824930191040039,7.3499298095703125,22954.0,5.001817226409912
2013-06-14,7.3499298095703125,6.824930191040039,6.824930191040039,6.824930191040039,1116.0,4.644542217254639
2013-06-17,7.3499298095703125,6.824930191040039,7.3499298095703125,7.3499298095703125,7798.0,5.001817226409912
2013-06-18,7.3499298095703125,6.824930191040039,7.3499298095703125,7.3499298095703125,3373.0,5.001817226409912
2013-06-19,7.3499298095703125,6.824930191040039,6.824930191040039,7.3499298095703125,2430.0,5.001817226409912
2013-06-20,7.3499298095703125,6.824930191040039,6.824930191040039,7.3499298095703125,19844.0,5.001817226409912
2013-06-21,7.3499298095703125,6.824930191040039,6.824930191040039,7.3499298095703125,251.0,5.001817226409912
2013-06-24,7.3499298095703125,6.824930191040039,6.824930191040039,7.3499298095703125,177521.0,5.001817226409912
2013-06-25,6.824930191040039,6.29994010925293,6.824930191040039,6.824930191040039,31735.0,4.644542217254639
2013-06-26,6.824930191040039,6.29994010925293,6.29994010925293,6.824930191040039,1516.0,4.645709991455078
2013-06-27,6.824930191040039,6.29994010925293,6.29994010925293,6.824930191040039,3641.0,4.645709991455078
2013-06-28,6.824930191040039,6.29994010925293,6.824930191040039,6.29994010925293,261377.0,4.288351535797119
2013-07-01,6.824930191040039,6.29994010925293,6.824930191040039,6.29994010925293,22689.0,4.288351535797119
2013-07-02,6.824930191040039,6.29994010925293,6.29994010925293,6.29994010925293,2419.0,4.288351535797119
2013-07-03,6.824930191040039,5.774940013885498,6.824930191040039,6.824930191040039,174148.0,4.645709991455078
2013-07-04,6.824930191040039,6.29994010925293,6.824930191040039,6.824930191040039,5038.0,4.645709991455078
2013-07-05,6.824930191040039,6.29994010925293,6.29994010925293,6.824930191040039,3053.0,4.645709991455078
2013-07-08,6.824930191040039,6.29994010925293,6.824930191040039,6.29994010925293,6567.0,4.288351535797119
2013-07-10,6.824930191040039,6.29994010925293,6.824930191040039,6.824930191040039,4672.0,4.645709991455078
2013-07-11,6.824930191040039,6.29994010925293,6.29994010925293,6.824930191040039,24651.0,4.645709991455078
2013-07-12,6.824930191040039,6.29994010925293,6.29994010925293,6.824930191040039,13095.0,4.645709991455078
2013-07-15,6.824930191040039,6.29994010925293,6.29994010925293,6.29994010925293,9186.0,4.288351535797119
2013-07-16,6.824930191040039,6.29994010925293,6.29994010925293,6.824930191040039,1367.0,4.645709991455078
2013-07-17,6.824930191040039,6.29994010925293,6.824930191040039,6.824930191040039,8163.0,4.645709991455078
2013-07-18,6.824930191040039,6.29994010925293,6.29994010925293,6.824930191040039,2828.0,4.645709991455078
2013-07-19,6.824930191040039,6.29994010925293,6.824930191040039,6.824930191040039,2784.0,4.645709991455078
2013-07-22,6.824930191040039,6.29994010925293,6.824930191040039,6.824930191040039,1331.0,4.645709991455078
2013-07-23,7.3499298095703125,6.29994010925293,6.29994010925293,7.3499298095703125,95166.0,5.003075122833252
2013-07-24,7.3499298095703125,6.824930191040039,6.824930191040039,7.3499298095703125,119904.0,5.003075122833252
2013-07-25,7.3499298095703125,6.824930191040039,7.3499298095703125,6.824930191040039,2367.0,4.645709991455078
2013-07-26,6.824930191040039,6.824930191040039,6.824930191040039,6.824930191040039,0.0,4.645709991455078
2013-07-29,7.3499298095703125,6.824930191040039,6.824930191040039,6.824930191040039,5876.0,4.645709991455078
2013-07-30,7.3499298095703125,6.824930191040039,6.824930191040039,6.824930191040039,8763.0,4.645709991455078
2013-07-31,7.3499298095703125,6.824930191040039,6.824930191040039,7.3499298095703125,7710.0,5.003075122833252
2013-08-01,7.3499298095703125,6.824930191040039,7.3499298095703125,7.3499298095703125,569.0,5.003075122833252
2013-08-02,7.3499298095703125,6.824930191040039,7.3499298095703125,7.3499298095703125,1066.0,5.003075122833252
2013-08-05,7.3499298095703125,6.824930191040039,6.824930191040039,6.824930191040039,5541.0,4.645709991455078
2013-08-06,7.3499298095703125,6.29994010925293,7.3499298095703125,6.29994010925293,17297.0,4.288351535797119
2013-08-07,6.824930191040039,6.29994010925293,6.29994010925293,6.29994010925293,1030.0,4.288351535797119
2013-08-08,6.824930191040039,6.29994010925293,6.29994010925293,6.824930191040039,2527.0,4.645709991455078
2013-08-09,7.3499298095703125,6.29994010925293,6.824930191040039,6.824930191040039,14144.0,4.645709991455078
2013-08-12,7.3499298095703125,6.824930191040039,6.824930191040039,7.3499298095703125,45067.0,5.003075122833252
2013-08-13,7.3499298095703125,6.824930191040039,7.3499298095703125,7.3499298095703125,6988.0,5.003075122833252
2013-08-14,7.3499298095703125,6.824930191040039,6.824930191040039,6.824930191040039,2750.0,4.645709991455078
2013-08-15,6.824930191040039,6.29994010925293,6.824930191040039,6.824930191040039,75937.0,4.645709991455078
2013-08-16,7.3499298095703125,6.29994010925293,6.824930191040039,6.824930191040039,17710.0,4.645709991455078
2013-08-19,6.824930191040039,6.29994010925293,6.824930191040039,6.824930191040039,68191.0,4.645709991455078
2013-08-20,6.824930191040039,6.29994010925293,6.29994010925293,6.29994010925293,2800.0,4.288351535797119
2013-08-21,6.824930191040039,6.29994010925293,6.824930191040039,6.824930191040039,1304.0,4.645709991455078
2013-08-22,6.824930191040039,6.29994010925293,6.824930191040039,6.824930191040039,19864.0,4.645709991455078
2013-08-23,6.824930191040039,6.29994010925293,6.824930191040039,6.824930191040039,34297.0,4.645709991455078
2013-08-26,6.824930191040039,6.29994010925293,6.29994010925293,6.29994010925293,4291.0,4.288351535797119
2013-08-27,6.824930191040039,6.29994010925293,6.824930191040039,6.29994010925293,5636.0,4.288351535797119
2013-08-28,6.824930191040039,6.29994010925293,6.824930191040039,6.824930191040039,761.0,4.645709991455078
2013-08-29,6.824930191040039,6.29994010925293,6.824930191040039,6.29994010925293,3194.0,4.288351535797119
2013-08-30,6.824930191040039,6.29994010925293,6.824930191040039,6.29994010925293,2403.0,4.288351535797119
2013-09-02,6.824930191040039,6.29994010925293,6.824930191040039,6.29994010925293,10459.0,4.288351535797119
2013-09-03,6.824930191040039,6.29994010925293,6.824930191040039,6.29994010925293,3613.0,4.288351535797119
2013-09-04,6.29994010925293,6.29994010925293,6.29994010925293,6.29994010925293,8527.0,4.288351535797119
2013-09-05,6.824930191040039,6.29994010925293,6.824930191040039,6.29994010925293,21826.0,4.288351535797119
2013-09-06,6.824930191040039,6.29994010925293,6.29994010925293,6.824930191040039,3716.0,4.645709991455078
2013-09-09,7.3499298095703125,6.29994010925293,6.824930191040039,6.824930191040039,65050.0,4.645709991455078
2013-09-10,7.3499298095703125,6.824930191040039,6.824930191040039,6.824930191040039,4676.0,4.645709991455078
2013-09-11,7.3499298095703125,6.824930191040039,7.3499298095703125,6.824930191040039,6853.0,4.645709991455078
2013-09-12,6.824930191040039,6.29994010925293,6.824930191040039,6.824930191040039,12628.0,4.645709991455078
2013-09-13,7.3499298095703125,6.29994010925293,6.29994010925293,7.3499298095703125,14095.0,5.003075122833252
2013-09-16,7.3499298095703125,6.824930191040039,6.824930191040039,7.3499298095703125,5803.0,5.003075122833252
2013-09-17,7.3499298095703125,6.824930191040039,7.3499298095703125,7.3499298095703125,7565.0,5.003075122833252
2013-09-18,7.3499298095703125,6.824930191040039,7.3499298095703125,6.824930191040039,34.0,4.645709991455078
2013-09-19,7.3499298095703125,6.824930191040039,6.824930191040039,7.3499298095703125,6645.0,5.003075122833252
2013-09-20,7.3499298095703125,6.824930191040039,7.3499298095703125,6.824930191040039,510.0,4.645709991455078
2013-09-23,7.3499298095703125,6.824930191040039,7.3499298095703125,6.824930191040039,7200.0,4.645709991455078
2013-09-24,7.3499298095703125,6.824930191040039,7.3499298095703125,6.824930191040039,3167.0,4.645709991455078
2013-09-25,6.824930191040039,6.824930191040039,6.824930191040039,6.824930191040039,2114.0,4.645709991455078
2013-09-26,7.3499298095703125,6.824930191040039,7.3499298095703125,6.29994010925293,3666.0,4.288351535797119
2013-09-27,7.874919891357422,7.3499298095703125,7.874919891357422,7.3499298095703125,271008.0,5.004021167755127
2013-09-30,7.874919891357422,7.3499298095703125,7.874919891357422,7.874919891357422,27299.0,5.361447334289551
2013-10-01,7.874919891357422,7.3499298095703125,7.3499298095703125,7.3499298095703125,7177.0,5.004021167755127
2013-10-02,7.874919891357422,7.3499298095703125,7.3499298095703125,7.874919891357422,2182.0,5.361447334289551
2013-10-03,7.874919891357422,7.3499298095703125,7.874919891357422,7.3499298095703125,10573.0,5.004021167755127
2013-10-04,7.874919891357422,7.3499298095703125,7.3499298095703125,7.3499298095703125,25632.0,5.004021167755127
2013-10-07,7.874919891357422,7.3499298095703125,7.3499298095703125,7.3499298095703125,3171.0,5.004021167755127
2013-10-08,7.874919891357422,7.3499298095703125,7.3499298095703125,7.3499298095703125,1841.0,5.004021167755127
2013-10-09,7.874919891357422,7.3499298095703125,7.3499298095703125,7.3499298095703125,8262.0,5.004021167755127
2013-10-10,7.874919891357422,7.3499298095703125,7.3499298095703125,7.3499298095703125,22327.0,5.004021167755127
2013-10-11,7.874919891357422,7.3499298095703125,7.874919891357422,7.3499298095703125,3571.0,5.004021167755127
2013-10-14,7.874919891357422,7.3499298095703125,7.3499298095703125,7.3499298095703125,4146.0,5.004021167755127
2013-10-15,7.874919891357422,7.3499298095703125,7.3499298095703125,7.3499298095703125,3537.0,5.004021167755127
2013-10-16,7.874919891357422,7.3499298095703125,7.3499298095703125,7.3499298095703125,5118.0,5.004021167755127
2013-10-17,7.874919891357422,7.3499298095703125,7.874919891357422,7.874919891357422,6152.0,5.361447334289551
2013-10-18,7.874919891357422,7.3499298095703125,7.3499298095703125,7.874919891357422,3129.0,5.361447334289551
2013-10-21,7.874919891357422,7.3499298095703125,7.874919891357422,7.3499298095703125,3822.0,5.004021167755127
2013-10-22,7.874919891357422,7.3499298095703125,7.3499298095703125,7.3499298095703125,2702.0,5.004021167755127
2013-10-23,7.874919891357422,7.3499298095703125,7.3499298095703125,7.3499298095703125,6432.0,5.004021167755127
2013-10-24,7.874919891357422,7.3499298095703125,7.3499298095703125,7.3499298095703125,2289.0,5.004021167755127
2013-10-25,7.874919891357422,7.3499298095703125,7.3499298095703125,7.3499298095703125,1329.0,5.004021167755127
2013-10-28,7.874919891357422,7.3499298095703125,7.3499298095703125,7.3499298095703125,140.0,5.004021167755127
2013-10-29,7.874919891357422,7.3499298095703125,7.3499298095703125,7.3499298095703125,7089.0,5.004021167755127
2013-10-30,7.874919891357422,7.3499298095703125,7.3499298095703125,7.3499298095703125,226.0,5.004021167755127
2013-10-31,7.874919891357422,7.3499298095703125,7.3499298095703125,7.874919891357422,9150.0,5.361447334289551
2013-11-01,7.874919891357422,7.3499298095703125,7.3499298095703125,7.3499298095703125,53971.0,5.004021167755127
2013-11-04,7.874919891357422,7.3499298095703125,7.874919891357422,7.3499298095703125,6401.0,5.004021167755127
2013-11-05,7.874919891357422,7.3499298095703125,7.3499298095703125,7.874919891357422,8112.0,5.361447334289551
2013-11-06,7.874919891357422,7.3499298095703125,7.3499298095703125,7.874919891357422,4815.0,5.361447334289551
2013-11-07,7.874919891357422,7.3499298095703125,7.874919891357422,7.874919891357422,5055.0,5.361447334289551
2013-11-08,7.874919891357422,7.3499298095703125,7.3499298095703125,7.3499298095703125,3718.0,5.004021167755127
2013-11-11,7.874919891357422,7.3499298095703125,7.3499298095703125,7.874919891357422,2729.0,5.361447334289551
2013-11-12,7.874919891357422,7.3499298095703125,7.3499298095703125,7.874919891357422,834.0,5.361447334289551
2013-11-13,7.874919891357422,7.3499298095703125,7.3499298095703125,7.874919891357422,5449.0,5.361447334289551
2013-11-14,7.874919891357422,7.3499298095703125,7.874919891357422,7.874919891357422,1382.0,5.361447334289551
2013-11-18,7.874919891357422,7.3499298095703125,7.3499298095703125,7.3499298095703125,215.0,5.004021167755127
2013-11-19,7.874919891357422,7.3499298095703125,7.874919891357422,7.874919891357422,9045.0,5.361447334289551
2013-11-21,7.874919891357422,7.3499298095703125,7.3499298095703125,7.874919891357422,39489.0,5.361447334289551
2013-11-22,7.874919891357422,7.3499298095703125,7.874919891357422,7.874919891357422,98880.0,5.361447334289551
2013-11-25,7.874919891357422,7.3499298095703125,7.874919891357422,7.874919891357422,11403.0,5.361447334289551
2013-11-26,7.874919891357422,7.3499298095703125,7.3499298095703125,7.874919891357422,6613.0,5.361447334289551
2013-11-27,7.874919891357422,7.3499298095703125,7.874919891357422,7.3499298095703125,1102.0,5.004021167755127
2013-11-28,7.874919891357422,7.3499298095703125,7.3499298095703125,7.874919891357422,9262.0,5.361447334289551
2013-11-29,7.874919891357422,7.3499298095703125,7.3499298095703125,7.874919891357422,5822.0,5.361447334289551
2013-12-02,7.874919891357422,7.3499298095703125,7.874919891357422,7.874919891357422,4977.0,5.361447334289551
2013-12-03,7.874919891357422,7.3499298095703125,7.3499298095703125,7.3499298095703125,1794.0,5.004021167755127
2013-12-04,7.874919891357422,7.3499298095703125,7.874919891357422,7.3499298095703125,16398.0,5.004021167755127
2013-12-05,7.874919891357422,6.824930191040039,7.874919891357422,6.824930191040039,65181.0,4.646588325500488
2013-12-06,7.3499298095703125,6.824930191040039,7.3499298095703125,6.824930191040039,5331.0,4.646588325500488
2013-12-09,7.3499298095703125,6.824930191040039,6.824930191040039,6.824930191040039,1377.0,4.646588325500488
2013-12-10,7.3499298095703125,6.824930191040039,6.824930191040039,6.824930191040039,4085.0,4.646588325500488
2013-12-11,7.3499298095703125,6.824930191040039,6.824930191040039,6.824930191040039,4219.0,4.646588325500488
2013-12-12,7.3499298095703125,6.824930191040039,6.824930191040039,6.824930191040039,4615.0,4.646588325500488
2013-12-13,7.3499298095703125,6.824930191040039,6.824930191040039,7.3499298095703125,2720.0,5.004021167755127
2013-12-16,7.3499298095703125,6.824930191040039,7.3499298095703125,6.824930191040039,1441.0,4.646588325500488
2013-12-17,6.824930191040039,6.824930191040039,6.824930191040039,6.824930191040039,386.0,4.646588325500488
2013-12-18,7.3499298095703125,6.824930191040039,6.824930191040039,7.3499298095703125,9613.0,5.004021167755127
2013-12-19,7.3499298095703125,6.824930191040039,7.3499298095703125,7.3499298095703125,5118.0,5.004021167755127
2013-12-20,7.3499298095703125,7.3499298095703125,7.3499298095703125,7.3499298095703125,798.0,5.004021167755127
2013-12-23,7.3499298095703125,6.824930191040039,6.824930191040039,7.3499298095703125,1929.0,5.004021167755127
2013-12-26,7.3499298095703125,6.824930191040039,7.3499298095703125,7.3499298095703125,4022.0,5.004021167755127
2013-12-27,7.3499298095703125,6.824930191040039,6.824930191040039,7.3499298095703125,3691.0,5.004021167755127
2013-12-30,7.3499298095703125,6.824930191040039,7.3499298095703125,6.824930191040039,6641.0,4.646588325500488
2014-01-02,7.3499298095703125,6.824930191040039,7.3499298095703125,6.824930191040039,20800.0,4.647101879119873
2014-01-03,7.3499298095703125,6.29994010925293,7.3499298095703125,6.29994010925293,10708.0,4.289636135101318
2014-01-06,7.3499298095703125,6.29994010925293,6.29994010925293,7.3499298095703125,35617.0,5.004574298858643
2014-01-07,7.3499298095703125,6.824930191040039,7.3499298095703125,6.824930191040039,29074.0,4.647101879119873
2014-01-08,7.3499298095703125,6.824930191040039,6.824930191040039,6.824930191040039,1367.0,4.647101879119873
2014-01-09,7.3499298095703125,6.824930191040039,6.824930191040039,7.3499298095703125,1247.0,5.004574298858643
2014-01-10,7.3499298095703125,6.824930191040039,6.824930191040039,7.3499298095703125,2177.0,5.004574298858643
2014-01-13,7.3499298095703125,6.824930191040039,7.3499298095703125,6.824930191040039,6889.0,4.647101879119873
2014-01-14,7.3499298095703125,6.824930191040039,7.3499298095703125,5.774940013885498,15038.0,3.9321630001068115
2014-01-15,6.824930191040039,6.29994010925293,6.824930191040039,6.824930191040039,90682.0,4.647101879119873
2014-01-16,6.824930191040039,6.29994010925293,6.824930191040039,6.824930191040039,7301.0,4.647101879119873
2014-01-17,6.824930191040039,6.29994010925293,6.29994010925293,6.824930191040039,4567.0,4.647101879119873
2014-01-20,6.824930191040039,5.774940013885498,6.824930191040039,6.29994010925293,66813.0,4.289636135101318
2014-01-21,6.29994010925293,5.774940013885498,6.29994010925293,5.774940013885498,8358.0,3.9321630001068115
2014-01-22,6.29994010925293,5.774940013885498,6.29994010925293,6.29994010925293,6297.0,4.289636135101318
2014-01-23,6.29994010925293,5.774940013885498,6.29994010925293,5.774940013885498,2424.0,3.9321630001068115
2014-01-24,6.29994010925293,5.774940013885498,6.29994010925293,6.29994010925293,2826.0,4.289636135101318
2014-01-27,6.29994010925293,5.774940013885498,6.29994010925293,6.29994010925293,571.0,4.289636135101318
2014-01-28,6.29994010925293,5.774940013885498,6.29994010925293,6.29994010925293,3969.0,4.289636135101318
2014-01-29,6.29994010925293,5.774940013885498,6.29994010925293,6.29994010925293,8230.0,4.289636135101318
2014-01-30,6.29994010925293,5.249949932098389,6.29994010925293,5.774940013885498,172192.0,3.9321630001068115
2014-01-31,6.29994010925293,5.249949932098389,5.774940013885498,5.774940013885498,405011.0,3.9321630001068115
2014-02-03,5.774940013885498,5.249949932098389,5.774940013885498,5.774940013885498,1906.0,3.9321630001068115
2014-02-04,6.29994010925293,5.249949932098389,5.774940013885498,5.774940013885498,19872.0,3.9321630001068115
2014-02-05,5.774940013885498,5.249949932098389,5.774940013885498,5.774940013885498,12796.0,3.9321630001068115
2014-02-06,6.29994010925293,5.249949932098389,5.249949932098389,5.774940013885498,11059.0,3.9321630001068115
2014-02-07,6.29994010925293,5.774940013885498,5.774940013885498,5.774940013885498,20760.0,3.9321630001068115
2014-02-10,6.29994010925293,5.774940013885498,6.29994010925293,5.774940013885498,1878.0,3.9321630001068115
2014-02-11,6.29994010925293,5.774940013885498,5.774940013885498,6.29994010925293,4685.0,4.289636135101318
2014-02-12,6.29994010925293,5.774940013885498,6.29994010925293,6.29994010925293,9971.0,4.289636135101318
2014-02-13,6.29994010925293,5.774940013885498,6.29994010925293,6.29994010925293,2609.0,4.289636135101318
2014-02-14,6.29994010925293,5.774940013885498,6.29994010925293,5.774940013885498,4845.0,3.9321630001068115
2014-02-17,6.29994010925293,5.774940013885498,6.29994010925293,5.774940013885498,2933.0,3.9321630001068115
2014-02-18,6.29994010925293,5.774940013885498,6.29994010925293,5.774940013885498,39760.0,3.9321630001068115
2014-02-19,5.774940013885498,5.249949932098389,5.774940013885498,5.774940013885498,30282.0,3.9321630001068115
2014-02-20,5.774940013885498,5.249949932098389,5.774940013885498,5.774940013885498,11325.0,3.9321630001068115
2014-02-21,6.29994010925293,5.249949932098389,5.774940013885498,6.29994010925293,6365.0,4.289636135101318
2014-02-24,6.29994010925293,5.774940013885498,5.774940013885498,6.29994010925293,2129.0,4.289636135101318
2014-02-25,6.29994010925293,5.774940013885498,5.774940013885498,6.29994010925293,11167.0,4.289636135101318
2014-02-26,6.29994010925293,5.774940013885498,6.29994010925293,5.774940013885498,15055.0,3.9321630001068115
2014-02-27,6.29994010925293,5.774940013885498,6.29994010925293,6.29994010925293,3032.0,4.289636135101318
2014-02-28,6.29994010925293,5.249949932098389,5.774940013885498,6.29994010925293,4280.0,4.289636135101318
2014-03-05,6.29994010925293,5.249949932098389,6.29994010925293,6.29994010925293,3575.0,4.289636135101318
2014-03-06,6.29994010925293,5.774940013885498,6.29994010925293,5.774940013885498,1796.0,3.9321630001068115
2014-03-07,6.29994010925293,5.774940013885498,5.774940013885498,5.774940013885498,3400.0,3.9321630001068115
2014-03-10,6.29994010925293,5.249949932098389,5.774940013885498,6.29994010925293,4691.0,4.289636135101318
2014-03-11,6.29994010925293,5.774940013885498,6.29994010925293,6.29994010925293,815.0,4.289636135101318
2014-03-12,6.29994010925293,5.249949932098389,5.774940013885498,5.774940013885498,1980.0,3.9321630001068115
2014-03-13,5.774940013885498,5.249949932098389,5.774940013885498,5.774940013885498,1521.0,3.9321630001068115
2014-03-14,5.774940013885498,5.774940013885498,5.774940013885498,5.774940013885498,150.0,3.9321630001068115
2014-03-17,6.29994010925293,5.249949932098389,5.249949932098389,5.774940013885498,68654.0,3.9321630001068115
2014-03-18,6.29994010925293,5.774940013885498,5.774940013885498,5.774940013885498,9941.0,3.9321630001068115
2014-03-19,6.29994010925293,5.774940013885498,6.29994010925293,6.29994010925293,6965.0,4.289636135101318
2014-03-20,6.29994010925293,5.774940013885498,5.774940013885498,6.29994010925293,5881.0,4.289636135101318
2014-03-21,6.29994010925293,5.774940013885498,5.774940013885498,5.774940013885498,3891.0,3.9321630001068115
2014-03-24,6.29994010925293,5.774940013885498,5.774940013885498,6.29994010925293,2468.0,4.289636135101318
2014-03-25,6.29994010925293,5.774940013885498,5.774940013885498,6.29994010925293,445.0,4.289636135101318
2014-03-26,6.29994010925293,5.774940013885498,6.29994010925293,5.774940013885498,1201.0,3.9321630001068115
2014-03-27,6.29994010925293,5.774940013885498,6.29994010925293,6.29994010925293,57711.0,4.289832592010498
2014-03-28,6.29994010925293,5.774940013885498,5.774940013885498,5.774940013885498,8346.0,3.932343006134033
2014-03-31,6.29994010925293,5.774940013885498,5.774940013885498,5.774940013885498,1693.0,3.932343006134033
2014-04-01,6.824930191040039,5.774940013885498,6.29994010925293,6.29994010925293,77684.0,4.289832592010498
2014-04-02,6.824930191040039,5.774940013885498,6.29994010925293,6.29994010925293,26785.0,4.289832592010498
2014-04-03,6.824930191040039,5.774940013885498,6.824930191040039,6.824930191040039,16859.0,4.64731502532959
2014-04-04,6.824930191040039,6.29994010925293,6.824930191040039,6.29994010925293,9411.0,4.289832592010498
2014-04-07,6.824930191040039,6.29994010925293,6.824930191040039,6.824930191040039,22741.0,4.64731502532959
2014-04-08,6.824930191040039,6.29994010925293,6.29994010925293,6.29994010925293,9224.0,4.289832592010498
2014-04-09,6.29994010925293,5.774940013885498,6.29994010925293,6.29994010925293,8036.0,4.289832592010498
2014-04-10,6.29994010925293,5.774940013885498,5.774940013885498,6.29994010925293,5043.0,4.289832592010498
2014-04-11,6.29994010925293,5.774940013885498,5.774940013885498,6.29994010925293,2179.0,4.289832592010498
2014-04-14,6.29994010925293,5.774940013885498,5.774940013885498,6.29994010925293,26135.0,4.289832592010498
2014-04-15,6.29994010925293,5.774940013885498,5.774940013885498,5.774940013885498,6236.0,3.932343006134033
2014-04-16,6.824930191040039,5.774940013885498,5.774940013885498,6.824930191040039,6864.0,4.64731502532959
2014-04-17,6.29994010925293,5.774940013885498,6.29994010925293,6.29994010925293,58341.0,4.289832592010498
2014-04-22,6.824930191040039,6.29994010925293,6.29994010925293,6.824930191040039,4089.0,4.64731502532959
2014-04-23,6.824930191040039,6.29994010925293,6.29994010925293,6.29994010925293,6683.0,4.289832592010498
2014-04-24,6.824930191040039,6.29994010925293,6.29994010925293,6.824930191040039,1200.0,4.64731502532959
2014-04-25,6.824930191040039,6.29994010925293,6.824930191040039,6.824930191040039,3140.0,4.64731502532959
2014-04-28,6.824930191040039,6.29994010925293,6.29994010925293,6.824930191040039,1668.0,4.64731502532959
2014-04-29,7.874919891357422,6.824930191040039,7.3499298095703125,7.3499298095703125,93467.0,5.0048041343688965
2014-04-30,7.874919891357422,6.824930191040039,7.3499298095703125,7.3499298095703125,60362.0,5.0048041343688965
2014-05-02,7.874919891357422,7.3499298095703125,7.3499298095703125,7.874919891357422,5386.0,5.362286567687988
2014-05-05,7.874919891357422,7.3499298095703125,7.3499298095703125,7.3499298095703125,17556.0,5.0048041343688965
2014-05-06,7.874919891357422,7.3499298095703125,7.874919891357422,7.874919891357422,3215.0,5.362286567687988
2014-05-07,7.874919891357422,6.824930191040039,7.3499298095703125,7.3499298095703125,30276.0,5.0048041343688965
2014-05-08,7.874919891357422,7.3499298095703125,7.3499298095703125,7.874919891357422,36023.0,5.362286567687988
2014-05-09,7.874919891357422,7.3499298095703125,7.874919891357422,7.874919891357422,1731.0,5.362286567687988
2014-05-12,7.874919891357422,7.3499298095703125,7.874919891357422,7.3499298095703125,13337.0,5.0048041343688965
2014-05-13,7.874919891357422,7.3499298095703125,7.3499298095703125,7.874919891357422,1001.0,5.362286567687988
2014-05-14,7.874919891357422,7.3499298095703125,7.874919891357422,7.874919891357422,2723.0,5.362286567687988
2014-05-15,7.874919891357422,7.3499298095703125,7.874919891357422,7.874919891357422,2563.0,5.362286567687988
2014-05-16,7.874919891357422,7.3499298095703125,7.874919891357422,7.874919891357422,2489.0,5.362286567687988
2014-05-19,7.874919891357422,7.3499298095703125,7.3499298095703125,7.3499298095703125,13706.0,5.0048041343688965
2014-05-20,7.874919891357422,7.3499298095703125,7.874919891357422,7.874919891357422,22628.0,5.362286567687988
2014-05-21,7.874919891357422,7.3499298095703125,7.874919891357422,7.874919891357422,24158.0,5.362286567687988
2014-05-22,7.874919891357422,7.3499298095703125,7.3499298095703125,7.874919891357422,2830.0,5.362286567687988
2014-05-23,7.874919891357422,7.3499298095703125,7.874919891357422,7.874919891357422,2809.0,5.362286567687988
2014-05-26,7.874919891357422,7.874919891357422,7.874919891357422,7.874919891357422,31802.0,5.362286567687988
2014-05-27,7.874919891357422,7.3499298095703125,7.874919891357422,7.3499298095703125,1022.0,5.0048041343688965
2014-05-28,8.249919891357422,7.699920177459717,7.699920177459717,8.249919891357422,452.0,5.6176371574401855
2014-05-29,8.249919891357422,7.699920177459717,8.249919891357422,7.699920177459717,3130.0,5.243124008178711
2014-05-30,8.249919891357422,7.699920177459717,7.699920177459717,7.699920177459717,39113.0,5.243124008178711
2014-06-02,7.980000019073486,7.300000190734863,7.599999904632568,7.900000095367432,18100.0,5.379364490509033
2014-06-03,7.960000038146973,7.800000190734863,7.900000095367432,7.880000114440918,11200.0,5.365746021270752
2014-06-04,7.880000114440918,7.739999771118164,7.739999771118164,7.849999904632568,2300.0,5.34531831741333
2014-06-05,7.960000038146973,7.75,7.960000038146973,7.789999961853027,9500.0,5.304462909698486
2014-06-06,8.069999694824219,7.639999866485596,7.889999866485596,7.940000057220459,18500.0,5.40660285949707
2014-06-09,8.180000305175781,7.889999866485596,7.900000095367432,8.0,13000.0,5.447457790374756
2014-06-10,8.0,7.800000190734863,7.929999828338623,8.0,39400.0,5.447457790374756
2014-06-11,8.039999961853027,7.760000228881836,7.900000095367432,7.800000190734863,10400.0,5.3112711906433105
2014-06-13,7.989999771118164,7.699999809265137,7.889999866485596,7.800000190734863,13200.0,5.3112711906433105
2014-06-16,7.829999923706055,7.599999904632568,7.650000095367432,7.71999979019165,3500.0,5.256796836853027
2014-06-17,7.96999979019165,7.78000020980835,7.889999866485596,7.78000020980835,4000.0,5.297652244567871
2014-06-18,7.889999866485596,7.679999828338623,7.699999809265137,7.679999828338623,13200.0,5.229559898376465
2014-06-20,7.849999904632568,7.5,7.5,7.789999961853027,8800.0,5.304462909698486
2014-06-23,7.650000095367432,7.599999904632568,7.650000095367432,7.599999904632568,900.0,5.175085067749023
2014-06-24,7.840000152587891,7.599999904632568,7.599999904632568,7.639999866485596,31300.0,5.202322483062744
2014-06-25,7.699999809265137,7.5,7.550000190734863,7.53000020980835,13000.0,5.127420425415039
2014-06-26,7.650000095367432,7.400000095367432,7.400000095367432,7.440000057220459,21100.0,5.103788375854492
2014-06-27,7.449999809265137,7.289999961853027,7.349999904632568,7.289999961853027,6400.0,5.000889778137207
2014-06-30,7.510000228881836,7.300000190734863,7.300000190734863,7.5,9500.0,5.144948482513428
2014-07-01,7.619999885559082,7.46999979019165,7.550000190734863,7.610000133514404,15800.0,5.220407485961914
2014-07-02,7.75,7.5,7.599999904632568,7.510000228881836,11500.0,5.1518073081970215
2014-07-03,8.0,7.579999923706055,7.599999904632568,7.739999771118164,42800.0,5.3095855712890625
2014-07-04,7.730000019073486,7.400000095367432,7.730000019073486,7.550000190734863,24500.0,5.1792473793029785
2014-07-07,7.559999942779541,7.409999847412109,7.5,7.480000019073486,2900.0,5.131227493286133
2014-07-08,7.449999809265137,7.199999809265137,7.320000171661377,7.239999771118164,9400.0,4.966589450836182
2014-07-10,7.409999847412109,7.110000133514404,7.360000133514404,7.309999942779541,10400.0,5.014608860015869
2014-07-11,7.369999885559082,7.300000190734863,7.320000171661377,7.369999885559082,9600.0,5.055768966674805
2014-07-14,7.489999771118164,7.300000190734863,7.449999809265137,7.300000190734863,152700.0,5.007749080657959
2014-07-15,7.489999771118164,7.360000133514404,7.440000057220459,7.489999771118164,34600.0,5.138087749481201
2014-07-16,7.639999866485596,7.460000038146973,7.639999866485596,7.570000171661377,8700.0,5.192968368530273
2014-07-17,7.559999942779541,7.429999828338623,7.5,7.429999828338623,17300.0,5.096928119659424
2014-07-18,7.46999979019165,7.400000095367432,7.449999809265137,7.400000095367432,4100.0,5.076347827911377
2014-07-21,7.460000038146973,7.329999923706055,7.400000095367432,7.369999885559082,7000.0,5.055768966674805
2014-07-22,7.460000038146973,7.429999828338623,7.449999809265137,7.429999828338623,5000.0,5.096928119659424
2014-07-23,7.650000095367432,7.300000190734863,7.460000038146973,7.650000095367432,6800.0,5.247847557067871
2014-07-24,7.659999847412109,7.519999980926514,7.659999847412109,7.539999961853027,7200.0,5.172388076782227
2014-07-25,7.599999904632568,7.480000019073486,7.550000190734863,7.480000019073486,3400.0,5.131227493286133
2014-07-28,7.610000133514404,7.480000019073486,7.610000133514404,7.550000190734863,6300.0,5.1792473793029785
2014-07-29,7.53000020980835,7.389999866485596,7.519999980926514,7.389999866485596,21100.0,5.069489479064941
2014-07-30,7.78000020980835,7.630000114440918,7.699999809265137,7.769999980926514,15500.0,5.330165386199951
2014-07-31,7.699999809265137,7.0,7.699999809265137,7.409999847412109,6300.0,5.083208084106445
2014-08-01,7.539999961853027,7.380000114440918,7.489999771118164,7.429999828338623,14500.0,5.096928119659424
2014-08-04,7.489999771118164,7.320000171661377,7.420000076293945,7.489999771118164,10700.0,5.138087749481201
2014-08-05,7.5,7.340000152587891,7.340000152587891,7.349999904632568,5200.0,5.042049407958984
2014-08-06,7.449999809265137,7.300000190734863,7.349999904632568,7.429999828338623,4700.0,5.096928119659424
2014-08-07,7.360000133514404,7.199999809265137,7.360000133514404,7.260000228881836,8200.0,4.980310440063477
2014-08-08,7.440000057220459,7.21999979019165,7.440000057220459,7.230000019073486,43400.0,4.959729194641113
2014-08-11,7.369999885559082,7.199999809265137,7.349999904632568,7.349999904632568,27400.0,5.042049407958984
2014-08-12,7.420000076293945,7.210000038146973,7.21999979019165,7.300000190734863,8700.0,5.007749080657959
2014-08-13,7.420000076293945,7.340000152587891,7.360000133514404,7.380000114440918,30900.0,5.062628746032715
2014-08-14,7.420000076293945,7.320000171661377,7.360000133514404,7.409999847412109,49400.0,5.083208084106445
2014-08-15,7.489999771118164,7.389999866485596,7.440000057220459,7.420000076293945,6900.0,5.090068340301514
2014-08-18,7.550000190734863,7.360000133514404,7.380000114440918,7.53000020980835,33000.0,5.16552734375
2014-08-19,7.599999904632568,7.349999904632568,7.550000190734863,7.369999885559082,53400.0,5.055768966674805
2014-08-20,7.449999809265137,7.300000190734863,7.409999847412109,7.300000190734863,109600.0,5.007749080657959
2014-08-21,7.650000095367432,7.460000038146973,7.53000020980835,7.639999866485596,13900.0,5.240987300872803
2014-08-22,7.550000190734863,7.300000190734863,7.550000190734863,7.550000190734863,9800.0,5.1792473793029785
2014-08-25,7.809999942779541,7.449999809265137,7.579999923706055,7.699999809265137,67000.0,5.282145977020264
2014-08-26,7.920000076293945,7.710000038146973,7.869999885559082,7.710000038146973,18300.0,5.289005756378174
2014-08-27,7.920000076293945,7.699999809265137,7.699999809265137,7.699999809265137,23900.0,5.282145977020264
2014-08-28,7.690000057220459,7.650000095367432,7.650000095367432,7.690000057220459,600.0,5.275286674499512
2014-08-29,7.639999866485596,7.539999961853027,7.539999961853027,7.619999885559082,3300.0,5.227266788482666
2014-09-01,7.820000171661377,7.599999904632568,7.760000228881836,7.730000019073486,12700.0,5.302725791931152
2014-09-02,7.739999771118164,7.550000190734863,7.699999809265137,7.699999809265137,34400.0,5.282145977020264
2014-09-03,7.699999809265137,7.599999904632568,7.639999866485596,7.699999809265137,21900.0,5.282145977020264
2014-09-04,7.789999961853027,7.599999904632568,7.670000076293945,7.71999979019165,7700.0,5.295865535736084
2014-09-05,7.900000095367432,7.699999809265137,7.699999809265137,7.900000095367432,10400.0,5.419344425201416
2014-09-08,7.860000133514404,7.699999809265137,7.800000190734863,7.800000190734863,6600.0,5.350746154785156
2014-09-09,7.820000171661377,7.650000095367432,7.820000171661377,7.71999979019165,29200.0,5.295865535736084
2014-09-10,7.800000190734863,7.599999904632568,7.800000190734863,7.75,8300.0,5.316446304321289
2014-09-11,7.71999979019165,7.599999904632568,7.679999828338623,7.659999847412109,8200.0,5.254705905914307
2014-09-12,7.909999847412109,7.699999809265137,7.699999809265137,7.880000114440918,20400.0,5.405624866485596
2014-09-15,7.920000076293945,7.699999809265137,7.769999980926514,7.849999904632568,13600.0,5.385045051574707
2014-09-16,7.949999809265137,7.699999809265137,7.869999885559082,7.909999847412109,12700.0,5.426203727722168
2014-09-17,7.949999809265137,7.739999771118164,7.800000190734863,7.949999809265137,11800.0,5.453644752502441
2014-09-18,8.100000381469727,7.949999809265137,7.980000019073486,7.960000038146973,22100.0,5.460504055023193
2014-09-19,8.100000381469727,7.920000076293945,8.100000381469727,7.920000076293945,16200.0,5.433064937591553
2014-09-22,8.149999618530273,7.75,7.75,8.050000190734863,14600.0,5.522243976593018
2014-09-23,8.100000381469727,7.889999866485596,7.929999828338623,8.0,42400.0,5.48794412612915
2014-09-24,8.050000190734863,7.800000190734863,8.0,8.0,19900.0,5.48794412612915
2014-09-25,8.039999961853027,7.869999885559082,7.900000095367432,7.949999809265137,29700.0,5.453644752502441
2014-09-26,8.039999961853027,7.920000076293945,7.920000076293945,8.0,31600.0,5.509114742279053
2014-09-29,7.909999847412109,7.599999904632568,7.809999942779541,7.840000152587891,21000.0,5.398933410644531
2014-09-30,7.909999847412109,7.809999942779541,7.809999942779541,7.840000152587891,3600.0,5.398933410644531
2014-10-01,7.909999847412109,7.710000038146973,7.800000190734863,7.809999942779541,53800.0,5.378273010253906
2014-10-02,7.760000228881836,7.639999866485596,7.730000019073486,7.690000057220459,9700.0,5.295637607574463
2014-10-03,7.789999961853027,7.699999809265137,7.710000038146973,7.699999809265137,1500.0,5.302523136138916
2014-10-06,7.710000038146973,7.599999904632568,7.679999828338623,7.690000057220459,14600.0,5.295637607574463
2014-10-07,7.690000057220459,7.449999809265137,7.690000057220459,7.449999809265137,8500.0,5.130362510681152
2014-10-08,7.46999979019165,7.46999979019165,7.46999979019165,7.46999979019165,900.0,5.144135475158691
2014-10-09,7.429999828338623,7.230000019073486,7.420000076293945,7.230000019073486,8800.0,4.9788618087768555
2014-10-10,7.5,7.190000057220459,7.349999904632568,7.199999809265137,7200.0,4.9582037925720215
2014-10-13,7.400000095367432,7.199999809265137,7.199999809265137,7.289999961853027,9600.0,5.020181655883789
2014-10-14,7.300000190734863,7.119999885559082,7.210000038146973,7.28000020980835,29600.0,5.013294696807861
2014-10-15,7.199999809265137,7.010000228881836,7.079999923706055,7.010000228881836,8400.0,4.827362060546875
2014-10-16,7.050000190734863,6.900000095367432,6.900000095367432,7.050000190734863,1400.0,4.854907989501953
2014-10-17,7.329999923706055,7.199999809265137,7.25,7.300000190734863,10000.0,5.027067184448242
2014-10-20,7.400000095367432,7.199999809265137,7.199999809265137,7.389999866485596,36400.0,5.089045524597168
2014-10-21,7.5,7.5,7.5,7.5,50300.0,5.164795875549316
2014-10-22,7.599999904632568,7.400000095367432,7.599999904632568,7.440000057220459,6600.0,5.123476982116699
2014-10-23,7.650000095367432,7.0,7.5,7.429999828338623,62500.0,5.116591930389404
2014-10-24,7.489999771118164,7.269999980926514,7.340000152587891,7.409999847412109,7600.0,5.102817535400391
2014-10-27,7.610000133514404,6.849999904632568,6.849999904632568,7.380000114440918,25800.0,5.082159042358398
2014-10-28,7.269999980926514,6.980000019073486,7.269999980926514,7.090000152587891,5900.0,4.882453441619873
2014-10-29,7.110000133514404,6.409999847412109,7.010000228881836,7.0,55100.0,4.820476531982422
2014-10-30,6.949999809265137,6.449999809265137,6.949999809265137,6.800000190734863,7900.0,4.682746887207031
2014-10-31,6.550000190734863,6.119999885559082,6.480000019073486,6.429999828338623,20600.0,4.427950859069824
2014-11-03,6.349999904632568,5.510000228881836,6.349999904632568,5.510000228881836,19900.0,3.7944040298461914
2014-11-04,6.079999923706055,5.550000190734863,5.550000190734863,6.059999942779541,4700.0,4.173155307769775
2014-11-05,6.449999809265137,5.849999904632568,6.139999866485596,6.159999847412109,17700.0,4.242018222808838
2014-11-06,6.5,6.199999809265137,6.369999885559082,6.400000095367432,7300.0,4.407291889190674
2014-11-07,6.5,5.920000076293945,5.960000038146973,6.159999847412109,6300.0,4.242018222808838
2014-11-10,6.599999904632568,6.0,6.159999847412109,6.119999885559082,19900.0,4.214473724365234
2014-11-11,6.800000190734863,6.300000190734863,6.309999942779541,6.699999809265137,15600.0,4.613883972167969
2014-11-12,6.989999771118164,6.360000133514404,6.429999828338623,6.630000114440918,14200.0,4.565680027008057
2014-11-13,6.699999809265137,6.599999904632568,6.670000076293945,6.599999904632568,7100.0,4.545020580291748
2014-11-14,6.690000057220459,6.599999904632568,6.690000057220459,6.599999904632568,4000.0,4.545020580291748
2014-11-17,6.730000019073486,6.539999961853027,6.579999923706055,6.590000152587891,25300.0,4.53813362121582
2014-11-18,6.800000190734863,6.590000152587891,6.630000114440918,6.590000152587891,26200.0,4.53813362121582
2014-11-19,7.019999980926514,6.699999809265137,6.699999809265137,6.949999809265137,26100.0,4.7860426902771
2014-11-21,7.300000190734863,6.900000095367432,7.300000190734863,7.139999866485596,14600.0,4.916884422302246
2014-11-24,7.230000019073486,7.0,7.230000019073486,7.0,18700.0,4.820476531982422
2014-11-25,7.28000020980835,6.800000190734863,6.900000095367432,7.28000020980835,25500.0,5.013294696807861
2014-11-26,7.059999942779541,6.949999809265137,7.059999942779541,6.949999809265137,5700.0,4.7860426902771
2014-11-27,7.199999809265137,6.800000190734863,7.199999809265137,6.980000019073486,13400.0,4.806703567504883
2014-11-28,7.110000133514404,6.789999961853027,7.110000133514404,6.789999961853027,14100.0,4.6758623123168945
2014-12-01,6.75,6.550000190734863,6.599999904632568,6.550000190734863,54889.0,4.510587692260742
2014-12-02,6.679999828338623,6.519999980926514,6.590000152587891,6.53000020980835,85421.0,4.4968156814575195
2014-12-03,6.639999866485596,6.53000020980835,6.539999961853027,6.590000152587891,4900.0,4.53813362121582
2014-12-04,6.75,6.5,6.510000228881836,6.75,3500.0,4.648315906524658
2014-12-05,6.800000190734863,6.510000228881836,6.570000171661377,6.699999809265137,5800.0,4.613883972167969
2014-12-08,6.699999809265137,6.699999809265137,6.699999809265137,6.699999809265137,0.0,4.613883972167969
2014-12-09,6.650000095367432,6.420000076293945,6.510000228881836,6.420000076293945,7100.0,4.421064853668213
2014-12-10,6.5,6.320000171661377,6.369999885559082,6.320000171661377,2200.0,4.352201461791992
2014-12-11,6.349999904632568,6.150000095367432,6.309999942779541,6.300000190734863,10400.0,4.338428497314453
2014-12-12,6.46999979019165,6.199999809265137,6.199999809265137,6.369999885559082,5000.0,4.386632919311523
2014-12-15,6.409999847412109,6.010000228881836,6.409999847412109,6.409999847412109,19000.0,4.414178371429443
2014-12-16,6.199999809265137,6.050000190734863,6.050000190734863,6.099999904632568,5400.0,4.200699806213379
2014-12-17,6.199999809265137,6.139999866485596,6.150000095367432,6.150000095367432,2100.0,4.235132694244385
2014-12-18,6.400000095367432,6.070000171661377,6.099999904632568,6.25,5400.0,4.3039960861206055
2014-12-19,6.28000020980835,6.199999809265137,6.199999809265137,6.239999771118164,700.0,4.297109603881836
2014-12-22,6.300000190734863,6.019999980926514,6.099999904632568,6.150000095367432,19300.0,4.235132694244385
2014-12-23,6.409999847412109,6.190000057220459,6.409999847412109,6.289999961853027,6000.0,4.331542015075684
2014-12-26,6.400000095367432,6.199999809265137,6.349999904632568,6.199999809265137,2500.0,4.269564628601074
2014-12-29,6.400000095367432,6.019999980926514,6.349999904632568,6.019999980926514,2000.0,4.145607948303223
2014-12-30,6.25,6.019999980926514,6.25,6.019999980926514,3400.0,4.145607948303223
2015-01-02,6.0,5.920000076293945,5.96999979019165,6.0,4200.0,4.198723316192627
2015-01-05,5.949999809265137,5.840000152587891,5.840000152587891,5.949999809265137,1200.0,4.163732528686523
2015-01-06,6.0,5.880000114440918,5.909999847412109,6.0,4400.0,4.198723316192627
2015-01-07,6.5,6.0,6.0,6.5,3600.0,4.548616886138916
2015-01-08,6.429999828338623,6.159999847412109,6.230000019073486,6.340000152587891,5000.0,4.436651706695557
2015-01-09,6.269999980926514,6.050000190734863,6.239999771118164,6.269999980926514,3100.0,4.387665271759033
2015-01-12,6.159999847412109,5.849999904632568,6.159999847412109,5.849999904632568,4600.0,4.093754291534424
2015-01-13,6.0,5.920000076293945,5.929999828338623,5.949999809265137,10400.0,4.163732528686523
2015-01-14,6.110000133514404,5.820000171661377,5.820000171661377,5.929999828338623,12600.0,4.1497368812561035
2015-01-15,6.239999771118164,6.010000228881836,6.03000020980835,6.239999771118164,8100.0,4.366672039031982
2015-01-16,6.400000095367432,6.119999885559082,6.300000190734863,6.199999809265137,7100.0,4.338680744171143
2015-01-19,6.199999809265137,6.190000057220459,6.199999809265137,6.190000057220459,1700.0,4.331683158874512
2015-01-20,6.199999809265137,6.019999980926514,6.019999980926514,6.199999809265137,2400.0,4.338680744171143
2015-01-21,6.28000020980835,6.099999904632568,6.099999904632568,6.150000095367432,8200.0,4.303691387176514
2015-01-22,6.389999866485596,6.150000095367432,6.300000190734863,6.150000095367432,3700.0,4.303691387176514
2015-01-23,6.199999809265137,6.050000190734863,6.199999809265137,6.059999942779541,5600.0,4.240710258483887
2015-01-26,6.25,6.010000228881836,6.099999904632568,6.25,4500.0,4.3736701011657715
2015-01-27,6.079999923706055,6.079999923706055,6.079999923706055,6.079999923706055,500.0,4.254705905914307
2015-01-28,6.300000190734863,6.0,6.0,6.179999828338623,11800.0,4.324684143066406
2015-01-29,6.380000114440918,6.099999904632568,6.199999809265137,6.199999809265137,4500.0,4.338680744171143
2015-01-30,6.019999980926514,6.019999980926514,6.019999980926514,6.019999980926514,200.0,4.212718963623047
2015-02-02,6.099999904632568,5.800000190734863,6.010000228881836,5.920000076293945,18700.0,4.142740726470947
2015-02-03,6.099999904632568,5.909999847412109,6.099999904632568,6.0,4000.0,4.198723316192627
2015-02-04,6.309999942779541,5.949999809265137,6.0,6.179999828338623,22900.0,4.324684143066406
2015-02-05,6.230000019073486,6.050000190734863,6.199999809265137,6.050000190734863,5200.0,4.233712673187256
2015-02-06,6.289999961853027,6.0,6.199999809265137,6.230000019073486,4000.0,4.359673976898193
2015-02-09,6.300000190734863,6.0,6.300000190734863,6.269999980926514,3200.0,4.387665271759033
2015-02-10,6.289999961853027,6.099999904632568,6.25,6.190000057220459,3500.0,4.331683158874512
2015-02-11,5.960000038146973,5.800000190734863,5.909999847412109,5.860000133514404,6900.0,4.1007537841796875
2015-02-12,6.090000152587891,5.949999809265137,5.949999809265137,6.090000152587891,7200.0,4.261704444885254
2015-02-13,6.400000095367432,6.099999904632568,6.099999904632568,6.199999809265137,17700.0,4.338680744171143
2015-02-18,6.340000152587891,6.079999923706055,6.340000152587891,6.079999923706055,1300.0,4.254705905914307
2015-02-19,6.400000095367432,6.130000114440918,6.130000114440918,6.150000095367432,9800.0,4.303691387176514
2015-02-20,6.210000038146973,6.070000171661377,6.070000171661377,6.210000038146973,2400.0,4.345678329467773
2015-02-23,6.210000038146973,6.090000152587891,6.210000038146973,6.199999809265137,1300.0,4.338680744171143
2015-02-24,6.389999866485596,6.010000228881836,6.119999885559082,6.389999866485596,16400.0,4.471640586853027
2015-02-25,6.349999904632568,6.190000057220459,6.349999904632568,6.190000057220459,2000.0,4.331683158874512
2015-02-26,6.380000114440918,6.210000038146973,6.210000038146973,6.289999961853027,9800.0,4.401661396026611
2015-02-27,6.5,6.340000152587891,6.449999809265137,6.360000133514404,5400.0,4.45064640045166
2015-03-02,6.25,6.150000095367432,6.25,6.150000095367432,2000.0,4.303691387176514
2015-03-03,6.150000095367432,6.0,6.099999904632568,6.119999885559082,11200.0,4.282696723937988
2015-03-04,6.199999809265137,6.050000190734863,6.139999866485596,6.199999809265137,4400.0,4.338680744171143
2015-03-05,6.440000057220459,6.079999923706055,6.139999866485596,6.440000057220459,6300.0,4.506629943847656
2015-03-06,6.25,6.25,6.25,6.25,400.0,4.3736701011657715
2015-03-09,6.25,6.059999942779541,6.170000076293945,6.110000133514404,3100.0,4.275699615478516
2015-03-10,6.199999809265137,5.909999847412109,5.909999847412109,5.909999847412109,4800.0,4.135741233825684
2015-03-11,6.119999885559082,5.909999847412109,5.909999847412109,6.119999885559082,1700.0,4.282696723937988
2015-03-12,6.25,6.050000190734863,6.079999923706055,6.050000190734863,6200.0,4.233712673187256
2015-03-13,6.239999771118164,5.949999809265137,6.0,6.239999771118164,6200.0,4.366672039031982
2015-03-16,6.170000076293945,6.0,6.099999904632568,6.099999904632568,4400.0,4.268702507019043
2015-03-17,6.199999809265137,6.019999980926514,6.099999904632568,6.019999980926514,14400.0,4.212718963623047
2015-03-18,6.489999771118164,6.0,6.110000133514404,6.489999771118164,12700.0,4.541618824005127
2015-03-19,6.480000019073486,6.25,6.480000019073486,6.349999904632568,9100.0,4.443648338317871
2015-03-20,6.5,6.300000190734863,6.489999771118164,6.46999979019165,11300.0,4.527623176574707
2015-03-23,6.489999771118164,6.309999942779541,6.409999847412109,6.400000095367432,7600.0,4.478637218475342
2015-03-24,6.679999828338623,6.320000171661377,6.489999771118164,6.539999961853027,14800.0,4.576607704162598
2015-03-25,6.75,6.5,6.5,6.670000076293945,7000.0,4.6675801277160645
2015-03-26,6.550000190734863,6.300000190734863,6.550000190734863,6.440000057220459,6900.0,4.506629943847656
2015-03-27,6.449999809265137,6.289999961853027,6.300000190734863,6.300000190734863,4400.0,4.4086594581604
2015-03-30,6.53000020980835,6.309999942779541,6.309999942779541,6.400000095367432,1800.0,4.493503570556641
2015-03-31,6.409999847412109,6.150000095367432,6.409999847412109,6.150000095367432,12000.0,4.317975997924805
2015-04-01,6.5,6.199999809265137,6.300000190734863,6.449999809265137,14200.0,4.528608322143555
2015-04-02,6.809999942779541,6.510000228881836,6.710000038146973,6.510000228881836,20600.0,4.570736408233643
2015-04-06,6.840000152587891,6.559999942779541,6.590000152587891,6.840000152587891,6500.0,4.802432537078857
2015-04-07,6.75,6.570000171661377,6.75,6.570000171661377,900.0,4.6128621101379395
2015-04-08,6.980000019073486,6.599999904632568,6.710000038146973,6.96999979019165,4500.0,4.893706321716309
2015-04-09,6.869999885559082,6.639999866485596,6.869999885559082,6.860000133514404,5800.0,4.816473484039307
2015-04-10,7.0,6.840000152587891,6.840000152587891,7.0,5600.0,4.914769649505615
2015-04-13,6.949999809265137,6.670000076293945,6.670000076293945,6.900000095367432,8600.0,4.8445587158203125
2015-04-14,6.889999866485596,6.679999828338623,6.730000019073486,6.800000190734863,9700.0,4.774345874786377
2015-04-15,6.920000076293945,6.699999809265137,6.900000095367432,6.699999809265137,7100.0,4.704136371612549
2015-04-16,6.769999980926514,6.75,6.769999980926514,6.75,6900.0,4.739241600036621
2015-04-17,6.699999809265137,6.150000095367432,6.510000228881836,6.300000190734863,43300.0,4.42329216003418
2015-04-20,6.28000020980835,6.159999847412109,6.179999828338623,6.25,6200.0,4.388187408447266
2015-04-22,6.590000152587891,6.269999980926514,6.389999866485596,6.449999809265137,16300.0,4.528608322143555
2015-04-23,6.449999809265137,6.449999809265137,6.449999809265137,6.449999809265137,1300.0,4.528608322143555
2015-04-24,6.550000190734863,6.309999942779541,6.360000133514404,6.550000190734863,4300.0,4.598819732666016
2015-04-27,6.599999904632568,6.400000095367432,6.599999904632568,6.480000019073486,4600.0,4.549671649932861
2015-04-28,6.880000114440918,6.449999809265137,6.599999904632568,6.880000114440918,25700.0,4.830517292022705
2015-04-29,6.989999771118164,6.619999885559082,6.699999809265137,6.909999847412109,9400.0,4.851579189300537
2015-04-30,7.010000228881836,6.800000190734863,6.980000019073486,6.900000095367432,44400.0,4.8445587158203125
2015-05-04,7.099999904632568,6.789999961853027,6.800000190734863,6.840000152587891,11400.0,4.802432537078857
2015-05-05,6.840000152587891,6.599999904632568,6.840000152587891,6.75,124000.0,4.739241600036621
2015-05-06,6.900000095367432,6.590000152587891,6.690000057220459,6.610000133514404,22400.0,4.640945911407471
2015-05-07,7.300000190734863,6.619999885559082,6.619999885559082,6.989999771118164,30400.0,4.907748222351074
2015-05-08,7.159999847412109,7.0,7.010000228881836,7.059999942779541,8900.0,4.9568963050842285
2015-05-11,7.079999923706055,6.699999809265137,6.699999809265137,7.0,4000.0,4.914769649505615
2015-05-12,7.099999904632568,6.699999809265137,7.099999904632568,7.079999923706055,2200.0,4.970937728881836
2015-05-13,7.090000152587891,6.800000190734863,7.0,6.849999904632568,8500.0,4.809453010559082
2015-05-14,7.050000190734863,6.710000038146973,6.710000038146973,6.889999866485596,11600.0,4.8375372886657715
2015-05-15,7.079999923706055,6.769999980926514,6.769999980926514,6.989999771118164,16200.0,4.907748222351074
2015-05-18,6.829999923706055,6.650000095367432,6.829999923706055,6.699999809265137,10300.0,4.704136371612549
2015-05-19,6.679999828338623,6.300000190734863,6.570000171661377,6.46999979019165,21700.0,4.542651176452637
2015-05-20,6.599999904632568,6.400000095367432,6.590000152587891,6.5,12100.0,4.563714981079102
2015-05-21,6.5,6.400000095367432,6.400000095367432,6.5,6500.0,4.563714981079102
2015-05-22,6.5,6.28000020980835,6.389999866485596,6.349999904632568,58700.0,4.45839786529541
2015-05-25,6.860000133514404,6.199999809265137,6.199999809265137,6.829999923706055,6700.0,4.795411109924316
2015-05-26,6.699999809265137,6.409999847412109,6.610000133514404,6.550000190734863,2100.0,4.598819732666016
2015-05-27,6.599999904632568,6.449999809265137,6.579999923706055,6.599999904632568,800.0,4.6339263916015625
2015-05-28,6.449999809265137,6.409999847412109,6.409999847412109,6.449999809265137,4100.0,4.528608322143555
2015-05-29,6.460000038146973,6.199999809265137,6.460000038146973,6.369999885559082,18000.0,4.472439765930176
2015-06-01,6.300000190734863,6.099999904632568,6.300000190734863,6.199999809265137,13300.0,4.353081703186035
2015-06-02,6.449999809265137,6.150000095367432,6.300000190734863,6.400000095367432,10400.0,4.493503570556641
2015-06-03,6.53000020980835,6.309999942779541,6.53000020980835,6.340000152587891,5100.0,4.4513773918151855
2015-06-05,6.699999809265137,6.230000019073486,6.230000019073486,6.650000095367432,4700.0,4.669031143188477
2015-06-08,6.650000095367432,6.199999809265137,6.510000228881836,6.599999904632568,14500.0,4.6339263916015625
2015-06-09,6.599999904632568,6.460000038146973,6.46999979019165,6.599999904632568,6600.0,4.6339263916015625
2015-06-10,6.949999809265137,6.550000190734863,6.559999942779541,6.670000076293945,8200.0,4.6830735206604
2015-06-11,7.159999847412109,6.75,6.929999828338623,6.900000095367432,5500.0,4.8445587158203125
2015-06-12,7.099999904632568,6.909999847412109,7.099999904632568,6.909999847412109,13200.0,4.851579189300537
2015-06-15,6.989999771118164,6.880000114440918,6.989999771118164,6.880000114440918,700.0,4.830517292022705
2015-06-16,7.099999904632568,6.860000133514404,6.940000057220459,6.860000133514404,18300.0,4.816473484039307
2015-06-17,7.0,6.820000171661377,7.0,6.900000095367432,8700.0,4.8445587158203125
2015-06-18,7.199999809265137,6.800000190734863,7.0,6.900000095367432,130800.0,4.8445587158203125
2015-06-19,6.900000095367432,6.829999923706055,6.900000095367432,6.829999923706055,3700.0,4.795411109924316
2015-06-22,7.019999980926514,6.800000190734863,7.0,6.820000171661377,8100.0,4.788389682769775
2015-06-23,6.900000095367432,6.699999809265137,6.900000095367432,6.789999961853027,36100.0,4.767326831817627
2015-06-24,7.159999847412109,6.699999809265137,6.699999809265137,6.840000152587891,4100.0,4.802432537078857
2015-06-25,7.25,6.769999980926514,6.769999980926514,7.099999904632568,12600.0,4.984980583190918
2015-06-26,7.889999866485596,7.099999904632568,7.099999904632568,7.53000020980835,15300.0,5.2868876457214355
2015-06-29,7.320000171661377,7.25,7.300000190734863,7.25,3000.0,5.090297222137451
2015-06-30,7.5,7.0,7.300000190734863,7.400000095367432,17500.0,5.195613384246826
2015-07-01,7.5,7.050000190734863,7.050000190734863,7.199999809265137,4400.0,5.0551910400390625
2015-07-02,7.300000190734863,7.010000228881836,7.190000057220459,7.300000190734863,1100.0,5.125402450561523
2015-07-03,7.190000057220459,7.070000171661377,7.070000171661377,7.150000095367432,3100.0,5.020086288452148
2015-07-06,7.190000057220459,7.010000228881836,7.190000057220459,7.010000228881836,5200.0,4.92179012298584
2015-07-07,7.199999809265137,6.860000133514404,6.909999847412109,7.199999809265137,6600.0,5.0551910400390625
2015-07-08,7.210000038146973,7.0,7.0,7.130000114440918,10500.0,5.006044387817383
2015-07-10,7.400000095367432,7.25,7.269999980926514,7.400000095367432,3100.0,5.195613384246826
2015-07-13,7.800000190734863,7.239999771118164,7.489999771118164,7.400000095367432,4000.0,5.195613384246826
2015-07-14,7.619999885559082,7.380000114440918,7.380000114440918,7.619999885559082,4000.0,5.3500776290893555
2015-07-15,7.650000095367432,7.400000095367432,7.5,7.400000095367432,3400.0,5.195613384246826
2015-07-16,7.5,7.300000190734863,7.400000095367432,7.5,2300.0,5.265824794769287
2015-07-17,7.5,7.320000171661377,7.5,7.489999771118164,2200.0,5.258803367614746
2015-07-20,7.699999809265137,7.300000190734863,7.300000190734863,7.670000076293945,10900.0,5.385183334350586
2015-07-21,7.400000095367432,7.309999942779541,7.400000095367432,7.309999942779541,1000.0,5.132423400878906
2015-07-22,7.5,7.230000019073486,7.230000019073486,7.349999904632568,12400.0,5.160507678985596
2015-07-23,7.71999979019165,6.940000057220459,7.21999979019165,6.940000057220459,29400.0,4.872642993927002
2015-07-24,7.010000228881836,6.900000095367432,7.010000228881836,6.949999809265137,4400.0,4.879663467407227
2015-07-27,7.0,6.900000095367432,7.0,6.900000095367432,4700.0,4.8445587158203125
2015-07-28,6.949999809265137,6.900000095367432,6.949999809265137,6.900000095367432,3400.0,4.8445587158203125
2015-07-29,7.0,6.820000171661377,6.900000095367432,6.860000133514404,3100.0,4.816473484039307
2015-07-30,7.099999904632568,6.710000038146973,6.909999847412109,6.800000190734863,9000.0,4.774345874786377
2015-07-31,6.929999828338623,6.599999904632568,6.659999847412109,6.599999904632568,18500.0,4.6339263916015625
2015-08-03,6.900000095367432,6.510000228881836,6.510000228881836,6.630000114440918,7600.0,4.654989242553711
2015-08-04,6.800000190734863,6.550000190734863,6.800000190734863,6.550000190734863,1000.0,4.598819732666016
2015-08-05,6.699999809265137,6.510000228881836,6.519999980926514,6.510000228881836,5300.0,4.570736408233643
2015-08-06,6.699999809265137,6.5,6.510000228881836,6.579999923706055,4800.0,4.619884014129639
2015-08-07,6.510000228881836,6.409999847412109,6.510000228881836,6.409999847412109,3400.0,4.500524044036865
2015-08-10,6.610000133514404,6.210000038146973,6.210000038146973,6.599999904632568,9400.0,4.6339263916015625
2015-08-11,6.449999809265137,6.449999809265137,6.449999809265137,6.449999809265137,700.0,4.528608322143555
2015-08-12,6.590000152587891,6.300000190734863,6.300000190734863,6.590000152587891,3300.0,4.626904010772705
2015-08-13,6.559999942779541,6.349999904632568,6.559999942779541,6.349999904632568,2700.0,4.45839786529541
2015-08-14,6.570000171661377,6.300000190734863,6.349999904632568,6.5,9700.0,4.563714981079102
2015-08-17,6.5,6.329999923706055,6.5,6.349999904632568,1800.0,4.45839786529541
2015-08-18,6.539999961853027,6.25,6.539999961853027,6.53000020980835,3100.0,4.58477783203125
2015-08-19,6.53000020980835,6.300000190734863,6.309999942779541,6.53000020980835,3500.0,4.58477783203125
2015-08-20,6.539999961853027,6.099999904632568,6.349999904632568,6.389999866485596,7200.0,4.486482620239258
2015-08-21,6.489999771118164,6.389999866485596,6.400000095367432,6.389999866485596,3900.0,4.486482620239258
2015-08-24,6.139999866485596,5.519999980926514,5.920000076293945,6.0,11400.0,4.21265983581543
2015-08-25,6.309999942779541,6.050000190734863,6.170000076293945,6.050000190734863,4400.0,4.247765064239502
2015-08-26,6.53000020980835,6.0,6.389999866485596,6.389999866485596,28800.0,4.486482620239258
2015-08-27,6.980000019073486,6.199999809265137,6.760000228881836,6.670000076293945,4700.0,4.6830735206604
2015-08-28,6.449999809265137,6.449999809265137,6.449999809265137,6.449999809265137,600.0,4.528608322143555
2015-08-31,6.539999961853027,6.300000190734863,6.300000190734863,6.489999771118164,2200.0,4.5566935539245605
2015-09-01,6.5,6.050000190734863,6.210000038146973,6.5,9900.0,4.563714981079102
2015-09-02,6.909999847412109,6.489999771118164,6.489999771118164,6.789999961853027,7100.0,4.767326831817627
2015-09-03,7.199999809265137,6.5,6.860000133514404,6.900000095367432,9500.0,4.8445587158203125
2015-09-04,6.900000095367432,6.53000020980835,6.900000095367432,6.539999961853027,1200.0,4.591798782348633
2015-09-08,6.769999980926514,6.599999904632568,6.599999904632568,6.630000114440918,5100.0,4.654989242553711
2015-09-09,6.619999885559082,6.610000133514404,6.619999885559082,6.610000133514404,200.0,4.640945911407471
2015-09-10,6.400000095367432,6.050000190734863,6.190000057220459,6.400000095367432,2800.0,4.8018012046813965
2015-09-11,6.179999828338623,5.699999809265137,6.099999904632568,5.800000190734863,6700.0,4.351633071899414
2015-09-14,6.300000190734863,5.639999866485596,5.800000190734863,6.28000020980835,9900.0,4.711767673492432
2015-09-15,6.389999866485596,6.010000228881836,6.150000095367432,6.190000057220459,7900.0,4.644242286682129
2015-09-16,6.590000152587891,6.119999885559082,6.119999885559082,6.25,19700.0,4.689260005950928
2015-09-17,6.300000190734863,6.039999961853027,6.300000190734863,6.110000133514404,14300.0,4.5842204093933105
2015-09-18,6.25,5.920000076293945,6.25,6.0,7200.0,4.5016889572143555
2015-09-21,6.199999809265137,5.909999847412109,5.909999847412109,5.920000076293945,3900.0,4.441666126251221
2015-09-22,6.150000095367432,5.869999885559082,6.150000095367432,5.869999885559082,77200.0,4.404151916503906
2015-09-23,6.010000228881836,5.900000095367432,6.010000228881836,5.900000095367432,72700.0,4.426660060882568
2015-09-24,6.0,5.820000171661377,5.820000171661377,5.880000114440918,1700.0,4.411655426025391
2015-09-25,6.010000228881836,5.900000095367432,6.010000228881836,5.900000095367432,5300.0,4.426660060882568
2015-09-28,5.809999942779541,5.800000190734863,5.800000190734863,5.800000190734863,1300.0,4.351633071899414
2015-09-29,6.25,5.800000190734863,6.239999771118164,5.889999866485596,9900.0,4.419157981872559
2015-09-30,5.889999866485596,5.889999866485596,5.889999866485596,5.889999866485596,0.0,4.419157981872559
2015-10-01,6.289999961853027,5.800000190734863,6.289999961853027,6.050000190734863,9900.0,4.539203643798828
2015-10-02,6.300000190734863,5.820000171661377,6.0,6.289999961853027,5000.0,4.719271183013916
2015-10-05,6.420000076293945,6.010000228881836,6.199999809265137,6.099999904632568,27100.0,4.576716899871826
2015-10-06,6.28000020980835,6.150000095367432,6.199999809265137,6.159999847412109,3200.0,4.621734142303467
2015-10-07,6.909999847412109,6.300000190734863,6.300000190734863,6.690000057220459,23100.0,5.019382953643799
2015-10-08,6.820000171661377,6.650000095367432,6.699999809265137,6.670000076293945,8300.0,5.004378318786621
2015-10-09,6.699999809265137,6.5,6.510000228881836,6.699999809265137,3800.0,5.026886463165283
2015-10-13,6.400000095367432,6.199999809265137,6.400000095367432,6.199999809265137,2600.0,4.651744842529297
2015-10-14,6.309999942779541,6.099999904632568,6.210000038146973,6.309999942779541,3100.0,4.734275817871094
2015-10-15,6.309999942779541,6.309999942779541,6.309999942779541,6.309999942779541,400.0,4.734275817871094
2015-10-16,6.349999904632568,6.150000095367432,6.349999904632568,6.289999961853027,9200.0,4.719271183013916
2015-10-19,6.590000152587891,6.25,6.489999771118164,6.25,6100.0,4.689260005950928
2015-10-20,6.5,6.25,6.5,6.25,1600.0,4.689260005950928
2015-10-21,6.320000171661377,6.300000190734863,6.320000171661377,6.300000190734863,1600.0,4.726772785186768
2015-10-22,6.400000095367432,6.260000228881836,6.300000190734863,6.349999904632568,6000.0,4.76428747177124
2015-10-23,6.599999904632568,6.400000095367432,6.460000038146973,6.400000095367432,2100.0,4.8018012046813965
2015-10-26,6.400000095367432,6.400000095367432,6.400000095367432,6.400000095367432,200.0,4.8018012046813965
2015-10-27,6.599999904632568,6.21999979019165,6.409999847412109,6.21999979019165,5000.0,4.666749954223633
2015-10-28,6.599999904632568,6.420000076293945,6.519999980926514,6.420000076293945,4500.0,4.816807270050049
2015-10-29,6.360000133514404,6.059999942779541,6.360000133514404,6.090000152587891,13000.0,4.569214344024658
2015-10-30,6.119999885559082,6.110000133514404,6.119999885559082,6.110000133514404,300.0,4.5842204093933105
2015-11-03,6.340000152587891,6.329999923706055,6.329999923706055,6.329999923706055,2300.0,4.749281883239746
2015-11-04,6.800000190734863,6.489999771118164,6.489999771118164,6.610000133514404,4000.0,4.959360122680664
2015-11-05,6.800000190734863,6.610000133514404,6.800000190734863,6.610000133514404,400.0,4.959360122680664
2015-11-06,7.0,6.5,6.599999904632568,6.510000228881836,4900.0,4.884332656860352
2015-11-09,6.800000190734863,6.449999809265137,6.800000190734863,6.590000152587891,10200.0,4.9443559646606445
2015-11-10,6.480000019073486,6.320000171661377,6.480000019073486,6.400000095367432,6100.0,4.8018012046813965
2015-11-11,6.800000190734863,6.400000095367432,6.559999942779541,6.5,14300.0,4.876829624176025
2015-11-12,7.110000133514404,6.5,6.599999904632568,6.550000190734863,10200.0,4.91434383392334
2015-11-13,6.550000190734863,6.550000190734863,6.550000190734863,6.550000190734863,0.0,4.91434383392334
2015-11-16,6.599999904632568,6.449999809265137,6.5,6.599999904632568,4500.0,4.951858043670654
2015-11-17,7.010000228881836,6.5,6.789999961853027,6.980000019073486,9500.0,5.236964702606201
2015-11-18,7.110000133514404,6.809999942779541,6.809999942779541,7.110000133514404,3300.0,5.334501266479492
2015-11-19,7.199999809265137,6.860000133514404,7.0,7.190000057220459,5900.0,5.394524574279785
2015-11-23,7.090000152587891,7.090000152587891,7.090000152587891,7.090000152587891,700.0,5.319495677947998
2015-11-24,7.199999809265137,7.010000228881836,7.010000228881836,7.010000228881836,6600.0,5.259472846984863
2015-11-25,7.050000190734863,6.989999771118164,6.989999771118164,6.989999771118164,4500.0,5.2444682121276855
2015-11-26,7.070000171661377,6.949999809265137,7.039999961853027,6.960000038146973,4600.0,5.221959590911865
2015-11-27,7.0,6.800000190734863,6.960000038146973,7.0,7300.0,5.2519707679748535
2015-11-30,6.989999771118164,6.5,6.889999866485596,6.800000190734863,23600.0,5.101913928985596
2015-12-01,6.960000038146973,6.690000057220459,6.960000038146973,6.710000038146973,147700.0,5.034388542175293
2015-12-02,7.0,6.619999885559082,6.650000095367432,6.730000019073486,6800.0,5.0493950843811035
2015-12-03,7.269999980926514,6.989999771118164,7.099999904632568,7.139999866485596,8700.0,5.3570098876953125
2015-12-04,7.139999866485596,6.820000171661377,7.130000114440918,6.820000171661377,34600.0,5.11691951751709
2015-12-07,7.519999980926514,6.78000020980835,6.800000190734863,7.449999809265137,38300.0,5.589596748352051
2015-12-08,7.150000095367432,7.079999923706055,7.090000152587891,7.090000152587891,13200.0,5.319495677947998
2015-12-09,7.550000190734863,7.019999980926514,7.150000095367432,7.420000076293945,14500.0,5.567088603973389
2015-12-10,7.210000038146973,7.110000133514404,7.159999847412109,7.110000133514404,12600.0,5.334501266479492
2015-12-11,7.320000171661377,7.099999904632568,7.25,7.320000171661377,18800.0,5.492060661315918
2015-12-14,7.449999809265137,7.0,7.010000228881836,7.119999885559082,3300.0,5.34200382232666
2015-12-15,7.400000095367432,7.0,7.119999885559082,7.400000095367432,27200.0,5.552084445953369
2015-12-16,7.5,7.150000095367432,7.349999904632568,7.5,53400.0,5.627111434936523
2015-12-17,7.920000076293945,7.5,7.5,7.699999809265137,33000.0,5.777167797088623
2015-12-18,7.440000057220459,7.010000228881836,7.199999809265137,7.010000228881836,18400.0,5.259472846984863
2015-12-21,7.28000020980835,7.050000190734863,7.210000038146973,7.269999980926514,5200.0,5.4545464515686035
2015-12-22,7.25,7.039999961853027,7.25,7.139999866485596,3900.0,5.3570098876953125
2015-12-23,7.360000133514404,7.139999866485596,7.139999866485596,7.25,6600.0,5.439540863037109
2015-12-28,7.559999942779541,7.139999866485596,7.150000095367432,7.28000020980835,23600.0,5.4620490074157715
2015-12-29,7.400000095367432,7.150000095367432,7.400000095367432,7.150000095367432,4100.0,5.364511966705322
2015-12-30,7.289999961853027,7.0,7.010000228881836,7.230000019073486,4900.0,5.424534797668457
2016-01-04,6.800000190734863,6.5,6.5,6.519999980926514,4000.0,5.192126274108887
2016-01-05,6.650000095367432,6.349999904632568,6.5,6.519999980926514,7400.0,5.192126274108887
2016-01-06,6.800000190734863,6.300000190734863,6.699999809265137,6.579999923706055,3300.0,5.2399067878723145
2016-01-07,6.360000133514404,6.300000190734863,6.360000133514404,6.309999942779541,3000.0,5.024894714355469
2016-01-08,6.460000038146973,6.349999904632568,6.460000038146973,6.420000076293945,20400.0,5.112492561340332
2016-01-11,6.5,6.360000133514404,6.489999771118164,6.449999809265137,5400.0,5.136382102966309
2016-01-12,6.449999809265137,6.449999809265137,6.449999809265137,6.449999809265137,0.0,5.136382102966309
2016-01-13,6.559999942779541,6.309999942779541,6.309999942779541,6.550000190734863,1400.0,5.2160162925720215
2016-01-14,6.639999866485596,6.329999923706055,6.440000057220459,6.329999923706055,2200.0,5.0408220291137695
2016-01-15,6.599999904632568,6.21999979019165,6.300000190734863,6.21999979019165,1900.0,4.953224182128906
2016-01-18,6.300000190734863,6.099999904632568,6.190000057220459,6.099999904632568,2300.0,4.857663631439209
2016-01-19,6.21999979019165,6.110000133514404,6.119999885559082,6.159999847412109,8100.0,4.905445575714111
2016-01-20,6.130000114440918,6.0,6.099999904632568,6.0,13100.0,4.778029441833496
2016-01-21,5.949999809265137,5.800000190734863,5.880000114440918,5.800000190734863,12500.0,4.6187639236450195
2016-01-22,5.940000057220459,5.730000019073486,5.940000057220459,5.730000019073486,4700.0,4.563018798828125
2016-01-26,5.599999904632568,5.429999828338623,5.599999904632568,5.539999961853027,14200.0,4.411714553833008
2016-01-27,5.679999828338623,5.400000095367432,5.420000076293945,5.599999904632568,20400.0,4.459494590759277
2016-01-28,6.010000228881836,5.630000114440918,5.800000190734863,5.860000133514404,9500.0,4.666543006896973
2016-01-29,6.349999904632568,5.880000114440918,6.050000190734863,6.0,4700.0,4.778029441833496
2016-02-01,6.079999923706055,5.900000095367432,5.900000095367432,5.949999809265137,11200.0,4.738213062286377
2016-02-02,5.909999847412109,5.75,5.909999847412109,5.75,27600.0,4.578945636749268
2016-02-03,5.909999847412109,5.760000228881836,5.800000190734863,5.800000190734863,1500.0,4.6187639236450195
2016-02-04,6.400000095367432,5.880000114440918,6.099999904632568,6.300000190734863,4100.0,5.016931056976318
2016-02-05,6.400000095367432,6.320000171661377,6.329999923706055,6.400000095367432,1800.0,5.0965657234191895
2016-02-10,6.449999809265137,6.199999809265137,6.449999809265137,6.199999809265137,1700.0,4.937297821044922
2016-02-11,6.289999961853027,5.96999979019165,6.199999809265137,6.0,7500.0,4.778029441833496
2016-02-12,6.099999904632568,6.03000020980835,6.090000152587891,6.03000020980835,1000.0,4.8019208908081055
2016-02-15,6.289999961853027,6.0,6.289999961853027,6.059999942779541,27700.0,4.825809955596924
2016-02-16,6.25,6.099999904632568,6.099999904632568,6.25,3100.0,4.977114677429199
2016-02-17,6.440000057220459,6.150000095367432,6.239999771118164,6.159999847412109,9100.0,4.905445575714111
2016-02-18,6.199999809265137,6.010000228881836,6.199999809265137,6.099999904632568,3100.0,4.857663631439209
2016-02-19,6.110000133514404,5.849999904632568,6.110000133514404,6.099999904632568,11700.0,4.857663631439209
2016-02-22,6.199999809265137,6.190000057220459,6.199999809265137,6.199999809265137,6100.0,4.937297821044922
2016-02-23,6.300000190734863,5.889999866485596,6.010000228881836,6.099999904632568,25200.0,4.857663631439209
2016-02-24,6.369999885559082,5.940000057220459,5.949999809265137,6.099999904632568,2800.0,4.857663631439209
2016-02-25,6.119999885559082,5.940000057220459,5.940000057220459,6.019999980926514,28600.0,4.793957233428955
2016-02-26,6.190000057220459,6.059999942779541,6.059999942779541,6.190000057220459,400.0,4.92933464050293
2016-02-29,6.53000020980835,6.010000228881836,6.010000228881836,6.400000095367432,6600.0,5.0965657234191895
2016-03-01,6.570000171661377,6.309999942779541,6.309999942779541,6.5,4800.0,5.176199913024902
2016-03-02,6.949999809265137,6.550000190734863,6.550000190734863,6.889999866485596,23300.0,5.486772537231445
2016-03-03,7.559999942779541,7.559999942779541,7.559999942779541,7.559999942779541,34800.0,6.020318984985352
2016-03-04,8.0,7.400000095367432,7.559999942779541,7.400000095367432,6500.0,5.892904281616211
2016-03-07,7.71999979019165,6.949999809265137,7.389999866485596,7.400000095367432,13400.0,5.892904281616211
2016-03-08,7.71999979019165,7.5,7.5,7.5,4800.0,5.972538471221924
2016-03-09,7.800000190734863,7.400000095367432,7.800000190734863,7.400000095367432,6500.0,5.892904281616211
2016-03-10,7.599999904632568,7.059999942779541,7.300000190734863,7.059999942779541,3700.0,5.6221489906311035
2016-03-11,7.420000076293945,6.210000038146973,7.349999904632568,6.210000038146973,39900.0,4.945261001586914
2016-03-14,7.400000095367432,6.840000152587891,6.840000152587891,7.389999866485596,59500.0,5.8849406242370605
2016-03-15,7.380000114440918,7.0,7.300000190734863,7.050000190734863,5700.0,5.614185810089111
2016-03-16,7.179999828338623,6.800000190734863,7.099999904632568,7.179999828338623,4000.0,5.717709541320801
2016-03-17,7.800000190734863,7.21999979019165,7.369999885559082,7.71999979019165,17900.0,6.147732257843018
2016-03-18,7.599999904632568,7.429999828338623,7.510000228881836,7.5,4300.0,5.972538471221924
2016-03-21,7.800000190734863,7.320000171661377,7.320000171661377,7.550000190734863,34200.0,6.012353897094727
2016-03-22,7.599999904632568,7.429999828338623,7.5,7.449999809265137,8800.0,5.93272066116333
2016-03-23,7.599999904632568,7.429999828338623,7.559999942779541,7.429999828338623,9400.0,5.916794300079346
2016-03-24,7.550000190734863,7.550000190734863,7.550000190734863,7.550000190734863,400.0,6.012353897094727
2016-03-28,8.0,7.650000095367432,7.650000095367432,7.949999809265137,15200.0,6.330890655517578
2016-03-29,7.96999979019165,7.409999847412109,7.96999979019165,7.409999847412109,66400.0,5.900866508483887
2016-03-30,8.0,7.670000076293945,7.670000076293945,8.0,42700.0,6.370707035064697
2016-03-31,7.71999979019165,7.349999904632568,7.710000038146973,7.400000095367432,26800.0,5.892904281616211
2016-04-01,7.690000057220459,7.550000190734863,7.579999923706055,7.690000057220459,9200.0,6.123841762542725
2016-04-04,7.679999828338623,7.400000095367432,7.679999828338623,7.400000095367432,37600.0,5.892904281616211
2016-04-05,7.590000152587891,7.25,7.25,7.409999847412109,19100.0,5.900866508483887
2016-04-06,7.5,7.360000133514404,7.400000095367432,7.449999809265137,5500.0,5.93272066116333
2016-04-07,7.579999923706055,7.400000095367432,7.449999809265137,7.460000038146973,3200.0,5.940684795379639
2016-04-08,7.800000190734863,7.53000020980835,7.739999771118164,7.699999809265137,3700.0,6.131805896759033
2016-04-11,7.650000095367432,7.400000095367432,7.400000095367432,7.449999809265137,15200.0,5.93272066116333
2016-04-12,7.800000190734863,7.510000228881836,7.599999904632568,7.699999809265137,5100.0,6.131805896759033
2016-04-13,8.050000190734863,7.510000228881836,7.989999771118164,7.510000228881836,6700.0,5.980501174926758
2016-04-14,7.610000133514404,7.300000190734863,7.599999904632568,7.300000190734863,5900.0,5.813270092010498
2016-04-15,7.389999866485596,7.260000228881836,7.329999923706055,7.300000190734863,12800.0,5.813270092010498
2016-04-18,7.670000076293945,7.320000171661377,7.670000076293945,7.659999847412109,4800.0,6.099951267242432
2016-04-19,7.909999847412109,7.760000228881836,7.800000190734863,7.909999847412109,2900.0,6.299036979675293
2016-04-20,7.909999847412109,7.650000095367432,7.699999809265137,7.800000190734863,2500.0,6.211439609527588
2016-04-22,7.900000095367432,7.670000076293945,7.699999809265137,7.670000076293945,15100.0,6.10791540145874
2016-04-25,7.760000228881836,7.670000076293945,7.670000076293945,7.670000076293945,4400.0,6.10791540145874
2016-04-26,7.849999904632568,7.670000076293945,7.670000076293945,7.679999828338623,4300.0,6.115879058837891
2016-04-27,7.900000095367432,7.760000228881836,7.900000095367432,7.760000228881836,29700.0,6.179585933685303
2016-04-28,7.849999904632568,7.699999809265137,7.699999809265137,7.739999771118164,11100.0,6.16365909576416
2016-04-29,7.920000076293945,7.679999828338623,7.849999904632568,7.820000171661377,392800.0,6.227366924285889
2016-05-02,7.900000095367432,7.670000076293945,7.690000057220459,7.769999980926514,11000.0,6.187549114227295
2016-05-03,7.75,7.599999904632568,7.679999828338623,7.75,40800.0,6.171622276306152
2016-05-04,7.800000190734863,7.630000114440918,7.670000076293945,7.650000095367432,31400.0,6.091988563537598
2016-05-05,7.900000095367432,7.710000038146973,7.800000190734863,7.739999771118164,23500.0,6.16365909576416
2016-05-06,7.75,7.599999904632568,7.75,7.610000133514404,21800.0,6.0601348876953125
2016-05-09,7.690000057220459,7.599999904632568,7.690000057220459,7.619999885559082,3100.0,6.068098068237305
2016-05-10,7.800000190734863,7.630000114440918,7.690000057220459,7.800000190734863,16300.0,6.211439609527588
2016-05-11,7.900000095367432,7.699999809265137,7.800000190734863,7.699999809265137,9700.0,6.131805896759033
2016-05-12,8.270000457763672,7.699999809265137,7.78000020980835,7.75,28900.0,6.171622276306152
2016-05-13,7.800000190734863,7.559999942779541,7.690000057220459,7.599999904632568,10500.0,6.052172660827637
2016-05-16,7.889999866485596,7.409999847412109,7.610000133514404,7.78000020980835,11800.0,6.195512771606445
2016-05-17,7.889999866485596,7.599999904632568,7.699999809265137,7.599999904632568,24000.0,6.052172660827637
2016-05-18,7.909999847412109,7.599999904632568,7.599999904632568,7.800000190734863,7900.0,6.211439609527588
2016-05-19,7.699999809265137,7.619999885559082,7.699999809265137,7.650000095367432,2200.0,6.091988563537598
2016-05-20,7.650000095367432,7.639999866485596,7.650000095367432,7.639999866485596,600.0,6.0840253829956055
2016-05-23,7.800000190734863,7.449999809265137,7.449999809265137,7.550000190734863,4300.0,6.012353897094727
2016-05-24,7.829999923706055,7.599999904632568,7.800000190734863,7.599999904632568,1600.0,6.052172660827637
2016-05-25,7.71999979019165,7.650000095367432,7.71999979019165,7.690000057220459,2700.0,6.123841762542725
2016-05-27,7.789999961853027,7.699999809265137,7.789999961853027,7.710000038146973,16900.0,6.139769077301025
2016-05-30,7.75,7.510000228881836,7.599999904632568,7.699999809265137,65800.0,6.131805896759033
2016-05-31,7.730000019073486,7.570000171661377,7.619999885559082,7.570000171661377,23800.0,6.028282165527344
2016-06-01,7.690000057220459,7.539999961853027,7.690000057220459,7.679999828338623,3200.0,6.115879058837891
2016-06-02,7.809999942779541,7.699999809265137,7.800000190734863,7.809999942779541,5700.0,6.2194037437438965
2016-06-03,7.920000076293945,7.71999979019165,7.869999885559082,7.900000095367432,21800.0,6.291073322296143
2016-06-06,8.140000343322754,7.849999904632568,7.949999809265137,7.849999904632568,1200.0,6.251255989074707
2016-06-07,8.199999809265137,7.699999809265137,7.900000095367432,7.800000190734863,29900.0,6.211439609527588
2016-06-08,8.079999923706055,7.75,7.820000171661377,7.869999885559082,41500.0,6.267183303833008
2016-06-09,8.100000381469727,7.699999809265137,7.809999942779541,7.949999809265137,9500.0,6.330890655517578
2016-06-10,8.0,7.71999979019165,8.0,7.71999979019165,28600.0,6.147732257843018
2016-06-13,7.699999809265137,7.559999942779541,7.699999809265137,7.610000133514404,12800.0,6.0601348876953125
2016-06-14,7.849999904632568,7.5,7.800000190734863,7.519999980926514,13700.0,5.988463878631592
2016-06-15,7.599999904632568,7.400000095367432,7.510000228881836,7.400000095367432,15700.0,5.892904281616211
2016-06-16,7.400000095367432,7.199999809265137,7.349999904632568,7.300000190734863,19500.0,5.813270092010498
2016-06-17,7.699999809265137,7.400000095367432,7.539999961853027,7.400000095367432,10200.0,5.892904281616211
2016-06-20,7.75,7.630000114440918,7.659999847412109,7.75,7000.0,6.171622276306152
2016-06-21,7.659999847412109,7.409999847412109,7.550000190734863,7.650000095367432,9400.0,6.091988563537598
2016-06-22,7.809999942779541,7.610000133514404,7.710000038146973,7.619999885559082,5400.0,6.068098068237305
2016-06-23,8.0,7.590000152587891,7.630000114440918,8.0,14600.0,6.370707035064697
2016-06-24,7.690000057220459,7.570000171661377,7.599999904632568,7.619999885559082,3700.0,6.068098068237305
2016-06-27,7.78000020980835,7.400000095367432,7.599999904632568,7.510000228881836,47100.0,5.980501174926758
2016-06-28,7.699999809265137,7.619999885559082,7.699999809265137,7.699999809265137,2700.0,6.131805896759033
2016-06-29,8.0,7.800000190734863,7.820000171661377,7.949999809265137,26100.0,6.330890655517578
2016-06-30,8.100000381469727,7.909999847412109,7.909999847412109,8.09000015258789,3100.0,6.44237756729126
2016-07-01,8.130000114440918,7.980000019073486,8.130000114440918,8.100000381469727,5900.0,6.45034122467041
2016-07-04,8.319999694824219,8.100000381469727,8.100000381469727,8.300000190734863,12200.0,6.609609127044678
2016-07-05,8.149999618530273,7.900000095367432,8.149999618530273,7.920000076293945,4300.0,6.306999683380127
2016-07-06,8.0,7.869999885559082,7.929999828338623,7.920000076293945,3300.0,6.306999683380127
2016-07-07,8.09000015258789,7.860000133514404,7.860000133514404,8.069999694824219,1300.0,6.483567714691162
2016-07-08,8.09000015258789,8.0,8.069999694824219,8.09000015258789,7200.0,6.499636173248291
2016-07-11,8.3100004196167,8.010000228881836,8.199999809265137,8.100000381469727,37400.0,6.5076704025268555
2016-07-12,8.289999961853027,8.029999732971191,8.050000190734863,8.0600004196167,15800.0,6.4755353927612305
2016-07-13,8.180000305175781,8.010000228881836,8.050000190734863,8.109999656677246,16900.0,6.51570463180542
2016-07-14,8.289999961853027,8.069999694824219,8.140000343322754,8.220000267028809,12900.0,6.604081153869629
2016-07-15,8.289999961853027,8.130000114440918,8.210000038146973,8.289999961853027,3100.0,6.6603193283081055
2016-07-18,8.3100004196167,8.199999809265137,8.300000190734863,8.210000038146973,4800.0,6.596046447753906
2016-07-19,8.300000190734863,8.100000381469727,8.100000381469727,8.140000343322754,3600.0,6.53980827331543
2016-07-20,8.329999923706055,8.15999984741211,8.25,8.180000305175781,6200.0,6.571943283081055
2016-07-21,8.40999984741211,8.109999656677246,8.199999809265137,8.25,6500.0,6.628183364868164
2016-07-22,8.489999771118164,8.109999656677246,8.25,8.489999771118164,38500.0,6.82100248336792
2016-07-25,8.699999809265137,8.25,8.489999771118164,8.59000015258789,5700.0,6.9013447761535645
2016-07-26,8.699999809265137,8.59000015258789,8.59000015258789,8.6899995803833,15200.0,6.981686115264893
2016-07-27,8.800000190734863,8.510000228881836,8.680000305175781,8.680000305175781,9700.0,6.973652362823486
2016-07-28,8.600000381469727,8.350000381469727,8.520000457763672,8.479999542236328,7800.0,6.8129682540893555
2016-07-29,8.680000305175781,8.5,8.510000228881836,8.680000305175781,16000.0,6.973652362823486
2016-08-01,8.600000381469727,8.460000038146973,8.569999694824219,8.539999961853027,16000.0,6.861175060272217
2016-08-02,8.539999961853027,8.199999809265137,8.460000038146973,8.399999618530273,14700.0,6.748696327209473
2016-08-03,8.449999809265137,8.170000076293945,8.350000381469727,8.449999809265137,38300.0,6.7888665199279785
2016-08-04,8.75,8.300000190734863,8.300000190734863,8.630000114440918,91700.0,6.933481216430664
2016-08-05,8.739999771118164,8.510000228881836,8.630000114440918,8.609999656677246,15200.0,6.917412281036377
2016-08-08,8.699999809265137,8.5,8.680000305175781,8.699999809265137,17300.0,6.989719867706299
2016-08-09,8.949999809265137,8.609999656677246,8.699999809265137,8.880000114440918,33100.0,7.134335517883301
2016-08-10,8.880000114440918,8.800000190734863,8.880000114440918,8.800000190734863,6500.0,7.07006311416626
2016-08-11,9.149999618530273,8.75,8.75,9.149999618530273,36200.0,7.351258277893066
2016-08-12,9.449999809265137,9.149999618530273,9.149999618530273,9.34000015258789,26100.0,7.503906726837158
2016-08-15,9.369999885559082,9.170000076293945,9.199999809265137,9.229999542236328,12500.0,7.415531158447266
2016-08-16,9.5,9.140000343322754,9.229999542236328,9.300000190734863,13300.0,7.471770763397217
2016-08-17,9.3100004196167,9.220000267028809,9.220000267028809,9.220000267028809,1400.0,7.407496452331543
2016-08-18,9.550000190734863,9.229999542236328,9.350000381469727,9.550000190734863,19300.0,7.672623634338379
2016-08-19,9.609999656677246,9.4399995803833,9.4399995803833,9.510000228881836,4700.0,7.640488147735596
2016-08-22,9.399999618530273,9.329999923706055,9.399999618530273,9.359999656677246,3200.0,7.519974231719971
2016-08-23,9.40999984741211,9.229999542236328,9.399999618530273,9.229999542236328,14700.0,7.415531158447266
2016-08-24,9.640000343322754,9.229999542236328,9.229999542236328,9.449999809265137,4000.0,7.592282295227051
2016-08-25,9.489999771118164,9.3100004196167,9.40999984741211,9.489999771118164,10700.0,7.624420642852783
2016-08-26,9.539999961853027,9.40999984741211,9.489999771118164,9.40999984741211,30800.0,7.560144901275635
2016-08-29,9.550000190734863,9.40999984741211,9.539999961853027,9.529999732971191,3100.0,7.656556129455566
2016-08-30,9.350000381469727,9.1899995803833,9.350000381469727,9.34000015258789,14500.0,7.503906726837158
2016-08-31,9.5,8.90999984741211,9.350000381469727,8.90999984741211,12400.0,7.158437728881836
2016-09-01,9.25,8.800000190734863,9.199999809265137,8.899999618530273,9700.0,7.150403022766113
2016-09-02,8.949999809265137,8.800000190734863,8.949999809265137,8.90999984741211,5700.0,7.158437728881836
2016-09-05,9.239999771118164,8.800000190734863,8.899999618530273,9.239999771118164,17300.0,7.423565864562988
2016-09-06,9.40999984741211,8.899999618530273,9.180000305175781,9.300000190734863,22900.0,7.471770763397217
2016-09-08,9.289999961853027,9.0,9.149999618530273,9.289999961853027,13100.0,7.463735580444336
2016-09-09,9.029999732971191,8.819999694824219,9.029999732971191,8.819999694824219,11400.0,7.086130142211914
2016-09-12,9.109999656677246,8.800000190734863,8.819999694824219,9.109999656677246,1700.0,7.319121360778809
2016-09-13,9.279999732971191,8.9399995803833,9.279999732971191,8.9399995803833,800.0,7.182538986206055
2016-09-14,9.270000457763672,8.970000267028809,8.970000267028809,9.199999809265137,1500.0,7.391427993774414
2016-09-15,9.300000190734863,9.100000381469727,9.300000190734863,9.25,7300.0,7.4315996170043945
2016-09-16,9.119999885559082,9.050000190734863,9.119999885559082,9.050000190734863,1000.0,7.270915508270264
2016-09-19,9.069999694824219,9.0,9.020000457763672,9.0,1300.0,7.230745315551758
2016-09-20,9.239999771118164,9.0,9.050000190734863,9.020000457763672,5200.0,7.246814727783203
2016-09-21,9.220000267028809,9.0,9.199999809265137,9.220000267028809,8100.0,7.407496452331543
2016-09-22,9.300000190734863,9.010000228881836,9.220000267028809,9.199999809265137,15500.0,7.391427993774414
2016-09-23,9.199999809265137,9.020000457763672,9.100000381469727,9.149999618530273,2000.0,7.351258277893066
2016-09-26,9.140000343322754,8.960000038146973,9.029999732971191,8.979999542236328,2100.0,7.2146759033203125
2016-09-27,9.210000038146973,8.850000381469727,9.039999961853027,9.0,10300.0,7.230745315551758
2016-09-28,9.34000015258789,9.199999809265137,9.199999809265137,9.3100004196167,12000.0,7.479803562164307
2016-09-29,9.199999809265137,9.15999984741211,9.199999809265137,9.199999809265137,1600.0,7.391427993774414
2016-09-30,9.100000381469727,8.510000228881836,9.100000381469727,8.529999732971191,92900.0,6.853139400482178
2016-10-03,8.989999771118164,8.569999694824219,8.600000381469727,8.989999771118164,42100.0,7.222710609436035
2016-10-04,8.949999809265137,8.699999809265137,8.8100004196167,8.859999656677246,11400.0,7.118267059326172
2016-10-05,9.1899995803833,8.90999984741211,9.09000015258789,9.0600004196167,20000.0,7.27894926071167
2016-10-06,9.050000190734863,8.970000267028809,9.010000228881836,8.970000267028809,23500.0,7.206643104553223
2016-10-07,9.100000381469727,8.84000015258789,8.960000038146973,8.859999656677246,7700.0,7.118267059326172
2016-10-10,8.949999809265137,8.859999656677246,8.859999656677246,8.899999618530273,5000.0,7.150403022766113
2016-10-11,9.039999961853027,8.760000228881836,9.039999961853027,8.8100004196167,8300.0,7.078096389770508
2016-10-13,8.819999694824219,8.800000190734863,8.8100004196167,8.819999694824219,4600.0,7.086130142211914
2016-10-14,9.100000381469727,8.6899995803833,8.84000015258789,8.779999732971191,17000.0,7.053994178771973
2016-10-17,8.970000267028809,8.8100004196167,8.8100004196167,8.930000305175781,7000.0,7.174506187438965
2016-10-18,9.100000381469727,8.829999923706055,8.829999923706055,8.949999809265137,49700.0,7.1905741691589355
2016-10-19,9.0,8.869999885559082,8.920000076293945,8.890000343322754,13200.0,7.142369270324707
2016-10-20,9.100000381469727,8.890000343322754,8.890000343322754,9.100000381469727,4600.0,7.311086654663086
2016-10-21,9.220000267028809,8.850000381469727,9.220000267028809,8.949999809265137,21800.0,7.1905741691589355
2016-10-24,9.100000381469727,8.84000015258789,8.84000015258789,9.100000381469727,5500.0,7.311086654663086
2016-10-25,9.029999732971191,8.899999618530273,8.949999809265137,8.949999809265137,19300.0,7.1905741691589355
2016-10-26,9.130000114440918,8.979999542236328,8.979999542236328,9.010000228881836,10400.0,7.2387800216674805
2016-10-27,9.069999694824219,8.930000305175781,8.960000038146973,8.930000305175781,10300.0,7.174506187438965
2016-10-28,9.0600004196167,8.930000305175781,9.0,9.050000190734863,2300.0,7.270915508270264
2016-10-31,9.239999771118164,9.010000228881836,9.0600004196167,9.180000305175781,17200.0,7.375360488891602
2016-11-01,9.25,9.100000381469727,9.199999809265137,9.1899995803833,17500.0,7.383394241333008
2016-11-03,9.350000381469727,9.0,9.199999809265137,9.350000381469727,12700.0,7.511940956115723
2016-11-04,9.34000015258789,9.199999809265137,9.199999809265137,9.220000267028809,6300.0,7.407496452331543
2016-11-07,9.380000114440918,9.260000228881836,9.329999923706055,9.380000114440918,14100.0,7.536044597625732
2016-11-08,10.25,9.300000190734863,9.300000190734863,10.029999732971191,23800.0,8.058263778686523
2016-11-09,9.949999809265137,9.5,9.5,9.920000076293945,11700.0,7.969886302947998
2016-11-10,9.930000305175781,9.5,9.720000267028809,9.699999809265137,4700.0,7.7931365966796875
2016-11-11,9.899999618530273,9.210000038146973,9.34000015258789,9.789999961853027,8000.0,7.865444660186768
2016-11-14,9.779999732971191,9.0600004196167,9.609999656677246,9.140000343322754,29200.0,7.34322452545166
2016-11-16,9.5,9.180000305175781,9.350000381469727,9.300000190734863,27400.0,7.471770763397217
2016-11-17,9.6899995803833,9.300000190734863,9.34000015258789,9.300000190734863,15300.0,7.471770763397217
2016-11-18,10.0,9.300000190734863,9.300000190734863,9.989999771118164,23400.0,8.02612590789795
2016-11-21,10.1899995803833,9.819999694824219,10.1899995803833,9.819999694824219,12200.0,7.8895463943481445
2016-11-22,10.199999809265137,9.699999809265137,9.699999809265137,10.149999618530273,14700.0,8.15467357635498
2016-11-23,10.550000190734863,9.920000076293945,9.920000076293945,10.319999694824219,9000.0,8.291253089904785
2016-11-24,10.59000015258789,10.220000267028809,10.5,10.220000267028809,5700.0,8.210912704467773
2016-11-25,10.399999618530273,10.0,10.0,10.300000190734863,6200.0,8.275186538696289
2016-11-28,10.300000190734863,10.119999885559082,10.300000190734863,10.199999809265137,4800.0,8.194843292236328
2016-11-29,10.100000381469727,9.899999618530273,10.100000381469727,9.899999618530273,7200.0,7.953819751739502
2016-11-30,10.25,10.0,10.0,10.149999618530273,6100.0,8.15467357635498
2016-12-01,9.8100004196167,9.8100004196167,9.8100004196167,9.8100004196167,4400.0,7.881513595581055
2016-12-02,9.989999771118164,9.550000190734863,9.8100004196167,9.819999694824219,4600.0,7.8895463943481445
2016-12-05,9.90999984741211,9.529999732971191,9.90999984741211,9.529999732971191,15200.0,7.656556129455566
2016-12-06,9.600000381469727,9.010000228881836,9.319999694824219,9.350000381469727,59200.0,7.511940956115723
2016-12-07,9.260000228881836,9.140000343322754,9.220000267028809,9.170000076293945,4600.0,7.367325305938721
2016-12-08,9.220000267028809,9.149999618530273,9.170000076293945,9.220000267028809,2200.0,7.407496452331543
2016-12-09,9.289999961853027,9.210000038146973,9.220000267028809,9.210000038146973,8600.0,7.399463653564453
2016-12-12,9.520000457763672,9.149999618530273,9.300000190734863,9.210000038146973,31000.0,7.399463653564453
2016-12-13,9.210000038146973,9.010000228881836,9.210000038146973,9.079999923706055,30100.0,7.295019149780273
2016-12-14,9.289999961853027,9.020000457763672,9.020000457763672,9.0600004196167,3200.0,7.27894926071167
2016-12-15,9.029999732971191,8.890000343322754,9.029999732971191,8.960000038146973,33600.0,7.198608875274658
2016-12-16,9.399999618530273,8.930000305175781,9.140000343322754,9.34000015258789,18800.0,7.503906726837158
2016-12-19,9.449999809265137,9.149999618530273,9.399999618530273,9.149999618530273,7300.0,7.351258277893066
2016-12-20,9.399999618530273,8.899999618530273,9.199999809265137,9.1899995803833,10000.0,7.383394241333008
2016-12-21,9.449999809265137,9.300000190734863,9.34000015258789,9.4399995803833,16800.0,7.58424711227417
2016-12-22,9.399999618530273,9.199999809265137,9.319999694824219,9.34000015258789,5200.0,7.503906726837158
2016-12-23,9.529999732971191,9.300000190734863,9.300000190734863,9.5,12100.0,7.6324543952941895
2016-12-26,9.779999732971191,9.319999694824219,9.640000343322754,9.380000114440918,5800.0,7.536044597625732
2016-12-27,9.600000381469727,9.390000343322754,9.390000343322754,9.579999923706055,1400.0,7.696726322174072
2016-12-28,10.369999885559082,9.300000190734863,9.569999694824219,9.819999694824219,31200.0,7.8895463943481445
2016-12-29,10.0600004196167,9.300000190734863,9.9399995803833,10.050000190734863,8200.0,8.074331283569336
2017-01-02,10.40999984741211,10.140000343322754,10.359999656677246,10.40999984741211,25100.0,8.36356258392334
2017-01-03,10.930000305175781,10.489999771118164,10.5,10.760000228881836,26000.0,8.644756317138672
2017-01-04,11.0,10.729999542236328,10.8100004196167,10.949999809265137,77000.0,8.797407150268555
2017-01-05,10.460000038146973,9.979999542236328,10.460000038146973,10.149999618530273,44100.0,8.15467357635498
2017-01-06,10.069999694824219,9.600000381469727,10.069999694824219,9.619999885559082,29700.0,8.102145195007324
2017-01-09,9.800000190734863,9.3100004196167,9.800000190734863,9.380000114440918,27300.0,7.9000139236450195
2017-01-10,9.550000190734863,9.329999923706055,9.40999984741211,9.399999618530273,5900.0,7.916856288909912
2017-01-11,9.529999732971191,9.399999618530273,9.449999809265137,9.399999618530273,10200.0,7.916856288909912
2017-01-12,11.34000015258789,9.489999771118164,9.489999771118164,11.149999618530273,92000.0,9.390738487243652
2017-01-13,11.1899995803833,10.739999771118164,10.850000381469727,11.0,21900.0,9.264406204223633
2017-01-16,11.59000015258789,10.8100004196167,10.8100004196167,11.59000015258789,15700.0,9.761317253112793
2017-01-17,11.600000381469727,11.40999984741211,11.4399995803833,11.59000015258789,13500.0,9.761317253112793
2017-01-18,11.59000015258789,11.300000190734863,11.59000015258789,11.489999771118164,12700.0,9.677092552185059
2017-01-19,11.350000381469727,11.020000457763672,11.300000190734863,11.25,6500.0,9.474961280822754
2017-01-20,11.350000381469727,11.0600004196167,11.0600004196167,11.0600004196167,5800.0,9.31494140625
2017-01-23,11.300000190734863,10.850000381469727,11.300000190734863,11.300000190734863,8200.0,9.517073631286621
2017-01-24,11.289999961853027,10.960000038146973,11.289999961853027,10.960000038146973,19600.0,9.230718612670898
2017-01-26,11.510000228881836,10.960000038146973,11.5,10.960000038146973,132300.0,9.230718612670898
2017-01-27,11.140000343322754,10.970000267028809,11.0,11.069999694824219,4200.0,9.323363304138184
2017-01-30,11.210000038146973,10.949999809265137,11.149999618530273,11.0,7100.0,9.264406204223633
2017-01-31,11.3100004196167,10.970000267028809,10.970000267028809,11.149999618530273,14000.0,9.390738487243652
2017-02-01,11.289999961853027,11.0,11.149999618530273,11.0,15400.0,9.264406204223633
2017-02-02,11.170000076293945,11.0,11.170000076293945,11.149999618530273,16700.0,9.390738487243652
2017-02-03,11.4399995803833,11.149999618530273,11.15999984741211,11.40999984741211,22900.0,9.609716415405273
2017-02-06,11.40999984741211,11.119999885559082,11.40999984741211,11.289999961853027,15400.0,9.508651733398438
2017-02-07,11.289999961853027,11.140000343322754,11.25,11.25,3600.0,9.474961280822754
2017-02-08,11.390000343322754,11.100000381469727,11.300000190734863,11.350000381469727,8600.0,9.559183120727539
2017-02-09,11.739999771118164,11.25,11.390000343322754,11.680000305175781,34600.0,9.837117195129395
2017-02-10,12.5,11.680000305175781,11.680000305175781,12.5,36500.0,10.527734756469727
2017-02-13,13.1899995803833,12.199999809265137,12.5,12.899999618530273,19300.0,10.864622116088867
2017-02-14,12.899999618530273,12.5,12.899999618530273,12.5,3000.0,10.527734756469727
2017-02-15,13.149999618530273,12.399999618530273,12.510000228881836,13.050000190734863,8000.0,10.99095630645752
2017-02-16,13.100000381469727,12.8100004196167,13.100000381469727,12.819999694824219,5700.0,10.797246932983398
2017-02-17,12.9399995803833,12.5,12.699999809265137,12.850000381469727,8200.0,10.82251262664795
2017-02-20,12.989999771118164,12.600000381469727,12.600000381469727,12.989999771118164,12100.0,10.940423011779785
2017-02-21,13.199999809265137,12.649999618530273,12.800000190734863,13.149999618530273,18800.0,11.075178146362305
2017-02-22,13.199999809265137,12.899999618530273,12.899999618530273,13.100000381469727,11400.0,11.03306770324707
2017-02-23,13.789999961853027,13.0600004196167,13.180000305175781,13.100000381469727,16700.0,11.03306770324707
2017-02-24,13.149999618530273,12.760000228881836,13.100000381469727,13.149999618530273,16600.0,11.075178146362305
2017-03-01,13.470000267028809,12.880000114440918,13.15999984741211,13.079999923706055,2700.0,11.01622200012207
2017-03-02,13.5,12.75,13.100000381469727,12.8100004196167,15100.0,10.788822174072266
2017-03-03,12.819999694824219,12.6899995803833,12.819999694824219,12.779999732971191,7600.0,10.763556480407715
2017-03-06,13.100000381469727,12.770000457763672,12.989999771118164,12.770000457763672,7600.0,10.755134582519531
2017-03-07,12.989999771118164,12.40999984741211,12.699999809265137,12.40999984741211,26900.0,10.451937675476074
2017-03-08,12.600000381469727,12.119999885559082,12.600000381469727,12.40999984741211,12600.0,10.451937675476074
2017-03-09,12.800000190734863,12.220000267028809,12.449999809265137,12.300000190734863,19000.0,10.359293937683105
2017-03-10,12.619999885559082,12.0,12.319999694824219,12.279999732971191,15000.0,10.342448234558105
2017-03-13,12.649999618530273,12.350000381469727,12.5,12.550000190734863,5500.0,10.569845199584961
2017-03-14,12.649999618530273,12.220000267028809,12.569999694824219,12.25,6600.0,10.317181587219238
2017-03-15,12.4399995803833,12.199999809265137,12.25,12.210000038146973,10800.0,10.283492088317871
2017-03-16,12.34000015258789,12.050000190734863,12.229999542236328,12.069999694824219,28500.0,10.165580749511719
2017-03-17,12.579999923706055,12.119999885559082,12.300000190734863,12.199999809265137,10000.0,10.275070190429688
2017-03-20,12.390000343322754,11.9399995803833,12.119999885559082,12.020000457763672,4900.0,10.1234712600708
2017-03-21,12.199999809265137,11.720000267028809,12.199999809265137,11.930000305175781,15000.0,10.047672271728516
2017-03-22,12.100000381469727,11.800000190734863,11.800000190734863,11.90999984741211,5700.0,10.0308256149292
2017-03-23,12.199999809265137,11.899999618530273,12.100000381469727,12.0,5600.0,10.106626510620117
2017-03-24,12.149999618530273,11.920000076293945,11.9399995803833,12.09000015258789,3600.0,10.182426452636719
2017-03-27,12.069999694824219,11.899999618530273,11.90999984741211,12.069999694824219,7800.0,10.165580749511719
2017-03-28,11.90999984741211,11.399999618530273,11.90999984741211,11.430000305175781,62700.0,9.626561164855957
2017-03-29,11.6899995803833,11.0,11.399999618530273,11.149999618530273,16600.0,9.390738487243652
2017-03-30,11.770000457763672,11.149999618530273,11.149999618530273,11.6899995803833,7800.0,9.845537185668945
2017-03-31,11.699999809265137,11.3100004196167,11.6899995803833,11.680000305175781,5200.0,9.837117195129395
2017-04-03,11.600000381469727,11.270000457763672,11.420000076293945,11.3100004196167,12800.0,9.525496482849121
2017-04-04,11.40999984741211,11.289999961853027,11.350000381469727,11.289999961853027,3200.0,9.508651733398438
2017-04-05,11.5,10.899999618530273,11.5,10.899999618530273,12100.0,9.18018627166748
2017-04-06,10.90999984741211,10.550000190734863,10.899999618530273,10.600000381469727,15900.0,8.927520751953125
2017-04-07,10.850000381469727,10.489999771118164,10.640000343322754,10.800000190734863,7500.0,9.095963478088379
2017-04-10,10.75,10.5,10.5,10.520000457763672,10200.0,8.860142707824707
2017-04-11,10.9399995803833,10.300000190734863,10.890000343322754,10.4399995803833,18700.0,8.792764663696289
2017-04-12,10.600000381469727,10.319999694824219,10.479999542236328,10.319999694824219,7400.0,8.691696166992188
2017-04-13,10.319999694824219,10.300000190734863,10.319999694824219,10.300000190734863,2200.0,8.67485523223877
2017-04-17,10.390000343322754,10.25,10.260000228881836,10.25,10500.0,8.632743835449219
2017-04-18,10.920000076293945,10.260000228881836,10.34000015258789,10.520000457763672,26200.0,8.860142707824707
2017-04-19,10.949999809265137,10.489999771118164,10.9399995803833,10.489999771118164,16000.0,8.83487606048584
2017-04-20,10.739999771118164,10.319999694824219,10.529999732971191,10.390000343322754,14500.0,8.750654220581055
2017-04-24,10.829999923706055,10.25,10.579999923706055,10.5,22600.0,8.843299865722656
2017-04-25,10.800000190734863,10.350000381469727,10.350000381469727,10.649999618530273,11700.0,8.969629287719727
2017-04-26,11.149999618530273,10.609999656677246,11.0,10.800000190734863,27800.0,9.095963478088379
2017-04-27,11.100000381469727,10.800000190734863,11.100000381469727,11.050000190734863,17200.0,9.306516647338867
2017-04-28,11.100000381469727,10.899999618530273,11.029999732971191,11.100000381469727,14700.0,9.348630905151367
2017-05-02,11.489999771118164,11.010000228881836,11.199999809265137,11.220000267028809,17000.0,9.449694633483887
2017-05-03,11.270000457763672,10.899999618530273,11.069999694824219,10.989999771118164,10900.0,9.255986213684082
2017-05-04,11.0,10.8100004196167,10.8100004196167,10.880000114440918,6500.0,9.221841812133789
2017-05-05,11.489999771118164,10.880000114440918,10.880000114440918,11.300000190734863,8200.0,9.57783031463623
2017-05-08,11.300000190734863,11.079999923706055,11.300000190734863,11.199999809265137,4800.0,9.493071556091309
2017-05-09,11.300000190734863,11.020000457763672,11.029999732971191,11.300000190734863,6500.0,9.57783031463623
2017-05-10,11.479999542236328,11.109999656677246,11.199999809265137,11.109999656677246,15400.0,9.416787147521973
2017-05-11,11.289999961853027,11.069999694824219,11.229999542236328,11.199999809265137,10500.0,9.493071556091309
2017-05-12,11.399999618530273,11.0,11.149999618530273,11.399999618530273,38900.0,9.662590980529785
2017-05-15,11.449999809265137,11.100000381469727,11.210000038146973,11.3100004196167,16100.0,9.586307525634766
2017-05-16,11.399999618530273,11.109999656677246,11.34000015258789,11.34000015258789,11600.0,9.611736297607422
2017-05-17,11.300000190734863,11.0600004196167,11.109999656677246,11.100000381469727,9000.0,9.40831184387207
2017-05-18,10.800000190734863,9.800000190734863,10.800000190734863,10.199999809265137,55300.0,8.645476341247559
2017-05-19,10.779999732971191,10.109999656677246,10.109999656677246,10.300000190734863,7100.0,8.730237007141113
2017-05-22,10.489999771118164,9.979999542236328,10.489999771118164,9.979999542236328,13400.0,8.459003448486328
2017-05-23,10.34000015258789,10.010000228881836,10.100000381469727,10.140000343322754,14200.0,8.594618797302246
2017-05-24,10.399999618530273,10.109999656677246,10.109999656677246,10.109999656677246,11200.0,8.569191932678223
2017-05-25,10.300000190734863,10.0,10.149999618530273,10.050000190734863,6900.0,8.518335342407227
2017-05-26,10.359999656677246,10.039999961853027,10.050000190734863,10.199999809265137,10900.0,8.645476341247559
2017-05-29,10.199999809265137,10.199999809265137,10.199999809265137,10.199999809265137,0.0,8.645476341247559
2017-05-30,10.489999771118164,10.100000381469727,10.199999809265137,10.279999732971191,30500.0,8.713284492492676
2017-05-31,10.260000228881836,10.149999618530273,10.25,10.149999618530273,21600.0,8.603094100952148
2017-06-01,10.300000190734863,9.989999771118164,10.100000381469727,9.989999771118164,10300.0,8.467479705810547
2017-06-02,10.100000381469727,9.960000038146973,10.0,9.979999542236328,22700.0,8.459003448486328
2017-06-05,10.140000343322754,9.899999618530273,9.960000038146973,10.140000343322754,7800.0,8.594618797302246
2017-06-06,10.210000038146973,9.979999542236328,10.170000076293945,10.199999809265137,9300.0,8.645476341247559
2017-06-07,10.300000190734863,10.149999618530273,10.300000190734863,10.239999771118164,5500.0,8.679380416870117
2017-06-08,10.319999694824219,10.199999809265137,10.210000038146973,10.199999809265137,13900.0,8.645476341247559
2017-06-09,10.239999771118164,10.119999885559082,10.119999885559082,10.149999618530273,7600.0,8.603094100952148
2017-06-12,10.199999809265137,9.899999618530273,10.149999618530273,10.029999732971191,16500.0,8.501384735107422
2017-06-13,10.199999809265137,9.970000267028809,10.029999732971191,9.970000267028809,17100.0,8.450529098510742
2017-06-14,10.229999542236328,9.970000267028809,10.199999809265137,9.970000267028809,17600.0,8.450529098510742
2017-06-15,9.970000267028809,9.970000267028809,9.970000267028809,9.970000267028809,0.0,8.450529098510742
2017-06-16,10.229999542236328,10.0,10.100000381469727,10.210000038146973,6700.0,8.653952598571777
2017-06-19,10.229999542236328,10.079999923706055,10.210000038146973,10.100000381469727,6000.0,8.560715675354004
2017-06-20,10.140000343322754,10.0,10.079999923706055,10.050000190734863,9700.0,8.518335342407227
2017-06-21,10.109999656677246,10.100000381469727,10.100000381469727,10.100000381469727,4600.0,8.560715675354004
2017-06-22,10.140000343322754,10.020000457763672,10.100000381469727,10.100000381469727,5500.0,8.560715675354004
2017-06-23,10.199999809265137,10.100000381469727,10.100000381469727,10.199999809265137,5300.0,8.645476341247559
2017-06-26,10.220000267028809,10.100000381469727,10.199999809265137,10.199999809265137,5600.0,8.645476341247559
2017-06-27,10.170000076293945,10.0,10.170000076293945,10.0,9000.0,8.475956916809082
2017-06-28,10.0,9.949999809265137,10.0,9.970000267028809,7300.0,8.450529098510742
2017-06-29,9.989999771118164,9.949999809265137,9.970000267028809,9.960000038146973,6700.0,8.442052841186523
2017-06-30,10.199999809265137,9.960000038146973,9.960000038146973,10.079999923706055,6000.0,8.543764114379883
2017-07-03,10.25,10.0,10.199999809265137,10.010000228881836,17000.0,8.484434127807617
2017-07-04,10.1899995803833,10.0,10.149999618530273,10.140000343322754,16400.0,8.594618797302246
2017-07-05,10.300000190734863,10.010000228881836,10.140000343322754,10.25,24800.0,8.687854766845703
2017-07-06,10.180000305175781,10.09000015258789,10.180000305175781,10.100000381469727,1000.0,8.560715675354004
2017-07-07,10.180000305175781,9.989999771118164,10.100000381469727,10.119999885559082,21900.0,8.577668190002441
2017-07-10,10.25,10.010000228881836,10.100000381469727,10.25,10500.0,8.687854766845703
2017-07-11,10.25,10.119999885559082,10.119999885559082,10.220000267028809,5500.0,8.662428855895996
2017-07-12,10.300000190734863,10.1899995803833,10.220000267028809,10.300000190734863,19800.0,8.730237007141113
2017-07-13,10.399999618530273,10.199999809265137,10.199999809265137,10.300000190734863,9000.0,8.730237007141113
2017-07-14,10.420000076293945,10.25,10.420000076293945,10.399999618530273,4400.0,8.814993858337402
2017-07-17,10.399999618530273,10.199999809265137,10.399999618530273,10.390000343322754,2200.0,8.806519508361816
2017-07-18,10.399999618530273,10.220000267028809,10.220000267028809,10.359999656677246,3100.0,8.781088829040527
2017-07-19,10.449999809265137,10.1899995803833,10.399999618530273,10.210000038146973,11100.0,8.653952598571777
2017-07-20,10.34000015258789,10.0600004196167,10.319999694824219,10.079999923706055,15200.0,8.543764114379883
2017-07-21,10.25,10.0600004196167,10.1899995803833,10.149999618530273,12400.0,8.603094100952148
2017-07-24,10.100000381469727,10.0,10.069999694824219,10.100000381469727,6900.0,8.560715675354004
2017-07-25,10.149999618530273,10.0,10.09000015258789,10.149999618530273,15000.0,8.603094100952148
2017-07-26,10.210000038146973,10.039999961853027,10.149999618530273,10.069999694824219,10500.0,8.535287857055664
2017-07-27,10.25,10.010000228881836,10.140000343322754,10.25,12900.0,8.687854766845703
2017-07-28,10.329999923706055,10.0600004196167,10.199999809265137,10.329999923706055,17000.0,8.755663871765137
2017-07-31,10.420000076293945,10.300000190734863,10.34000015258789,10.329999923706055,16600.0,8.755663871765137
2017-08-01,10.5,10.359999656677246,10.359999656677246,10.479999542236328,8000.0,8.88280200958252
2017-08-02,10.699999809265137,10.449999809265137,10.5,10.649999618530273,13700.0,9.026893615722656
2017-08-03,10.65999984741211,10.460000038146973,10.649999618530273,10.5,7900.0,8.958538055419922
2017-08-04,10.699999809265137,10.399999618530273,10.699999809265137,10.5,14100.0,8.958538055419922
2017-08-07,10.6899995803833,10.5,10.5,10.680000305175781,9800.0,9.11211109161377
2017-08-08,10.979999542236328,10.460000038146973,10.460000038146973,10.899999618530273,25900.0,9.29981517791748
2017-08-09,10.880000114440918,10.619999885559082,10.619999885559082,10.880000114440918,2400.0,9.28275203704834
2017-08-10,10.800000190734863,10.550000190734863,10.800000190734863,10.649999618530273,6000.0,9.086515426635742
2017-08-11,10.84000015258789,10.609999656677246,10.649999618530273,10.800000190734863,5900.0,9.214494705200195
2017-08-14,10.880000114440918,10.600000381469727,10.800000190734863,10.680000305175781,14000.0,9.11211109161377
2017-08-15,10.84000015258789,10.550000190734863,10.84000015258789,10.550000190734863,15400.0,9.001198768615723
2017-08-16,10.75,10.550000190734863,10.729999542236328,10.670000076293945,6400.0,9.103578567504883
2017-08-17,10.800000190734863,10.399999618530273,10.579999923706055,10.630000114440918,13800.0,9.069452285766602
2017-08-18,10.630000114440918,10.470000267028809,10.520000457763672,10.630000114440918,4700.0,9.069452285766602
2017-08-21,10.699999809265137,10.579999923706055,10.630000114440918,10.699999809265137,3700.0,9.12917423248291
2017-08-22,10.9399995803833,10.600000381469727,10.699999809265137,10.859999656677246,13800.0,9.265686988830566
2017-08-23,10.960000038146973,10.779999732971191,10.859999656677246,10.850000381469727,16100.0,9.257155418395996
2017-08-24,10.989999771118164,10.8100004196167,10.899999618530273,10.989999771118164,26400.0,9.376603126525879
2017-08-25,11.119999885559082,10.800000190734863,10.90999984741211,11.119999885559082,31700.0,9.487517356872559
2017-08-28,11.1899995803833,11.050000190734863,11.09000015258789,11.109999656677246,87700.0,9.478984832763672
2017-08-29,11.199999809265137,11.020000457763672,11.1899995803833,11.100000381469727,29200.0,9.470454216003418
2017-08-30,11.390000343322754,11.199999809265137,11.199999809265137,11.329999923706055,15900.0,9.666687965393066
2017-08-31,11.399999618530273,11.3100004196167,11.3100004196167,11.380000114440918,14300.0,9.709345817565918
2017-09-01,11.600000381469727,11.359999656677246,11.369999885559082,11.449999809265137,23600.0,9.769071578979492
2017-09-04,11.649999618530273,11.430000305175781,11.460000038146973,11.600000381469727,8400.0,9.897049903869629
2017-09-05,12.010000228881836,11.600000381469727,11.65999984741211,11.619999885559082,21100.0,9.914114952087402
2017-09-06,12.050000190734863,11.649999618530273,11.65999984741211,12.010000228881836,35700.0,10.246859550476074
2017-09-07,12.010000228881836,12.010000228881836,12.010000228881836,12.010000228881836,0.0,10.246859550476074
2017-09-08,12.0,11.770000457763672,11.989999771118164,11.779999732971191,22100.0,10.05062484741211
2017-09-11,12.390000343322754,11.8100004196167,11.8100004196167,12.199999809265137,17600.0,10.408965110778809
2017-09-12,12.489999771118164,12.25,12.25,12.380000114440918,26800.0,10.562541007995605
2017-09-13,12.5,12.319999694824219,12.5,12.399999618530273,10500.0,10.579606056213379
2017-09-14,12.5,11.970000267028809,12.40999984741211,12.130000114440918,21600.0,10.349244117736816
2017-09-15,12.369999885559082,12.100000381469727,12.119999885559082,12.119999885559082,25400.0,10.340709686279297
2017-09-18,13.579999923706055,12.399999618530273,12.399999618530273,13.359999656677246,75600.0,11.398672103881836
2017-09-19,13.539999961853027,13.149999618530273,13.350000381469727,13.199999809265137,10700.0,11.262160301208496
2017-09-20,13.149999618530273,12.850000381469727,13.149999618530273,12.979999542236328,10300.0,11.074458122253418
2017-09-21,13.119999885559082,12.989999771118164,13.100000381469727,13.109999656677246,11200.0,11.185372352600098
2017-09-22,13.25,12.960000038146973,13.109999656677246,13.100000381469727,9500.0,11.17684268951416
2017-09-25,13.220000267028809,12.819999694824219,13.029999732971191,12.819999694824219,11600.0,10.937947273254395
2017-09-26,13.0,12.720000267028809,13.0,12.720000267028809,5600.0,10.852627754211426
2017-09-27,12.649999618530273,12.399999618530273,12.649999618530273,12.449999809265137,4400.0,10.622264862060547
2017-09-28,12.520000457763672,12.199999809265137,12.390000343322754,12.390000343322754,6800.0,10.571072578430176
2017-09-29,12.5,12.229999542236328,12.350000381469727,12.5,6400.0,10.664924621582031
2017-10-02,12.399999618530273,12.300000190734863,12.300000190734863,12.359999656677246,8700.0,10.545476913452148
2017-10-03,12.720000267028809,12.399999618530273,12.399999618530273,12.550000190734863,8600.0,10.7075834274292
2017-10-04,12.890000343322754,12.550000190734863,12.890000343322754,12.649999618530273,9200.0,10.792902946472168
2017-10-05,13.0,12.550000190734863,12.550000190734863,12.65999984741211,19400.0,10.801435470581055
2017-10-06,13.0,12.569999694824219,12.649999618530273,12.989999771118164,10500.0,11.082990646362305
2017-10-09,13.079999923706055,12.800000190734863,13.050000190734863,12.899999618530273,17000.0,11.065790176391602
2017-10-10,13.390000343322754,12.979999542236328,12.979999542236328,13.390000343322754,13000.0,11.486119270324707
2017-10-11,13.489999771118164,12.949999809265137,13.399999618530273,12.989999771118164,10300.0,11.14299488067627
2017-10-12,12.989999771118164,12.989999771118164,12.989999771118164,12.989999771118164,0.0,11.14299488067627
2017-10-13,13.149999618530273,12.710000038146973,13.149999618530273,13.0600004196167,3600.0,11.203042030334473
2017-10-16,13.489999771118164,13.119999885559082,13.229999542236328,13.149999618530273,13700.0,11.280243873596191
2017-10-17,13.350000381469727,12.779999732971191,13.170000076293945,13.199999809265137,9700.0,11.323134422302246
2017-10-18,13.0600004196167,12.869999885559082,13.0,12.979999542236328,7300.0,11.134417533874512
2017-10-19,12.899999618530273,12.84000015258789,12.880000114440918,12.850000381469727,2800.0,11.022900581359863
2017-10-20,13.109999656677246,12.949999809265137,13.0,12.949999809265137,3000.0,11.108681678771973
2017-10-23,12.890000343322754,12.529999732971191,12.850000381469727,12.800000190734863,18600.0,10.980009078979492
2017-10-24,13.180000305175781,12.390000343322754,12.800000190734863,12.859999656677246,17400.0,11.031477928161621
2017-10-25,13.300000190734863,13.0,13.199999809265137,13.100000381469727,25100.0,11.237356185913086
2017-10-26,13.25,12.729999542236328,13.100000381469727,12.770000457763672,20000.0,10.954275131225586
2017-10-27,13.09000015258789,12.699999809265137,12.739999771118164,12.819999694824219,10400.0,10.99716567993164
2017-10-30,12.819999694824219,12.449999809265137,12.819999694824219,12.449999809265137,25000.0,10.67977523803711
2017-10-31,12.449999809265137,12.15999984741211,12.449999809265137,12.300000190734863,18300.0,10.551104545593262
2017-11-01,12.65999984741211,12.199999809265137,12.300000190734863,12.5,4000.0,10.722664833068848
2017-11-02,12.5,12.5,12.5,12.5,0.0,10.722664833068848
2017-11-03,12.779999732971191,12.300000190734863,12.579999923706055,12.699999809265137,20900.0,10.894227981567383
2017-11-06,12.779999732971191,12.449999809265137,12.710000038146973,12.5600004196167,6100.0,10.774134635925293
2017-11-07,12.859999656677246,12.319999694824219,12.699999809265137,12.510000228881836,14000.0,10.731244087219238
2017-11-08,12.920000076293945,12.5600004196167,12.699999809265137,12.869999885559082,11000.0,11.040056228637695
2017-11-09,12.829999923706055,12.5,12.699999809265137,12.59000015258789,4800.0,10.7998685836792
2017-11-10,12.510000228881836,12.460000038146973,12.510000228881836,12.470000267028809,1800.0,10.696930885314941
2017-11-13,12.390000343322754,12.390000343322754,12.390000343322754,12.390000343322754,8700.0,10.62830638885498
2017-11-14,12.420000076293945,12.210000038146973,12.390000343322754,12.210000038146973,8700.0,10.473899841308594
2017-11-15,12.210000038146973,12.210000038146973,12.210000038146973,12.210000038146973,0.0,10.473899841308594
2017-11-16,12.960000038146973,12.420000076293945,12.420000076293945,12.869999885559082,17100.0,11.040056228637695
2017-11-17,12.949999809265137,12.75,12.869999885559082,12.949999809265137,11200.0,11.108681678771973
2017-11-20,12.949999809265137,12.949999809265137,12.949999809265137,12.949999809265137,0.0,11.108681678771973
2017-11-21,13.039999961853027,12.699999809265137,12.949999809265137,12.899999618530273,22400.0,11.065790176391602
2017-11-22,13.350000381469727,12.300000190734863,12.930000305175781,12.8100004196167,25200.0,10.988588333129883
2017-11-23,12.899999618530273,12.5,12.65999984741211,12.859999656677246,12600.0,11.031477928161621
2017-11-24,12.899999618530273,12.699999809265137,12.859999656677246,12.899999618530273,30200.0,11.065790176391602
2017-11-27,12.899999618530273,12.770000457763672,12.899999618530273,12.800000190734863,7600.0,10.980009078979492
2017-11-28,12.899999618530273,12.65999984741211,12.850000381469727,12.739999771118164,19700.0,10.928542137145996
2017-11-29,13.0,12.550000190734863,12.899999618530273,12.59000015258789,13400.0,10.7998685836792
2017-11-30,12.510000228881836,12.210000038146973,12.510000228881836,12.210000038146973,6300.0,10.473899841308594
2017-12-01,12.5,12.210000038146973,12.210000038146973,12.5,68100.0,10.722664833068848
2017-12-04,13.050000190734863,12.5,12.5,13.039999961853027,41700.0,11.185885429382324
2017-12-05,13.300000190734863,12.899999618530273,13.039999961853027,12.899999618530273,22300.0,11.065790176391602
2017-12-06,13.300000190734863,12.84000015258789,12.84000015258789,13.300000190734863,9500.0,11.408916473388672
2017-12-07,13.489999771118164,12.90999984741211,13.100000381469727,13.199999809265137,6600.0,11.323134422302246
2017-12-08,13.5,13.220000267028809,13.470000267028809,13.489999771118164,7500.0,11.571900367736816
2017-12-11,14.0,13.489999771118164,13.5,13.579999923706055,9100.0,11.649104118347168
2017-12-12,13.800000190734863,13.25,13.359999656677246,13.699999809265137,32000.0,11.752042770385742
2017-12-13,14.039999961853027,13.0,13.800000190734863,13.149999618530273,55800.0,11.280243873596191
2017-12-14,13.399999618530273,13.220000267028809,13.300000190734863,13.220000267028809,8100.0,11.340291023254395
2017-12-15,13.75,13.220000267028809,13.40999984741211,13.300000190734863,9000.0,11.408916473388672
2017-12-18,13.449999809265137,13.199999809265137,13.300000190734863,13.199999809265137,4500.0,11.323134422302246
2017-12-19,13.399999618530273,12.899999618530273,13.399999618530273,13.170000076293945,10100.0,11.29740047454834
2017-12-20,13.1899995803833,13.079999923706055,13.1899995803833,13.109999656677246,3700.0,11.245931625366211
2017-12-21,13.550000190734863,12.899999618530273,12.949999809265137,13.470000267028809,24700.0,11.554744720458984
2017-12-22,13.529999732971191,13.199999809265137,13.529999732971191,13.420000076293945,2300.0,11.51185417175293
2017-12-25,13.420000076293945,13.420000076293945,13.420000076293945,13.420000076293945,0.0,11.51185417175293
2017-12-26,13.550000190734863,13.199999809265137,13.550000190734863,13.5,5600.0,11.58047866821289
2017-12-27,13.5,13.390000343322754,13.390000343322754,13.449999809265137,1100.0,11.537588119506836
2017-12-28,13.3100004196167,13.0600004196167,13.109999656677246,13.220000267028809,7000.0,11.340291023254395
2017-12-29,13.220000267028809,13.220000267028809,13.220000267028809,13.220000267028809,0.0,11.340291023254395
2018-01-02,13.890000343322754,13.529999732971191,13.529999732971191,13.760000228881836,27800.0,11.803511619567871
2018-01-03,14.350000381469727,13.890000343322754,13.890000343322754,14.119999885559082,29400.0,12.112322807312012
2018-01-04,14.430000305175781,13.890000343322754,14.180000305175781,14.210000038146973,44900.0,12.189526557922363
2018-01-05,15.199999809265137,14.270000457763672,14.270000457763672,15.199999809265137,115800.0,13.038762092590332
2018-01-08,15.199999809265137,14.130000114440918,14.579999923706055,14.220000267028809,51100.0,12.762551307678223
2018-01-09,14.300000190734863,13.920000076293945,14.149999618530273,14.149999618530273,34700.0,12.699727058410645
2018-01-10,14.3100004196167,14.15999984741211,14.279999732971191,14.270000457763672,6700.0,12.807426452636719
2018-01-11,14.390000343322754,14.170000076293945,14.220000267028809,14.390000343322754,15500.0,12.915127754211426
2018-01-12,14.4399995803833,14.100000381469727,14.380000114440918,14.100000381469727,13900.0,12.654850959777832
2018-01-15,14.600000381469727,14.300000190734863,14.300000190734863,14.5,9600.0,13.013854026794434
2018-01-16,14.600000381469727,14.229999542236328,14.529999732971191,14.25,15700.0,12.789478302001953
2018-01-17,14.359999656677246,14.149999618530273,14.25,14.359999656677246,6000.0,12.888201713562012
2018-01-18,14.300000190734863,14.0,14.220000267028809,14.0,30300.0,12.565098762512207
2018-01-19,14.15999984741211,13.9399995803833,14.119999885559082,14.149999618530273,17400.0,12.699727058410645
2018-01-22,14.350000381469727,14.100000381469727,14.109999656677246,14.350000381469727,6500.0,12.879226684570312
2018-01-23,14.4399995803833,14.279999732971191,14.350000381469727,14.279999732971191,11100.0,12.816401481628418
2018-01-24,14.729999542236328,14.329999923706055,14.399999618530273,14.729999542236328,23400.0,13.220279693603516
2018-01-25,14.729999542236328,14.729999542236328,14.729999542236328,14.729999542236328,0.0,13.220279693603516
2018-01-26,15.5,14.729999542236328,14.729999542236328,15.5,23900.0,13.911359786987305
2018-01-29,15.449999809265137,14.710000038146973,15.449999809265137,15.010000228881836,10600.0,13.47158145904541
2018-01-30,15.34000015258789,14.600000381469727,15.0,15.100000381469727,39600.0,13.552355766296387
2018-01-31,15.75,15.149999618530273,15.5,15.149999618530273,18500.0,13.597232818603516
2018-02-01,15.579999923706055,15.130000114440918,15.180000305175781,15.199999809265137,21500.0,13.642108917236328
2018-02-02,15.449999809265137,15.109999656677246,15.329999923706055,15.300000190734863,16700.0,13.73185920715332
2018-02-05,15.300000190734863,15.0600004196167,15.210000038146973,15.1899995803833,8300.0,13.633133888244629
2018-02-06,15.329999923706055,14.800000190734863,15.1899995803833,15.329999923706055,16200.0,13.758784294128418
2018-02-07,15.390000343322754,15.149999618530273,15.390000343322754,15.15999984741211,13900.0,13.606207847595215
2018-02-08,15.199999809265137,15.010000228881836,15.119999885559082,15.199999809265137,5600.0,13.642108917236328
2018-02-09,15.279999732971191,14.850000381469727,15.1899995803833,15.0,9800.0,13.462605476379395
2018-02-15,15.5,15.3100004196167,15.319999694824219,15.3100004196167,20500.0,13.74083423614502
2018-02-16,15.5,15.149999618530273,15.399999618530273,15.5,23600.0,13.911359786987305
2018-02-19,15.600000381469727,15.300000190734863,15.600000381469727,15.5600004196167,7600.0,13.965211868286133
2018-02-20,15.5600004196167,15.119999885559082,15.5600004196167,15.520000457763672,8700.0,13.929311752319336
2018-02-21,15.920000076293945,15.380000114440918,15.520000457763672,15.699999809265137,16000.0,14.090860366821289
2018-02-22,15.989999771118164,15.710000038146973,15.979999542236328,15.960000038146973,3900.0,14.324213981628418
2018-02-23,16.56999969482422,15.75,15.970000267028809,16.190000534057617,9900.0,14.530640602111816
2018-02-26,16.889999389648438,16.25,16.700000762939453,16.25,10900.0,14.584490776062012
2018-02-27,16.950000762939453,16.15999984741211,16.950000762939453,16.15999984741211,4300.0,14.503713607788086
2018-02-28,16.479999542236328,15.399999618530273,16.479999542236328,15.399999618530273,24800.0,13.821608543395996
2018-03-01,15.699999809265137,15.5,15.600000381469727,15.520000457763672,9200.0,13.929311752319336
2018-03-02,15.520000457763672,15.34000015258789,15.40999984741211,15.5,8800.0,13.911359786987305
2018-03-05,16.0,15.520000457763672,15.520000457763672,15.699999809265137,9100.0,14.090860366821289
2018-03-06,16.100000381469727,15.430000305175781,15.699999809265137,15.430000305175781,9100.0,13.848533630371094
2018-03-07,15.520000457763672,15.390000343322754,15.430000305175781,15.520000457763672,2000.0,13.929311752319336
2018-03-08,15.75,15.449999809265137,15.75,15.529999732971191,1500.0,13.938285827636719
2018-03-09,15.6899995803833,15.529999732971191,15.529999732971191,15.6899995803833,1100.0,14.081886291503906
2018-03-12,16.100000381469727,15.699999809265137,15.699999809265137,16.020000457763672,7900.0,14.37806510925293
2018-03-13,16.149999618530273,15.850000381469727,16.049999237060547,15.899999618530273,2700.0,14.270363807678223
2018-03-14,16.200000762939453,15.800000190734863,16.100000381469727,16.200000762939453,20500.0,14.539616584777832
2018-03-15,16.219999313354492,15.699999809265137,16.0,15.859999656677246,19000.0,14.23446273803711
2018-03-16,16.15999984741211,15.609999656677246,15.979999542236328,15.670000076293945,26500.0,14.063937187194824
2018-03-19,15.699999809265137,15.470000267028809,15.680000305175781,15.680000305175781,9400.0,14.07291316986084
2018-03-20,16.170000076293945,15.5,16.0,16.010000228881836,9600.0,14.36909008026123
2018-03-21,16.100000381469727,15.800000190734863,16.010000228881836,15.859999656677246,10900.0,14.23446273803711
2018-03-22,16.190000534057617,15.649999618530273,15.979999542236328,16.0,8800.0,14.360114097595215
2018-03-23,16.0,15.520000457763672,15.699999809265137,15.699999809265137,13000.0,14.090860366821289
2018-03-26,15.970000267028809,15.760000228881836,15.9399995803833,15.960000038146973,3000.0,14.324213981628418
2018-03-27,16.25,15.8100004196167,15.960000038146973,16.0,9400.0,14.360114097595215
2018-03-28,16.200000762939453,15.960000038146973,16.040000915527344,16.200000762939453,9900.0,14.539616584777832
2018-03-29,16.889999389648438,16.200000762939453,16.200000762939453,16.889999389648438,25700.0,15.158893585205078
2018-04-02,16.979999542236328,16.700000762939453,16.850000381469727,16.979999542236328,13900.0,15.239670753479004
2018-04-03,17.149999618530273,16.809999465942383,16.920000076293945,16.81999969482422,19500.0,15.096071243286133
2018-04-04,16.770000457763672,16.549999237060547,16.670000076293945,16.770000457763672,4600.0,15.051194190979004
2018-04-05,17.5,17.100000381469727,17.100000381469727,17.200000762939453,5000.0,15.43712329864502
2018-04-06,17.0,16.600000381469727,16.989999771118164,16.610000610351562,9000.0,14.980722427368164
2018-04-09,17.200000762939453,16.450000762939453,17.059999465942383,16.5,8100.0,14.881511688232422
2018-04-10,16.709999084472656,15.899999618530273,16.610000610351562,16.100000381469727,14600.0,14.52074909210205
2018-04-11,16.389999389648438,16.1299991607666,16.200000762939453,16.389999389648438,3800.0,14.78230094909668
2018-04-12,16.790000915527344,16.399999618530273,16.399999618530273,16.700000762939453,23900.0,15.061894416809082
2018-04-13,16.709999084472656,16.399999618530273,16.709999084472656,16.479999542236328,16800.0,14.863473892211914
2018-04-16,16.510000228881836,15.800000190734863,16.479999542236328,16.399999618530273,28500.0,14.79132080078125
2018-04-17,16.709999084472656,16.239999771118164,16.299999237060547,16.700000762939453,9200.0,15.061894416809082
2018-04-18,16.850000381469727,16.5,16.5,16.6200008392334,15800.0,14.98974323272705
2018-04-19,16.799999237060547,16.399999618530273,16.510000228881836,16.799999237060547,6000.0,15.15208625793457
2018-04-20,16.809999465942383,16.600000381469727,16.809999465942383,16.610000610351562,2800.0,14.980722427368164
2018-04-23,16.790000915527344,16.530000686645508,16.559999465942383,16.760000228881836,3900.0,15.116009712219238
2018-04-24,17.56999969482422,16.6200008392334,16.959999084472656,17.0,18600.0,15.332465171813965
2018-04-25,17.5,16.5,17.0,16.5,34800.0,14.881511688232422
2018-04-26,16.799999237060547,16.559999465942383,16.799999237060547,16.690000534057617,3600.0,15.052876472473145
2018-04-27,16.979999542236328,16.700000762939453,16.700000762939453,16.799999237060547,3100.0,15.15208625793457
2018-04-30,16.6200008392334,16.489999771118164,16.5,16.530000686645508,8500.0,14.908570289611816
2018-05-02,16.540000915527344,16.200000762939453,16.540000915527344,16.5,9900.0,14.881511688232422
2018-05-03,16.600000381469727,16.25,16.5,16.5,24700.0,14.881511688232422
2018-05-04,16.649999618530273,16.270000457763672,16.309999465942383,16.649999618530273,8500.0,15.016798973083496
2018-05-07,16.700000762939453,16.350000381469727,16.670000076293945,16.350000381469727,3300.0,14.746225357055664
2018-05-08,16.209999084472656,16.010000228881836,16.209999084472656,16.100000381469727,12000.0,14.52074909210205
2018-05-09,16.389999389648438,16.010000228881836,16.110000610351562,16.200000762939453,7600.0,14.610939979553223
2018-05-10,16.690000534057617,16.260000228881836,16.389999389648438,16.579999923706055,10100.0,14.95366382598877
2018-05-11,16.920000076293945,16.43000030517578,16.920000076293945,16.799999237060547,20900.0,15.15208625793457
2018-05-14,16.979999542236328,16.56999969482422,16.889999389648438,16.799999237060547,9500.0,15.15208625793457
2018-05-15,16.649999618530273,16.0,16.540000915527344,16.450000762939453,29100.0,14.836417198181152
2018-05-16,17.0,16.209999084472656,16.209999084472656,16.799999237060547,9800.0,15.15208625793457
2018-05-17,16.899999618530273,16.40999984741211,16.899999618530273,16.40999984741211,4300.0,14.800339698791504
2018-05-18,16.309999465942383,16.0,16.309999465942383,16.010000228881836,32600.0,14.439577102661133
2018-05-21,16.200000762939453,15.649999618530273,16.010000228881836,15.699999809265137,14400.0,14.15998363494873
2018-05-22,16.100000381469727,15.800000190734863,16.0,16.040000915527344,8400.0,14.466633796691895
2018-05-23,16.06999969482422,15.649999618530273,16.040000915527344,15.779999732971191,7600.0,14.232136726379395
2018-05-24,15.699999809265137,15.5,15.699999809265137,15.640000343322754,10800.0,14.105870246887207
2018-05-25,15.739999771118164,15.359999656677246,15.710000038146973,15.4399995803833,2300.0,13.925487518310547
2018-05-28,15.9399995803833,14.800000190734863,15.199999809265137,15.319999694824219,63500.0,13.81725788116455
2018-05-29,15.979999542236328,15.010000228881836,15.399999618530273,15.050000190734863,38100.0,13.573742866516113
2018-05-30,15.600000381469727,15.050000190734863,15.149999618530273,15.600000381469727,3600.0,14.069794654846191
2018-06-01,16.639999389648438,15.4399995803833,16.639999389648438,15.9399995803833,14400.0,14.376441955566406
2018-06-04,16.149999618530273,15.819999694824219,16.139999389648438,15.989999771118164,6000.0,14.421538352966309
2018-06-05,16.459999084472656,15.020000457763672,15.770000457763672,15.029999732971191,36800.0,13.555704116821289
2018-06-06,15.4399995803833,15.020000457763672,15.4399995803833,15.020000457763672,11900.0,13.546686172485352
2018-06-07,15.029999732971191,13.949999809265137,15.029999732971191,14.6899995803833,30000.0,13.249054908752441
2018-06-08,15.470000267028809,14.649999618530273,14.649999618530273,15.199999809265137,12100.0,13.709030151367188
2018-06-11,14.979999542236328,14.75,14.899999618530273,14.760000228881836,6500.0,13.312190055847168
2018-06-12,14.949999809265137,14.649999618530273,14.760000228881836,14.710000038146973,17400.0,13.26709270477295
2018-06-13,14.890000343322754,14.600000381469727,14.800000190734863,14.890000343322754,8900.0,13.429436683654785
2018-06-14,14.899999618530273,14.5,14.899999618530273,14.5,9600.0,13.077692985534668
2018-06-15,14.550000190734863,14.09000015258789,14.399999618530273,14.550000190734863,7900.0,13.122788429260254
2018-06-18,14.550000190734863,13.59000015258789,14.34000015258789,14.489999771118164,7600.0,13.068673133850098
2018-06-19,15.149999618530273,13.710000038146973,13.710000038146973,14.800000190734863,4900.0,13.348265647888184
2018-06-20,15.0,14.699999809265137,14.850000381469727,15.0,3600.0,13.528646469116211
2018-06-21,14.800000190734863,14.479999542236328,14.699999809265137,14.479999542236328,2200.0,13.059654235839844
2018-06-22,14.989999771118164,14.050000190734863,14.800000190734863,14.050000190734863,9000.0,12.671833038330078
2018-06-25,14.270000457763672,13.800000190734863,14.170000076293945,13.800000190734863,5400.0,12.446356773376465
2018-06-26,13.920000076293945,13.5,13.899999618530273,13.649999618530273,19000.0,12.311068534851074
2018-06-27,14.050000190734863,13.770000457763672,13.899999618530273,13.800000190734863,2700.0,12.446356773376465
2018-06-28,13.9399995803833,13.800000190734863,13.800000190734863,13.869999885559082,1100.0,12.509489059448242
2018-06-29,14.050000190734863,13.899999618530273,14.0,13.899999618530273,4000.0,12.536545753479004
2018-07-02,14.399999618530273,13.720000267028809,13.850000381469727,14.0600004196167,4400.0,12.680852890014648
2018-07-03,14.800000190734863,13.710000038146973,14.0600004196167,14.260000228881836,4900.0,12.861235618591309
2018-07-04,14.399999618530273,13.800000190734863,14.399999618530273,14.100000381469727,20000.0,12.71692943572998
2018-07-05,14.050000190734863,13.899999618530273,14.050000190734863,14.0,3400.0,12.702543258666992
2018-07-06,14.050000190734863,13.949999809265137,14.050000190734863,13.960000038146973,2000.0,12.66624927520752
2018-07-10,14.329999923706055,13.90999984741211,14.050000190734863,13.90999984741211,7500.0,12.62088394165039
2018-07-11,14.0,13.90999984741211,13.930000305175781,13.949999809265137,7000.0,12.65717601776123
2018-07-12,14.600000381469727,13.800000190734863,14.09000015258789,14.600000381469727,14800.0,13.24693775177002
2018-07-13,14.75,14.100000381469727,14.600000381469727,14.600000381469727,15700.0,13.24693775177002
2018-07-16,14.800000190734863,14.600000381469727,14.600000381469727,14.600000381469727,3900.0,13.24693775177002
2018-07-17,15.25,14.550000190734863,14.550000190734863,15.210000038146973,14700.0,13.800405502319336
2018-07-18,15.699999809265137,14.649999618530273,15.699999809265137,15.239999771118164,3800.0,13.827625274658203
2018-07-19,15.350000381469727,15.100000381469727,15.100000381469727,15.350000381469727,1900.0,13.9274320602417
2018-07-20,16.479999542236328,15.40999984741211,15.40999984741211,16.030000686645508,21300.0,14.544412612915039
2018-07-23,16.18000030517578,15.399999618530273,16.030000686645508,15.510000228881836,13500.0,14.072604179382324
2018-07-24,16.399999618530273,15.699999809265137,15.699999809265137,15.75,5600.0,14.290360450744629
2018-07-25,16.850000381469727,16.110000610351562,16.200000762939453,16.850000381469727,51200.0,15.288418769836426
2018-07-26,16.75,16.40999984741211,16.700000762939453,16.469999313354492,8700.0,14.943633079528809
2018-07-27,16.84000015258789,15.510000228881836,16.59000015258789,15.670000076293945,26300.0,14.217774391174316
2018-07-30,16.700000762939453,15.65999984741211,15.670000076293945,16.700000762939453,23800.0,15.152318954467773
2018-07-31,17.059999465942383,16.5,16.5,16.799999237060547,15100.0,15.243051528930664
2018-08-01,16.700000762939453,16.5,16.5,16.540000915527344,5200.0,15.007146835327148
2018-08-02,16.690000534057617,16.229999542236328,16.420000076293945,16.510000228881836,13000.0,14.979928016662598
2018-08-03,17.299999237060547,16.40999984741211,16.690000534057617,17.270000457763672,19100.0,15.66949462890625
2018-08-06,17.270000457763672,16.899999618530273,17.270000457763672,17.100000381469727,9900.0,15.515249252319336
2018-08-07,17.0,16.899999618530273,17.0,17.0,12900.0,15.424515724182129
2018-08-08,16.989999771118164,16.600000381469727,16.920000076293945,16.719999313354492,30400.0,15.170465469360352
2018-08-09,16.780000686645508,16.6299991607666,16.719999313354492,16.760000228881836,1100.0,15.20676040649414
2018-08-10,16.790000915527344,15.899999618530273,16.790000915527344,15.899999618530273,7700.0,14.426460266113281
2018-08-13,16.75,16.139999389648438,16.18000030517578,16.549999237060547,8800.0,15.016221046447754
2018-08-14,16.549999237060547,16.200000762939453,16.549999237060547,16.299999237060547,22300.0,14.789387702941895
2018-08-15,16.469999313354492,15.970000267028809,16.25,16.469999313354492,12400.0,14.943633079528809
2018-08-16,16.530000686645508,16.209999084472656,16.469999313354492,16.239999771118164,11300.0,14.73495101928711
2018-08-17,16.0,15.699999809265137,15.90999984741211,15.710000038146973,6600.0,14.254067420959473
2018-08-20,16.200000762939453,15.720000267028809,15.989999771118164,15.930000305175781,2800.0,14.453679084777832
2018-08-21,15.949999809265137,15.5,15.930000305175781,15.729999542236328,8600.0,14.27221393585205
2018-08-22,16.020000457763672,15.680000305175781,15.729999542236328,16.0,5800.0,14.517191886901855
2018-08-23,15.989999771118164,15.600000381469727,15.819999694824219,15.600000381469727,5200.0,14.15426254272461
2018-08-24,16.0,15.5,16.0,15.75,3500.0,14.290360450744629
2018-08-27,15.949999809265137,15.380000114440918,15.529999732971191,15.949999809265137,4700.0,14.47182559967041
2018-08-28,16.059999465942383,15.399999618530273,16.040000915527344,15.479999542236328,8400.0,14.04538345336914
2018-08-29,16.260000228881836,15.65999984741211,15.65999984741211,16.260000228881836,29400.0,14.753096580505371
2018-08-30,16.18000030517578,15.710000038146973,15.90999984741211,15.739999771118164,10500.0,14.281288146972656
2018-08-31,15.899999618530273,15.430000305175781,15.619999885559082,15.800000190734863,3400.0,14.335726737976074
2018-09-03,15.819999694824219,15.449999809265137,15.510000228881836,15.489999771118164,24900.0,14.054455757141113
2018-09-04,15.460000038146973,15.199999809265137,15.460000038146973,15.199999809265137,2300.0,13.791333198547363
2018-09-05,15.279999732971191,15.010000228881836,15.199999809265137,15.279999732971191,4100.0,13.863917350769043
2018-09-06,15.369999885559082,15.069999694824219,15.15999984741211,15.079999923706055,4100.0,13.682454109191895
2018-09-10,15.5,15.109999656677246,15.489999771118164,15.109999656677246,3400.0,13.709673881530762
2018-09-11,15.34000015258789,14.6899995803833,15.050000190734863,14.90999984741211,5600.0,13.528207778930664
2018-09-12,15.399999618530273,15.050000190734863,15.359999656677246,15.359999656677246,3900.0,13.936504364013672
2018-09-13,15.430000305175781,15.050000190734863,15.100000381469727,15.199999809265137,2100.0,13.791333198547363
2018-09-14,15.420000076293945,15.020000457763672,15.210000038146973,15.40999984741211,4300.0,13.981870651245117
2018-09-17,16.0,15.3100004196167,15.4399995803833,15.3100004196167,131300.0,13.891138076782227
2018-09-18,16.399999618530273,15.5,15.770000457763672,15.949999809265137,67100.0,14.47182559967041
2018-09-19,16.6200008392334,15.8100004196167,15.970000267028809,16.299999237060547,25300.0,14.789387702941895
2018-09-20,16.520000457763672,16.0,16.3799991607666,16.010000228881836,4800.0,14.526266098022461
2018-09-21,16.65999984741211,16.0,16.010000228881836,16.510000228881836,15400.0,14.979928016662598
2018-09-24,16.59000015258789,16.100000381469727,16.579999923706055,16.5,3700.0,14.970852851867676
2018-09-25,16.709999084472656,16.100000381469727,16.1299991607666,16.56999969482422,10700.0,15.034366607666016
2018-09-26,16.799999237060547,16.579999923706055,16.780000686645508,16.649999618530273,5900.0,15.106952667236328
2018-09-27,16.770000457763672,16.5,16.770000457763672,16.5,3400.0,14.970852851867676
2018-09-28,16.610000610351562,16.110000610351562,16.610000610351562,16.25,3600.0,14.744024276733398
2018-10-01,16.25,15.970000267028809,16.25,16.110000610351562,3500.0,14.616998672485352
2018-10-02,17.18000030517578,16.40999984741211,16.479999542236328,17.15999984741211,40900.0,15.569687843322754
2018-10-03,18.799999237060547,17.18000030517578,17.18000030517578,18.09000015258789,40300.0,16.413497924804688
2018-10-04,18.31999969482422,17.209999084472656,17.209999084472656,18.309999465942383,16400.0,16.613109588623047
2018-10-05,18.700000762939453,18.110000610351562,18.309999465942383,18.18000030517578,9200.0,16.495161056518555
2018-10-08,19.329999923706055,18.700000762939453,19.200000762939453,19.219999313354492,15200.0,17.519868850708008
2018-10-09,19.299999237060547,19.0,19.0,19.219999313354492,2600.0,17.519868850708008
2018-10-10,19.450000762939453,18.049999237060547,19.399999618530273,18.049999237060547,1800.0,16.4533634185791
2018-10-11,18.6299991607666,18.0,18.06999969482422,18.440000534057617,5800.0,16.808866500854492
2018-10-15,18.799999237060547,18.049999237060547,18.649999618530273,18.520000457763672,8500.0,16.881790161132812
2018-10-16,19.459999084472656,18.40999984741211,18.6200008392334,19.020000457763672,13300.0,17.337560653686523
2018-10-17,20.100000381469727,18.889999389648438,18.889999389648438,19.600000381469727,22400.0,17.86625862121582
2018-10-18,19.84000015258789,19.1200008392334,19.219999313354492,19.15999984741211,24200.0,17.465177536010742
2018-10-19,19.299999237060547,19.100000381469727,19.299999237060547,19.290000915527344,4000.0,17.583677291870117
2018-10-22,20.010000228881836,19.25,19.290000915527344,19.799999237060547,24200.0,18.04856300354004
2018-10-23,20.270000457763672,19.399999618530273,19.799999237060547,20.100000381469727,17500.0,18.3220272064209
2018-10-24,20.09000015258789,19.700000762939453,19.719999313354492,19.760000228881836,10800.0,18.012104034423828
2018-10-25,20.520000457763672,19.520000457763672,19.610000610351562,20.489999771118164,22100.0,18.67753028869629
2018-10-26,20.780000686645508,20.479999542236328,20.479999542236328,20.780000686645508,8700.0,18.941879272460938
2018-10-29,21.709999084472656,21.010000228881836,21.200000762939453,21.010000228881836,11600.0,19.151533126831055
2018-10-30,22.059999465942383,21.459999084472656,21.459999084472656,21.93000030517578,8100.0,19.990150451660156
2018-10-31,22.889999389648438,20.360000610351562,22.3700008392334,20.700000762939453,50500.0,18.868953704833984
2018-11-01,21.40999984741211,19.75,20.889999389648438,20.0,33700.0,18.230873107910156
2018-11-05,20.5,20.030000686645508,20.030000686645508,20.100000381469727,13100.0,18.3220272064209
2018-11-06,20.25,19.790000915527344,20.100000381469727,19.81999969482422,10800.0,18.066797256469727
2018-11-07,20.200000762939453,19.719999313354492,19.81999969482422,19.719999313354492,6400.0,17.97564125061035
2018-11-08,20.170000076293945,19.0,19.889999389648438,19.0,52400.0,17.3193302154541
2018-11-09,19.84000015258789,19.1299991607666,19.290000915527344,19.84000015258789,6900.0,18.085025787353516
2018-11-12,19.959999084472656,19.5,19.84000015258789,19.790000915527344,10100.0,18.039451599121094
2018-11-13,19.670000076293945,18.809999465942383,19.6299991607666,19.670000076293945,12500.0,17.930063247680664
2018-11-14,19.90999984741211,19.110000610351562,19.110000610351562,19.200000762939453,2100.0,17.501638412475586
2018-11-16,20.25,19.799999237060547,19.799999237060547,20.1299991607666,12100.0,18.34937286376953
2018-11-19,20.5,19.799999237060547,20.110000610351562,20.040000915527344,10100.0,18.267335891723633
2018-11-21,20.040000915527344,19.0,19.809999465942383,19.799999237060547,17400.0,18.04856300354004
2018-11-22,20.290000915527344,19.600000381469727,20.190000534057617,19.940000534057617,7100.0,18.17618179321289
2018-11-23,20.190000534057617,19.700000762939453,19.940000534057617,20.0,4100.0,18.230873107910156
2018-11-26,20.079999923706055,19.31999969482422,20.079999923706055,19.31999969482422,8500.0,17.611021041870117
2018-11-27,20.18000030517578,19.31999969482422,19.31999969482422,20.18000030517578,14300.0,18.394948959350586
2018-11-28,20.360000610351562,19.670000076293945,19.670000076293945,20.34000015258789,5200.0,18.54079818725586
2018-11-29,20.540000915527344,20.170000076293945,20.3700008392334,20.5,10400.0,18.686643600463867
2018-11-30,20.889999389648438,20.170000076293945,20.190000534057617,20.610000610351562,9600.0,18.78691291809082
2018-12-03,21.420000076293945,20.510000228881836,20.90999984741211,20.700000762939453,11900.0,18.868953704833984
2018-12-04,21.0,20.469999313354492,20.989999771118164,20.559999465942383,5300.0,18.7413387298584
2018-12-05,21.0,20.34000015258789,20.34000015258789,20.40999984741211,9400.0,18.604604721069336
2018-12-06,20.610000610351562,20.329999923706055,20.34000015258789,20.510000228881836,1000.0,18.69576072692871
2018-12-07,21.68000030517578,20.309999465942383,20.670000076293945,20.700000762939453,10100.0,18.868953704833984
2018-12-10,20.84000015258789,20.0,20.709999084472656,20.15999984741211,5600.0,18.376720428466797
2018-12-11,20.40999984741211,19.799999237060547,20.149999618530273,20.270000457763672,7100.0,18.476993560791016
2018-12-12,20.299999237060547,20.0,20.299999237060547,20.030000686645508,7000.0,18.258222579956055
2018-12-13,20.700000762939453,20.020000457763672,20.059999465942383,20.489999771118164,14200.0,18.67753028869629
2018-12-14,21.079999923706055,20.40999984741211,20.5,20.780000686645508,19500.0,18.941879272460938
2018-12-17,20.920000076293945,20.329999923706055,20.600000381469727,20.440000534057617,7500.0,18.6319522857666
2018-12-18,20.940000534057617,20.5,20.780000686645508,20.889999389648438,17300.0,19.042146682739258
2018-12-19,21.0,20.719999313354492,20.75,20.850000381469727,19700.0,19.005685806274414
2018-12-20,21.040000915527344,20.270000457763672,20.850000381469727,20.389999389648438,19600.0,18.586374282836914
2018-12-21,20.690000534057617,20.309999465942383,20.389999389648438,20.309999465942383,2700.0,18.51344871520996
2018-12-26,20.309999465942383,19.899999618530273,20.309999465942383,20.049999237060547,1800.0,18.276453018188477
2018-12-27,20.299999237060547,19.399999618530273,20.18000030517578,19.399999618530273,5300.0,17.683948516845703
2018-12-28,20.540000915527344,20.219999313354492,20.299999237060547,20.530000686645508,6100.0,18.713991165161133
2019-01-02,22.56999969482422,20.719999313354492,20.850000381469727,21.739999771118164,27000.0,19.81696128845215
2019-01-03,22.170000076293945,21.65999984741211,21.8799991607666,22.170000076293945,22000.0,20.208921432495117
2019-01-04,23.100000381469727,22.100000381469727,22.200000762939453,22.799999237060547,20900.0,20.78319549560547
2019-01-07,23.579999923706055,22.860000610351562,22.860000610351562,23.15999984741211,31100.0,21.111351013183594
2019-01-08,22.889999389648438,22.0,22.600000381469727,22.0,16600.0,20.65468978881836
2019-01-09,22.700000762939453,22.190000534057617,22.459999084472656,22.5,18300.0,21.124114990234375
2019-01-10,22.670000076293945,22.329999923706055,22.530000686645508,22.600000381469727,10900.0,21.218000411987305
2019-01-11,22.770000457763672,22.030000686645508,22.049999237060547,22.510000228881836,8500.0,21.133502960205078
2019-01-14,22.899999618530273,22.5,22.790000915527344,22.860000610351562,10600.0,21.462100982666016
2019-01-15,22.8799991607666,22.329999923706055,22.8799991607666,22.329999923706055,21900.0,20.964509963989258
2019-01-16,23.0,22.34000015258789,22.34000015258789,22.399999618530273,3600.0,21.030229568481445
2019-01-17,22.700000762939453,22.34000015258789,22.5,22.690000534057617,4700.0,21.3024959564209
2019-01-18,23.149999618530273,22.0,22.690000534057617,23.149999618530273,24600.0,21.734365463256836
2019-01-21,22.989999771118164,22.68000030517578,22.68000030517578,22.989999771118164,4600.0,21.584150314331055
2019-01-22,23.299999237060547,22.610000610351562,23.299999237060547,22.8799991607666,8100.0,21.480876922607422
2019-01-23,23.65999984741211,23.270000457763672,23.280000686645508,23.489999771118164,17300.0,22.05357551574707
2019-01-24,23.65999984741211,23.049999237060547,23.280000686645508,23.399999618530273,12400.0,21.969079971313477
2019-01-28,24.09000015258789,23.030000686645508,23.489999771118164,23.969999313354492,13300.0,22.504222869873047
2019-01-29,24.270000457763672,23.649999618530273,24.010000228881836,23.649999618530273,13700.0,22.20379066467285
2019-01-30,24.450000762939453,22.43000030517578,23.809999465942383,23.100000381469727,84300.0,21.687421798706055
2019-01-31,23.5,22.81999969482422,23.200000762939453,23.34000015258789,28100.0,21.912748336791992
2019-02-01,23.739999771118164,23.1299991607666,23.299999237060547,23.690000534057617,16800.0,22.24134635925293
2019-02-04,24.450000762939453,23.170000076293945,23.700000762939453,24.43000030517578,31600.0,22.936094284057617
2019-02-05,24.579999923706055,24.0,24.209999084472656,24.3700008392334,16000.0,22.879764556884766
2019-02-06,24.3700008392334,23.100000381469727,24.3700008392334,23.100000381469727,28000.0,21.687421798706055
2019-02-07,23.200000762939453,22.520000457763672,23.200000762939453,22.670000076293945,15700.0,21.28371810913086
2019-02-08,23.479999542236328,22.5,22.670000076293945,23.469999313354492,49100.0,22.034799575805664
2019-02-11,23.799999237060547,23.200000762939453,23.399999618530273,23.700000762939453,10100.0,22.250734329223633
2019-02-12,24.040000915527344,23.299999237060547,23.299999237060547,23.790000915527344,3700.0,22.33523178100586
2019-02-13,24.139999389648438,23.290000915527344,23.989999771118164,23.299999237060547,12800.0,21.875192642211914
2019-02-14,24.0,23.149999618530273,23.299999237060547,24.0,15700.0,22.532386779785156
2019-02-15,24.200000762939453,23.700000762939453,23.75,23.850000381469727,8800.0,22.39156150817871
2019-02-18,24.010000228881836,23.5,24.010000228881836,23.700000762939453,3800.0,22.250734329223633
2019-02-19,24.43000030517578,23.719999313354492,23.899999618530273,24.149999618530273,17000.0,22.673215866088867
2019-02-20,24.729999542236328,23.700000762939453,24.729999542236328,23.709999084472656,8500.0,22.260122299194336
2019-02-21,24.1200008392334,23.309999465942383,23.780000686645508,23.809999465942383,17400.0,22.354005813598633
2019-02-22,24.09000015258789,23.700000762939453,24.09000015258789,23.709999084472656,6600.0,22.260122299194336
2019-02-25,24.010000228881836,23.219999313354492,23.899999618530273,23.5,18200.0,22.062965393066406
2019-02-26,23.600000381469727,23.200000762939453,23.510000228881836,23.200000762939453,8500.0,21.781309127807617
2019-02-27,23.40999984741211,22.969999313354492,23.3799991607666,22.979999542236328,10200.0,21.57476234436035
2019-02-28,22.979999542236328,22.200000762939453,22.979999542236328,22.229999542236328,16400.0,20.870624542236328
2019-03-01,22.700000762939453,22.020000457763672,22.1299991607666,22.309999465942383,21500.0,20.94573211669922
2019-03-07,22.229999542236328,21.889999389648438,22.200000762939453,22.139999389648438,7800.0,20.7861270904541
2019-03-08,22.329999923706055,21.84000015258789,22.100000381469727,21.950000762939453,13800.0,20.60774803161621
2019-03-11,22.5,21.860000610351562,22.190000534057617,22.450000762939453,10600.0,21.077173233032227
2019-03-12,22.600000381469727,22.09000015258789,22.600000381469727,22.329999923706055,13400.0,20.964509963989258
2019-03-13,23.479999542236328,22.059999465942383,22.059999465942383,23.34000015258789,27300.0,21.912748336791992
2019-03-14,23.450000762939453,22.959999084472656,23.450000762939453,23.059999465942383,14500.0,21.649869918823242
2019-03-15,23.100000381469727,22.84000015258789,23.06999969482422,22.940000534057617,5200.0,21.53721046447754
2019-03-18,23.110000610351562,22.31999969482422,22.940000534057617,22.799999237060547,13300.0,21.40576934814453
2019-03-19,22.979999542236328,22.809999465942383,22.979999542236328,22.829999923706055,8200.0,21.433935165405273
2019-03-20,22.850000381469727,22.450000762939453,22.81999969482422,22.549999237060547,11400.0,21.171058654785156
2019-03-21,22.399999618530273,21.549999237060547,22.399999618530273,21.989999771118164,18400.0,20.645299911499023
2019-03-22,21.899999618530273,21.110000610351562,21.899999618530273,21.3799991607666,15300.0,20.072603225708008
2019-03-25,21.979999542236328,21.31999969482422,21.5,21.610000610351562,12500.0,20.28853988647461
2019-03-26,21.93000030517578,21.6200008392334,21.719999313354492,21.700000762939453,5200.0,20.373037338256836
2019-03-27,21.700000762939453,20.719999313354492,21.700000762939453,20.719999313354492,10300.0,19.452960968017578
2019-03-28,21.989999771118164,20.260000228881836,20.610000610351562,21.540000915527344,19100.0,20.222820281982422
2019-03-29,21.959999084472656,21.549999237060547,21.549999237060547,21.700000762939453,5300.0,20.373037338256836
2019-04-01,22.06999969482422,21.6200008392334,21.6200008392334,22.049999237060547,9200.0,20.70163345336914
2019-04-02,22.450000762939453,21.760000228881836,22.280000686645508,21.989999771118164,30900.0,20.645299911499023
2019-04-03,22.56999969482422,22.0,22.31999969482422,22.010000228881836,36500.0,20.664077758789062
2019-04-04,22.489999771118164,21.899999618530273,21.899999618530273,22.309999465942383,16500.0,20.94573211669922
2019-04-05,22.979999542236328,22.309999465942383,22.309999465942383,22.84000015258789,18000.0,21.443323135375977
2019-04-08,23.15999984741211,22.610000610351562,22.610000610351562,22.84000015258789,33900.0,21.575899124145508
2019-04-09,22.8799991607666,22.149999618530273,22.8799991607666,22.5,9200.0,21.254716873168945
2019-04-10,22.700000762939453,22.450000762939453,22.5,22.450000762939453,6000.0,21.20748519897461
2019-04-11,22.540000915527344,22.149999618530273,22.540000915527344,22.149999618530273,15200.0,20.924087524414062
2019-04-12,22.549999237060547,22.010000228881836,22.010000228881836,22.290000915527344,6400.0,21.05634117126465
2019-04-15,22.739999771118164,21.790000915527344,22.389999389648438,22.5,14100.0,21.254716873168945
2019-04-16,22.899999618530273,22.5,22.5,22.729999542236328,53800.0,21.471986770629883
2019-04-17,22.75,21.920000076293945,22.75,22.299999237060547,12900.0,21.065786361694336
2019-04-18,22.790000915527344,21.920000076293945,22.209999084472656,22.790000915527344,25600.0,21.528667449951172
2019-04-22,22.93000030517578,22.459999084472656,22.6299991607666,22.799999237060547,9200.0,21.53811264038086
2019-04-23,23.440000534057617,22.799999237060547,22.799999237060547,22.969999313354492,16500.0,21.698701858520508
2019-04-24,23.290000915527344,22.350000381469727,22.75,23.290000915527344,7500.0,22.000995635986328
2019-04-25,23.049999237060547,22.350000381469727,22.3700008392334,23.040000915527344,9800.0,21.76483154296875
2019-04-26,23.049999237060547,22.81999969482422,22.81999969482422,22.989999771118164,8300.0,21.71759605407715
2019-04-29,23.0,22.579999923706055,22.989999771118164,22.940000534057617,9000.0,21.670366287231445
2019-04-30,23.200000762939453,22.5,23.0,23.190000534057617,19300.0,21.90652847290039
2019-05-02,23.1200008392334,22.5,23.1200008392334,22.950000762939453,9800.0,21.679811477661133
2019-05-03,22.950000762939453,22.600000381469727,22.950000762939453,22.739999771118164,8900.0,21.481433868408203
2019-05-06,22.399999618530273,22.040000915527344,22.399999618530273,22.1299991607666,14400.0,20.905195236206055
2019-05-07,22.059999465942383,21.639999389648438,22.0,22.0,9500.0,20.78238868713379
2019-05-08,22.799999237060547,22.110000610351562,22.110000610351562,22.690000534057617,8000.0,21.434202194213867
2019-05-09,22.75,22.0,22.75,22.200000762939453,6300.0,20.971323013305664
2019-05-10,22.700000762939453,21.729999542236328,21.75,21.860000610351562,11500.0,20.65013885498047
2019-05-13,21.700000762939453,21.059999465942383,21.700000762939453,21.100000381469727,11600.0,19.932201385498047
2019-05-14,21.5,21.06999969482422,21.309999465942383,21.459999084472656,12400.0,20.27227783203125
2019-05-15,21.389999389648438,20.899999618530273,21.010000228881836,21.149999618530273,13600.0,19.979434967041016
2019-05-16,21.190000534057617,20.729999542236328,21.149999618530273,21.0,3800.0,19.837736129760742
2019-05-17,21.209999084472656,20.8799991607666,21.0,20.8799991607666,4400.0,19.724376678466797
2019-05-20,21.350000381469727,20.59000015258789,20.799999237060547,21.350000381469727,21000.0,20.168365478515625
2019-05-21,22.700000762939453,20.889999389648438,21.459999084472656,22.219999313354492,47900.0,20.99021339416504
2019-05-22,22.31999969482422,21.760000228881836,22.200000762939453,22.110000610351562,5400.0,20.886302947998047
2019-05-23,21.780000686645508,21.309999465942383,21.600000381469727,21.479999542236328,11100.0,20.291170120239258
2019-05-24,21.860000610351562,21.309999465942383,21.860000610351562,21.56999969482422,4900.0,20.37618637084961
2019-05-27,22.09000015258789,21.520000457763672,22.0,21.889999389648438,6600.0,20.678478240966797
2019-05-28,22.43000030517578,21.65999984741211,21.700000762939453,22.350000381469727,11900.0,21.113019943237305
2019-05-29,22.75,22.309999465942383,22.309999465942383,22.5,12400.0,21.254716873168945
2019-05-30,22.940000534057617,22.149999618530273,22.780000686645508,22.799999237060547,18200.0,21.53811264038086
2019-05-31,22.899999618530273,22.010000228881836,22.010000228881836,22.139999389648438,15400.0,20.914640426635742
2019-06-03,22.450000762939453,21.889999389648438,22.209999084472656,22.0,12900.0,20.78238868713379
2019-06-04,22.469999313354492,21.889999389648438,22.450000762939453,21.920000076293945,6600.0,20.706815719604492
2019-06-05,21.989999771118164,20.989999771118164,21.850000381469727,21.790000915527344,29000.0,20.584012985229492
2019-06-06,21.989999771118164,21.329999923706055,21.5,21.6299991607666,9600.0,20.4328670501709
2019-06-07,21.899999618530273,21.510000228881836,21.530000686645508,21.84000015258789,14300.0,20.631244659423828
2019-06-10,21.979999542236328,21.329999923706055,21.979999542236328,21.649999618530273,19300.0,20.451759338378906
2019-06-11,21.8799991607666,21.68000030517578,21.68000030517578,21.809999465942383,5200.0,20.602907180786133
2019-06-12,22.0,21.489999771118164,21.65999984741211,21.760000228881836,14600.0,20.555673599243164
2019-06-13,21.770000457763672,21.40999984741211,21.600000381469727,21.56999969482422,47300.0,20.37618637084961
2019-06-14,21.700000762939453,21.110000610351562,21.68000030517578,21.59000015258789,10500.0,20.395082473754883
2019-06-17,21.59000015258789,21.200000762939453,21.59000015258789,21.360000610351562,3900.0,20.177812576293945
2019-06-18,22.0,21.25,21.399999618530273,22.0,13200.0,20.78238868713379
2019-06-19,22.299999237060547,21.209999084472656,21.809999465942383,22.010000228881836,13900.0,20.79183578491211
2019-06-21,22.780000686645508,22.020000457763672,22.450000762939453,22.450000762939453,15700.0,21.20748519897461
2019-06-24,22.93000030517578,22.549999237060547,22.700000762939453,22.81999969482422,20500.0,21.5570068359375
2019-06-25,22.65999984741211,22.200000762939453,22.5,22.25,6400.0,21.018552780151367
2019-06-26,22.559999465942383,22.270000457763672,22.270000457763672,22.450000762939453,11400.0,21.20748519897461
2019-06-27,22.65999984741211,22.100000381469727,22.59000015258789,22.520000457763672,7200.0,21.273611068725586
2019-06-28,22.809999465942383,22.399999618530273,22.520000457763672,22.700000762939453,13400.0,21.443649291992188
2019-07-01,23.020000457763672,22.530000686645508,22.799999237060547,22.700000762939453,11200.0,21.443649291992188
2019-07-02,22.829999923706055,22.40999984741211,22.809999465942383,22.59000015258789,13600.0,21.339736938476562
2019-07-03,23.040000915527344,22.5,22.600000381469727,23.040000915527344,63200.0,21.76483154296875
2019-07-04,23.56999969482422,23.0,23.09000015258789,23.489999771118164,16500.0,22.189926147460938
2019-07-05,23.700000762939453,23.299999237060547,23.309999465942383,23.399999618530273,11200.0,22.10490608215332
2019-07-08,23.34000015258789,23.049999237060547,23.200000762939453,23.049999237060547,17200.0,21.905712127685547
2019-07-10,23.399999618530273,22.809999465942383,23.059999465942383,22.860000610351562,13300.0,21.725147247314453
2019-07-11,23.040000915527344,22.559999465942383,22.899999618530273,22.81999969482422,31100.0,21.687129974365234
2019-07-12,23.0,22.399999618530273,22.93000030517578,22.459999084472656,9500.0,21.345001220703125
2019-07-15,23.5,22.329999923706055,22.459999084472656,22.6200008392334,18900.0,21.497060775756836
2019-07-16,23.190000534057617,22.5,22.920000076293945,23.149999618530273,18100.0,22.000749588012695
2019-07-17,23.299999237060547,22.799999237060547,23.020000457763672,22.799999237060547,18200.0,21.66812515258789
2019-07-18,23.59000015258789,23.06999969482422,23.06999969482422,23.579999923706055,61200.0,22.40940284729004
2019-07-19,23.850000381469727,22.950000762939453,23.65999984741211,22.959999084472656,12500.0,21.820180892944336
2019-07-22,23.309999465942383,22.719999313354492,22.950000762939453,22.84000015258789,10500.0,21.706138610839844
2019-07-23,23.329999923706055,22.899999618530273,23.219999313354492,22.899999618530273,20300.0,21.763160705566406
2019-07-24,23.059999465942383,22.450000762939453,22.850000381469727,22.5,13900.0,21.38301658630371
2019-07-25,23.0,22.0,22.510000228881836,22.18000030517578,19500.0,21.078903198242188
2019-07-26,22.65999984741211,21.8700008392334,22.059999465942383,22.65999984741211,11600.0,21.53507423400879
2019-07-29,22.540000915527344,22.030000686645508,22.31999969482422,22.540000915527344,4600.0,21.42103385925293
2019-07-30,22.549999237060547,21.6200008392334,22.549999237060547,21.639999389648438,53000.0,20.565711975097656
2019-07-31,21.760000228881836,21.209999084472656,21.760000228881836,21.510000228881836,13100.0,20.442163467407227
2019-08-01,21.75,21.0,21.450000762939453,21.0,46300.0,19.957483291625977
2019-08-02,21.280000686645508,20.81999969482422,20.989999771118164,21.25,12800.0,20.195072174072266
2019-08-05,21.010000228881836,20.530000686645508,21.010000228881836,20.56999969482422,18400.0,19.548830032348633
2019-08-06,21.020000457763672,20.6299991607666,20.760000228881836,20.829999923706055,7400.0,19.795921325683594
2019-08-07,21.559999465942383,20.719999313354492,20.899999618530273,21.31999969482422,33800.0,20.2615966796875
2019-08-08,22.100000381469727,21.31999969482422,21.31999969482422,21.940000534057617,14100.0,20.850818634033203
2019-08-09,22.079999923706055,21.309999465942383,21.8799991607666,21.84000015258789,10800.0,20.755783081054688
2019-08-12,21.799999237060547,21.0,21.799999237060547,21.549999237060547,12800.0,20.480178833007812
2019-08-13,21.700000762939453,21.389999389648438,21.559999465942383,21.600000381469727,9300.0,20.52769660949707
2019-08-14,21.700000762939453,20.5,21.600000381469727,20.950000762939453,40600.0,19.90996551513672
2019-08-15,21.389999389648438,20.700000762939453,21.3799991607666,20.739999771118164,10600.0,19.710390090942383
2019-08-16,21.389999389648438,21.049999237060547,21.25,21.200000762939453,8400.0,20.147554397583008
2019-08-19,21.6299991607666,20.700000762939453,21.6299991607666,20.799999237060547,4500.0,19.767410278320312
2019-08-20,22.110000610351562,20.219999313354492,20.610000610351562,20.399999618530273,51700.0,19.387269973754883
2019-08-21,21.389999389648438,20.25,20.469999313354492,20.25,37100.0,19.244714736938477
2019-08-22,20.700000762939453,20.360000610351562,20.40999984741211,20.360000610351562,28700.0,19.34925651550293
2019-08-23,20.450000762939453,20.020000457763672,20.299999237060547,20.049999237060547,21400.0,19.054643630981445
2019-08-26,20.450000762939453,19.31999969482422,20.15999984741211,19.469999313354492,67100.0,18.503437042236328
2019-08-27,19.989999771118164,19.479999542236328,19.790000915527344,19.770000457763672,9400.0,18.788545608520508
2019-08-28,20.200000762939453,19.610000610351562,19.799999237060547,19.899999618530273,13200.0,18.912090301513672
2019-08-29,20.68000030517578,19.799999237060547,20.3700008392334,20.579999923706055,18200.0,19.558334350585938
2019-08-30,20.8799991607666,20.440000534057617,20.780000686645508,20.549999237060547,5200.0,19.529823303222656
2019-09-02,20.65999984741211,20.299999237060547,20.450000762939453,20.299999237060547,10000.0,19.292232513427734
2019-09-03,20.350000381469727,19.979999542236328,20.15999984741211,19.979999542236328,7700.0,18.98811912536621
2019-09-04,20.360000610351562,20.020000457763672,20.020000457763672,20.219999313354492,14600.0,19.216203689575195
2019-09-05,21.190000534057617,20.010000228881836,20.270000457763672,20.84000015258789,23400.0,19.80542755126953
2019-09-06,21.5,21.149999618530273,21.200000762939453,21.309999465942383,23200.0,20.252092361450195
2019-09-09,21.889999389648438,21.020000457763672,21.5,21.020000457763672,37100.0,19.976490020751953
2019-09-10,21.899999618530273,21.219999313354492,21.31999969482422,21.520000457763672,19700.0,20.451669692993164
2019-09-11,21.8799991607666,21.0,21.8799991607666,21.649999618530273,9500.0,20.575214385986328
2019-09-12,21.649999618530273,21.040000915527344,21.649999618530273,21.190000534057617,23900.0,20.138051986694336
2019-09-13,21.899999618530273,21.360000610351562,21.399999618530273,21.770000457763672,23700.0,20.689258575439453
2019-09-16,21.65999984741211,21.229999542236328,21.389999389648438,21.329999923706055,7400.0,20.271100997924805
2019-09-17,21.6200008392334,21.149999618530273,21.459999084472656,21.559999465942383,3300.0,20.489681243896484
2019-09-18,21.610000610351562,21.329999923706055,21.610000610351562,21.530000686645508,9700.0,20.461172103881836
2019-09-19,21.899999618530273,21.15999984741211,21.540000915527344,21.299999237060547,7600.0,20.242589950561523
2019-09-20,21.690000534057617,21.270000457763672,21.299999237060547,21.489999771118164,7300.0,20.42315673828125
2019-09-23,21.309999465942383,20.950000762939453,21.270000457763672,21.049999237060547,13800.0,20.0049991607666
2019-09-24,21.3799991607666,20.799999237060547,21.290000915527344,21.0,41500.0,19.957483291625977
2019-09-25,21.280000686645508,20.65999984741211,20.8799991607666,21.270000457763672,10800.0,20.214078903198242
2019-09-26,21.5,20.950000762939453,21.280000686645508,21.299999237060547,19000.0,20.242589950561523
2019-09-27,22.139999389648438,21.389999389648438,21.5,21.899999618530273,38700.0,20.812803268432617
2019-09-30,21.889999389648438,21.739999771118164,21.799999237060547,21.799999237060547,2200.0,20.7177677154541
2019-10-01,21.899999618530273,21.530000686645508,21.739999771118164,21.559999465942383,6300.0,20.489681243896484
2019-10-02,21.3700008392334,21.0,21.18000030517578,21.100000381469727,7800.0,20.052518844604492
2019-10-03,21.889999389648438,20.100000381469727,21.1200008392334,21.190000534057617,8400.0,20.138051986694336
2019-10-04,21.530000686645508,21.0,21.190000534057617,21.3700008392334,9500.0,20.309114456176758
2019-10-07,21.68000030517578,21.100000381469727,21.360000610351562,21.1299991607666,9200.0,20.081029891967773
2019-10-08,21.170000076293945,20.780000686645508,21.1200008392334,20.90999984741211,7700.0,19.871952056884766
2019-10-09,22.0,20.959999084472656,20.959999084472656,21.5,21900.0,20.570810317993164
2019-10-10,21.950000762939453,21.350000381469727,21.5,21.8700008392334,13300.0,20.924819946289062
2019-10-11,22.25,21.760000228881836,21.8700008392334,21.969999313354492,57400.0,21.020496368408203
2019-10-14,22.190000534057617,21.940000534057617,21.969999313354492,21.989999771118164,25400.0,21.03963279724121
2019-10-15,22.139999389648438,21.59000015258789,22.1299991607666,21.989999771118164,8300.0,21.03963279724121
2019-10-16,22.0,21.799999237060547,21.950000762939453,22.0,7000.0,21.04920196533203
2019-10-17,22.170000076293945,21.809999465942383,22.0,21.829999923706055,6600.0,20.886547088623047
2019-10-18,21.950000762939453,21.530000686645508,21.719999313354492,21.950000762939453,5700.0,21.001361846923828
2019-10-21,21.979999542236328,21.65999984741211,21.979999542236328,21.899999618530273,2100.0,20.953521728515625
2019-10-22,22.1299991607666,21.850000381469727,21.850000381469727,22.1200008392334,23800.0,21.16401481628418
2019-10-23,22.229999542236328,21.8799991607666,21.989999771118164,22.170000076293945,18300.0,21.211854934692383
2019-10-24,22.5,21.610000610351562,22.219999313354492,21.610000610351562,58000.0,20.676055908203125
2019-10-25,22.0,21.350000381469727,21.610000610351562,21.600000381469727,24000.0,20.666488647460938
2019-10-28,21.549999237060547,21.25,21.350000381469727,21.299999237060547,26600.0,20.379453659057617
2019-10-29,21.850000381469727,20.68000030517578,21.329999923706055,21.100000381469727,34300.0,20.18809700012207
2019-10-30,21.530000686645508,20.65999984741211,21.229999542236328,20.989999771118164,32300.0,20.08285140991211
2019-10-31,20.8799991607666,20.43000030517578,20.8799991607666,20.799999237060547,20300.0,19.90106201171875
2019-11-01,21.0,20.59000015258789,20.899999618530273,20.799999237060547,16600.0,19.90106201171875
2019-11-04,21.139999389648438,20.75,20.989999771118164,20.75,11400.0,19.85322380065918
2019-11-05,20.989999771118164,20.790000915527344,20.979999542236328,20.989999771118164,8700.0,20.08285140991211
2019-11-06,21.18000030517578,21.020000457763672,21.1299991607666,21.100000381469727,4700.0,20.18809700012207
2019-11-07,21.149999618530273,20.899999618530273,21.010000228881836,20.90999984741211,9500.0,20.006309509277344
2019-11-08,20.889999389648438,20.520000457763672,20.829999923706055,20.59000015258789,10200.0,19.700138092041016
2019-11-11,21.0,20.649999618530273,20.709999084472656,20.899999618530273,5200.0,19.996740341186523
2019-11-12,20.93000030517578,20.219999313354492,20.90999984741211,20.559999465942383,6000.0,19.67143440246582
2019-11-13,20.65999984741211,20.190000534057617,20.549999237060547,20.200000762939453,7600.0,19.326993942260742
2019-11-14,20.450000762939453,20.219999313354492,20.229999542236328,20.40999984741211,5300.0,19.527917861938477
2019-11-18,20.979999542236328,20.420000076293945,20.93000030517578,20.459999084472656,4000.0,19.575756072998047
2019-11-19,20.459999084472656,19.59000015258789,20.459999084472656,19.59000015258789,84500.0,18.743356704711914
2019-11-21,19.8799991607666,19.59000015258789,19.799999237060547,19.600000381469727,22700.0,18.7529239654541
2019-11-22,20.110000610351562,19.68000030517578,19.700000762939453,20.079999923706055,22800.0,19.21217918395996
2019-11-25,20.209999084472656,19.969999313354492,20.209999084472656,20.110000610351562,17900.0,19.24088478088379
2019-11-26,20.110000610351562,19.8700008392334,20.110000610351562,19.940000534057617,8600.0,19.078231811523438
2019-11-27,20.0,19.729999542236328,20.0,19.979999542236328,18000.0,19.116500854492188
2019-11-28,20.110000610351562,19.709999084472656,20.079999923706055,19.829999923706055,22600.0,18.972984313964844
2019-11-29,20.049999237060547,19.719999313354492,19.719999313354492,20.049999237060547,12600.0,19.183475494384766
2019-12-02,20.239999771118164,20.0,20.049999237060547,20.06999969482422,8100.0,19.202611923217773
2019-12-03,20.200000762939453,19.889999389648438,20.06999969482422,20.030000686645508,19100.0,19.16434097290039
2019-12-04,20.270000457763672,20.049999237060547,20.049999237060547,20.219999313354492,10600.0,19.346128463745117
2019-12-05,20.5,20.1200008392334,20.350000381469727,20.299999237060547,14500.0,19.422670364379883
2019-12-06,20.479999542236328,20.020000457763672,20.3700008392334,20.059999465942383,16900.0,19.193042755126953
2019-12-09,20.170000076293945,19.979999542236328,20.09000015258789,19.979999542236328,12700.0,19.116500854492188
2019-12-10,20.170000076293945,19.989999771118164,20.040000915527344,20.059999465942383,8900.0,19.193042755126953
2019-12-11,20.290000915527344,19.950000762939453,20.290000915527344,20.0,13400.0,19.135637283325195
2019-12-12,20.25,20.010000228881836,20.25,20.09000015258789,7700.0,19.22174835205078
2019-12-13,20.1200008392334,19.899999618530273,20.0,20.059999465942383,16300.0,19.193042755126953
2019-12-16,20.350000381469727,20.020000457763672,20.059999465942383,20.049999237060547,25500.0,19.183475494384766
2019-12-17,20.1299991607666,19.950000762939453,20.059999465942383,20.059999465942383,38300.0,19.193042755126953
2019-12-18,20.34000015258789,20.0,20.1200008392334,20.15999984741211,35800.0,19.28872299194336
2019-12-19,20.34000015258789,19.93000030517578,20.1299991607666,20.1200008392334,28200.0,19.250452041625977
2019-12-20,20.520000457763672,20.1200008392334,20.1200008392334,20.1299991607666,19500.0,19.26001739501953
2019-12-23,20.329999923706055,20.110000610351562,20.149999618530273,20.299999237060547,31900.0,19.422670364379883
2019-12-26,21.299999237060547,20.479999542236328,20.479999542236328,20.610000610351562,71300.0,19.719274520874023
2019-12-27,21.049999237060547,20.329999923706055,20.610000610351562,20.350000381469727,36000.0,19.470510482788086
2019-12-30,23.559999465942383,22.020000457763672,22.020000457763672,23.530000686645508,305500.0,22.513078689575195
2020-01-02,25.25,23.549999237060547,23.559999465942383,24.700000762939453,276300.0,23.63251304626465
2020-01-03,25.350000381469727,24.350000381469727,24.93000030517578,25.350000381469727,278200.0,24.25442123413086
2020-01-06,23.799999237060547,22.5,23.5,22.899999618530273,141500.0,22.899999618530273
2020-01-07,23.100000381469727,22.520000457763672,22.950000762939453,22.56999969482422,39800.0,22.56999969482422
2020-01-08,22.68000030517578,22.260000228881836,22.639999389648438,22.260000228881836,25600.0,22.260000228881836
2020-01-09,22.75,22.0,22.260000228881836,22.030000686645508,62900.0,22.030000686645508
2020-01-10,22.18000030517578,21.700000762939453,21.81999969482422,21.809999465942383,30800.0,21.809999465942383
2020-01-13,22.239999771118164,21.799999237060547,21.889999389648438,22.0,29000.0,22.0
2020-01-14,22.1200008392334,21.610000610351562,22.0,21.84000015258789,28700.0,21.84000015258789
2020-01-15,21.6299991607666,21.200000762939453,21.600000381469727,21.40999984741211,33400.0,21.40999984741211
2020-01-16,21.350000381469727,21.139999389648438,21.25,21.329999923706055,23400.0,21.329999923706055
2020-01-17,22.020000457763672,21.350000381469727,21.350000381469727,21.93000030517578,26800.0,21.93000030517578
2020-01-20,22.190000534057617,21.540000915527344,21.959999084472656,22.0,14400.0,22.0
2020-01-21,22.0,21.030000686645508,22.0,21.15999984741211,41200.0,21.15999984741211
2020-01-22,21.290000915527344,20.760000228881836,21.06999969482422,21.0,45500.0,21.0
2020-01-23,22.0,20.770000457763672,20.790000915527344,21.540000915527344,41300.0,21.540000915527344
2020-01-24,21.8799991607666,21.059999465942383,21.8799991607666,21.15999984741211,33600.0,21.15999984741211
2020-01-27,21.270000457763672,20.799999237060547,21.059999465942383,21.06999969482422,38400.0,21.06999969482422
2020-01-28,21.360000610351562,20.84000015258789,21.139999389648438,21.079999923706055,22800.0,21.079999923706055
2020-01-29,21.8799991607666,20.459999084472656,21.3799991607666,20.600000381469727,60100.0,20.600000381469727
2020-01-30,21.049999237060547,20.299999237060547,20.600000381469727,21.049999237060547,52300.0,21.049999237060547
2020-01-31,21.049999237060547,20.299999237060547,21.049999237060547,20.5,35500.0,20.5
2020-02-03,20.739999771118164,20.350000381469727,20.510000228881836,20.530000686645508,15500.0,20.530000686645508
2020-02-04,20.770000457763672,19.90999984741211,20.770000457763672,20.670000076293945,24500.0,20.670000076293945
2020-02-05,20.940000534057617,20.469999313354492,20.709999084472656,20.709999084472656,24600.0,20.709999084472656
2020-02-06,21.010000228881836,20.229999542236328,20.75,20.299999237060547,114000.0,20.299999237060547
2020-02-07,20.59000015258789,20.020000457763672,20.299999237060547,20.540000915527344,20800.0,20.540000915527344
2020-02-10,20.81999969482422,20.530000686645508,20.59000015258789,20.729999542236328,22700.0,20.729999542236328
2020-02-11,21.190000534057617,20.510000228881836,20.799999237060547,21.09000015258789,32200.0,21.09000015258789
2020-02-12,20.979999542236328,20.799999237060547,20.84000015258789,20.809999465942383,7200.0,20.809999465942383
2020-02-13,20.709999084472656,20.260000228881836,20.700000762939453,20.360000610351562,23000.0,20.360000610351562
2020-02-14,20.940000534057617,20.010000228881836,20.940000534057617,20.040000915527344,19700.0,20.040000915527344
2020-02-17,20.139999389648438,19.979999542236328,20.020000457763672,19.979999542236328,22000.0,19.979999542236328
2020-02-18,20.030000686645508,19.600000381469727,19.950000762939453,20.0,14800.0,20.0
2020-02-19,20.790000915527344,19.899999618530273,19.899999618530273,20.350000381469727,13000.0,20.350000381469727
2020-02-20,20.360000610351562,20.010000228881836,20.020000457763672,20.260000228881836,5700.0,20.260000228881836
2020-02-21,20.06999969482422,19.90999984741211,20.0,19.93000030517578,20800.0,19.93000030517578
2020-02-27,19.700000762939453,18.850000381469727,19.299999237060547,19.3700008392334,130900.0,19.3700008392334
2020-02-28,20.18000030517578,18.979999542236328,19.3799991607666,19.540000915527344,409800.0,19.540000915527344
2020-03-02,20.15999984741211,19.510000228881836,19.559999465942383,19.93000030517578,57600.0,19.93000030517578
2020-03-03,20.059999465942383,19.479999542236328,19.84000015258789,19.559999465942383,29900.0,19.559999465942383
2020-03-04,19.899999618530273,18.950000762939453,19.899999618530273,19.209999084472656,36500.0,19.209999084472656
2020-03-05,19.299999237060547,18.399999618530273,19.299999237060547,18.399999618530273,41500.0,18.399999618530273
2020-03-06,19.0,17.989999771118164,18.020000457763672,18.100000381469727,74600.0,18.100000381469727
2020-03-09,17.489999771118164,15.800000190734863,15.800000190734863,16.719999313354492,168900.0,16.719999313354492
2020-03-10,17.709999084472656,16.719999313354492,17.489999771118164,17.5,85500.0,17.5
2020-03-11,17.520000457763672,15.5,17.520000457763672,16.5,85500.0,16.5
2020-03-12,15.699999809265137,14.25,15.699999809265137,14.279999732971191,131600.0,14.279999732971191
2020-03-13,16.8799991607666,14.279999732971191,16.8799991607666,15.600000381469727,97600.0,15.600000381469727
2020-03-16,15.300000190734863,13.5,15.300000190734863,13.890000343322754,164700.0,13.890000343322754
2020-03-17,14.920000076293945,13.199999809265137,14.59000015258789,14.420000076293945,81800.0,14.420000076293945
2020-03-18,14.239999771118164,13.020000457763672,13.880000114440918,13.149999618530273,86400.0,13.149999618530273
2020-03-19,13.470000267028809,12.0,13.300000190734863,13.239999771118164,69900.0,13.239999771118164
2020-03-20,14.010000228881836,12.300000190734863,13.3100004196167,12.300000190734863,104000.0,12.300000190734863
2020-03-23,13.350000381469727,12.0,13.350000381469727,12.0,55000.0,12.0
2020-03-24,14.350000381469727,12.420000076293945,12.449999809265137,13.770000457763672,87700.0,13.770000457763672
2020-03-25,15.649999618530273,13.119999885559082,13.899999618530273,14.5,61300.0,14.5
2020-03-26,15.619999885559082,14.5,14.5,15.600000381469727,45600.0,15.600000381469727
2020-03-27,15.289999961853027,14.050000190734863,15.289999961853027,14.199999809265137,138800.0,14.199999809265137
2020-03-30,14.5,13.850000381469727,14.199999809265137,14.399999618530273,71800.0,14.399999618530273
2020-03-31,14.970000267028809,13.770000457763672,14.640000343322754,14.010000228881836,109100.0,14.010000228881836
2020-04-01,13.710000038146973,12.699999809265137,13.710000038146973,12.720000267028809,190900.0,12.720000267028809
2020-04-02,13.5,12.75,13.5,13.15999984741211,61600.0,13.15999984741211
2020-04-03,13.15999984741211,12.199999809265137,12.949999809265137,12.600000381469727,209800.0,12.600000381469727
2020-04-06,13.75,12.729999542236328,12.989999771118164,13.199999809265137,72000.0,13.199999809265137
2020-04-07,14.770000457763672,13.75,13.75,13.989999771118164,124800.0,13.989999771118164
2020-04-08,14.449999809265137,13.960000038146973,14.0,14.149999618530273,36400.0,14.149999618530273
2020-04-09,14.5,13.850000381469727,14.479999542236328,14.079999923706055,69300.0,14.079999923706055
2020-04-13,14.640000343322754,13.600000381469727,14.069999694824219,14.640000343322754,74000.0,14.640000343322754
2020-04-14,15.1899995803833,14.229999542236328,14.630000114440918,14.449999809265137,115000.0,14.449999809265137
2020-04-15,14.4399995803833,13.90999984741211,14.300000190734863,13.949999809265137,160000.0,13.949999809265137
2020-04-16,14.09000015258789,13.350000381469727,13.970000267028809,13.380000114440918,233100.0,13.380000114440918
2020-04-17,13.989999771118164,13.470000267028809,13.800000190734863,13.5,75300.0,13.5
2020-04-20,13.600000381469727,13.199999809265137,13.600000381469727,13.25,141200.0,13.25
2020-04-22,13.369999885559082,13.0,13.260000228881836,13.010000228881836,233300.0,13.010000228881836
2020-04-23,13.449999809265137,12.899999618530273,13.449999809265137,12.930000305175781,248800.0,12.930000305175781
2020-04-24,13.0,12.0,12.979999542236328,12.039999961853027,451300.0,12.039999961853027
2020-04-27,12.890000343322754,12.260000228881836,12.600000381469727,12.399999618530273,90700.0,12.399999618530273
2020-04-28,14.050000190734863,12.869999885559082,12.890000343322754,14.050000190734863,230300.0,14.050000190734863
2020-04-29,14.699999809265137,13.800000190734863,14.100000381469727,14.539999961853027,189400.0,14.539999961853027
2020-04-30,14.449999809265137,13.5,14.449999809265137,14.079999923706055,154000.0,14.079999923706055
